outer_seed,variant,variant_config/use_mask,variant_config/do_posthoc_pruning,variant_config/apply_masks_for_structure,variant_config/leaf_budget_on,metric/monitor_metric,metric/stage1_es_metric,metric/stage1_select_metric,metric/stage2_es_metric,metric/final_batch_size,hp/B_depth_leaf_budget_triple,hp/tau_cdf,hp/lr_feature,hp/lr_thresh,hp/lr_leaf,hp/lr_mask,hp/loss_type,hp/B,hp/D,hp/leaf_budget_K,hp/nominal_leaves,hp/leaf_budget_ratio,hp/hpo_batch_size,hp/final_batch_size,timing/final_fit_time_sec_full_train_from_cfg,timing/epochs_ran,raw/train/loss,raw/train/accuracy,raw/train/balanced_acc,raw/train/mcc,raw/train/aucroc,raw/train/auprc,raw/train/f1_macro,raw/train/ppv,raw/train/npv,raw/train/tn,raw/train/fp,raw/train/fn,raw/train/tp,raw/train/secs,raw/val/loss,raw/val/accuracy,raw/val/balanced_acc,raw/val/mcc,raw/val/aucroc,raw/val/auprc,raw/val/f1_macro,raw/val/ppv,raw/val/npv,raw/val/tn,raw/val/fp,raw/val/fn,raw/val/tp,raw/val/secs,raw/test/loss,raw/test/accuracy,raw/test/balanced_acc,raw/test/mcc,raw/test/aucroc,raw/test/auprc,raw/test/f1_macro,raw/test/ppv,raw/test/npv,raw/test/tn,raw/test/fp,raw/test/fn,raw/test/tp,raw/test/secs,raw/gap_train_test/fn,raw/gap_train_val/fn,raw/gap_val_test/fn,raw/gap_train_test/tn,raw/gap_train_val/tn,raw/gap_val_test/tn,raw/gap_train_test/fp,raw/gap_train_val/fp,raw/gap_val_test/fp,raw/gap_train_test/tp,raw/gap_train_val/tp,raw/gap_val_test/tp,raw/cx/routable_leaves,raw/cx/routable_branches_effective,raw/cx/decision_nodes,raw/cx/passthrough_nodes,raw/cx/arity_2_nodes,raw/cx/arity_3plus_nodes,raw/cx/trainval_pathlen_mean,raw/cx/trainval_pathlen_median,raw/cx/trainval_pathlen_p90,raw/cx/trainval_n,raw/cx/test_pathlen_mean,raw/cx/test_pathlen_median,raw/cx/test_pathlen_p90,raw/cx/test_n,pp/train/loss,pp/train/accuracy,pp/train/balanced_acc,pp/train/mcc,pp/train/aucroc,pp/train/auprc,pp/train/f1_macro,pp/train/ppv,pp/train/npv,pp/train/tn,pp/train/fp,pp/train/fn,pp/train/tp,pp/train/secs,pp/val/loss,pp/val/accuracy,pp/val/balanced_acc,pp/val/mcc,pp/val/aucroc,pp/val/auprc,pp/val/f1_macro,pp/val/ppv,pp/val/npv,pp/val/tn,pp/val/fp,pp/val/fn,pp/val/tp,pp/val/secs,pp/test/loss,pp/test/accuracy,pp/test/balanced_acc,pp/test/mcc,pp/test/aucroc,pp/test/auprc,pp/test/f1_macro,pp/test/ppv,pp/test/npv,pp/test/tn,pp/test/fp,pp/test/fn,pp/test/tp,pp/test/secs,pp/gap_train_test/fn,pp/gap_train_val/fn,pp/gap_val_test/fn,pp/gap_train_test/tn,pp/gap_train_val/tn,pp/gap_val_test/tn,pp/gap_train_test/fp,pp/gap_train_val/fp,pp/gap_val_test/fp,pp/gap_train_test/tp,pp/gap_train_val/tp,pp/gap_val_test/tp,pp/cx/routable_leaves,pp/cx/routable_branches_effective,pp/cx/decision_nodes,pp/cx/passthrough_nodes,pp/cx/arity_2_nodes,pp/cx/arity_3plus_nodes,pp/cx/train_reached_internal_nodes_full_depth,pp/cx/train_allocated_leaves_full_depth,pp/cx/train_active_branches_full_depth,pp/cx/trainhit_decision_nodes_full_depth,pp/cx/trainhit_passthrough_nodes_full_depth,pp/cx/trainhit_branches_effective_full_depth,pp/cx/pp_trainval_redirected_allocated_leaves_full_depth,pp/cx/pp_test_redirected_allocated_leaves_full_depth,pp/cx/trainval_pathlen_mean,pp/cx/trainval_pathlen_median,pp/cx/trainval_pathlen_p90,pp/cx/trainval_n,pp/cx/test_pathlen_mean,pp/cx/test_pathlen_median,pp/cx/test_pathlen_p90,pp/cx/test_n,dataset_folder,dataset_dir,dataset_id,dataset_name,n_samples,n_features,n_num_features,n_cat_features,final/test/balanced_acc,final/test/aucroc,final/test/acc,final/test/f1_macro,final/cx/test_pathlen_decisions_mean,final/cx/routable_leaves,final/cx/decision_nodes,final/cx/routable_branches_effective
0,A_no_mask_no_pp,False,False,False,False,balanced_acc,val_loss,val_loss,val_bacc,512,B4_D4_K64,0.4129317840217077,0.0480056508178277,0.0012968426831742,0.0158179534468179,0.0877359485031796,balanced_bce,4,4,64,256,0.25,256,512,38.38335566222668,,0.4483,0.7898,0.7858,0.5568,0.8647,0.7957,0.7762,0.6761,0.8661,6309,1583,975,3305,0.1253,0.4634,0.7766,0.7734,0.5312,0.8516,0.7826,0.7629,0.657,0.859,1548,426,254,816,0.029,0.4361,0.796,0.7951,0.5732,0.8747,0.808,0.7837,0.6804,0.8762,1968,498,278,1060,0.0366,697.0,721.0,-24.0,4341.0,4761.0,-420.0,1085.0,1157.0,-72.0,2245.0,2489.0,-244.0,125,171,47,16,8,39,3.4637223974763405,4.0,4.0,15216,3.464511041009464,4.0,4.0,3804,,,,,,,,,,,,,,,,,,,,,,,,,,,,,,,,,,,,,,,,,,,,,,,,,,,,,,,,,,,,,,,,,,,,,,,,,,,,,OpenML_1120_MagicTelescope,OpenML_1120_MagicTelescope,1120,MagicTelescope,19020,10,10,0,,,,,,,,
0,B_mask_no_pp,True,False,True,False,balanced_acc,val_loss,val_loss,val_bacc,512,B4_D4_K64,0.4129317840217077,0.0480056508178277,0.0012968426831742,0.0158179534468179,0.0877359485031796,balanced_bce,4,4,64,256,0.25,256,512,40.90902731195092,,0.466,0.7996,0.7835,0.5635,0.8522,0.7746,0.7817,0.7092,0.8509,6612,1280,1159,3121,0.1246,0.4618,0.8101,0.7924,0.584,0.8534,0.7707,0.792,0.7286,0.8547,1682,292,286,784,0.0292,0.4462,0.8181,0.8064,0.6061,0.8666,0.7953,0.8028,0.7297,0.8699,2086,380,312,1026,0.0354,847.0,873.0,-26.0,4526.0,4930.0,-404.0,900.0,988.0,-88.0,2095.0,2337.0,-242.0,61,91,31,6,11,20,3.6376840168243953,4.0,4.0,15216,3.627497371188223,4.0,4.0,3804,,,,,,,,,,,,,,,,,,,,,,,,,,,,,,,,,,,,,,,,,,,,,,,,,,,,,,,,,,,,,,,,,,,,,,,,,,,,,OpenML_1120_MagicTelescope,OpenML_1120_MagicTelescope,1120,MagicTelescope,19020,10,10,0,,,,,,,,
0,C_mask_pp,True,True,True,False,balanced_acc,val_loss,val_loss,val_bacc,512,B4_D4_K64,0.4129317840217077,0.0480056508178277,0.0012968426831742,0.0158179534468179,0.0877359485031796,balanced_bce,4,4,64,256,0.25,256,512,40.86941434070468,,0.466,0.7996,0.7835,0.5635,0.8522,0.7746,0.7817,0.7092,0.8509,6612,1280,1159,3121,0.1147,0.4618,0.8101,0.7924,0.584,0.8534,0.7707,0.792,0.7286,0.8547,1682,292,286,784,0.0302,0.4462,0.8181,0.8064,0.6061,0.8666,0.7953,0.8028,0.7297,0.8699,2086,380,312,1026,0.0378,847.0,873.0,-26.0,4526.0,4930.0,-404.0,900.0,988.0,-88.0,2095.0,2337.0,-242.0,61,91,31,6,11,20,3.6376840168243953,4.0,4.0,15216,3.627497371188223,4.0,4.0,3804,0.466,0.7996,0.7835,0.5635,0.8522,0.7746,0.7817,0.7092,0.8509,6612.0,1280.0,1159.0,3121.0,0.2907,0.4618,0.8101,0.7924,0.584,0.8534,0.7707,0.792,0.7286,0.8547,1682.0,292.0,286.0,784.0,0.0404,0.4462,0.8181,0.8064,0.6061,0.8666,0.7953,0.8028,0.7297,0.8699,2086.0,380.0,312.0,1026.0,0.0544,847.0,873.0,-26.0,4526.0,4930.0,-404.0,900.0,988.0,-88.0,2095.0,2337.0,-242.0,50.0,77.0,28.0,7.0,12.0,16.0,35.0,50.0,84.0,28.0,7.0,77.0,50.0,46.0,3.581361770629883,4.0,4.0,15216.0,3.56782341003418,4.0,4.0,3804.0,OpenML_1120_MagicTelescope,OpenML_1120_MagicTelescope,1120,MagicTelescope,19020,10,10,0,0.8064,0.8666,,0.8028,,50.0,28.0,77.0
0,D_no_mask_pp,False,True,False,False,balanced_acc,val_loss,val_loss,val_bacc,512,B4_D4_K64,0.4129317840217077,0.0480056508178277,0.0012968426831742,0.0158179534468179,0.0877359485031796,balanced_bce,4,4,64,256,0.25,256,512,37.97964284941554,,0.4483,0.7898,0.7858,0.5568,0.8647,0.7957,0.7762,0.6761,0.8661,6309,1583,975,3305,0.113,0.4634,0.7766,0.7734,0.5312,0.8516,0.7826,0.7629,0.657,0.859,1548,426,254,816,0.0278,0.4361,0.796,0.7951,0.5732,0.8747,0.808,0.7837,0.6804,0.8762,1968,498,278,1060,0.0362,697.0,721.0,-24.0,4341.0,4761.0,-420.0,1085.0,1157.0,-72.0,2245.0,2489.0,-244.0,125,171,47,16,8,39,3.4637223974763405,4.0,4.0,15216,3.464511041009464,4.0,4.0,3804,0.4483,0.7898,0.7858,0.5568,0.8647,0.7957,0.7762,0.6761,0.8661,6309.0,1583.0,975.0,3305.0,0.176,0.4634,0.7766,0.7734,0.5312,0.8516,0.7826,0.7629,0.657,0.859,1548.0,426.0,254.0,816.0,0.0412,0.4363,0.796,0.7951,0.5732,0.8747,0.8078,0.7837,0.6804,0.8762,1968.0,498.0,278.0,1060.0,0.0511,697.0,721.0,-24.0,4341.0,4761.0,-420.0,1085.0,1157.0,-72.0,2245.0,2489.0,-244.0,111.0,155.0,45.0,18.0,9.0,36.0,63.0,111.0,173.0,45.0,18.0,155.0,111.0,100.0,3.454127311706543,4.0,4.0,15216.0,3.453995704650879,4.0,4.0,3804.0,OpenML_1120_MagicTelescope,OpenML_1120_MagicTelescope,1120,MagicTelescope,19020,10,10,0,0.7951,0.8747,,0.7837,,111.0,45.0,155.0
1,A_no_mask_no_pp,False,False,False,False,balanced_acc,val_loss,val_loss,val_bacc,512,B4_D4_K24,0.2238051645350471,0.0733168616393995,0.0184851313436387,0.0112450753970496,0.0774541775907041,balanced_bce,4,4,24,256,0.09375,256,512,39.72771245241165,,0.438,0.8115,0.8002,0.5929,0.8708,0.8048,0.796,0.7189,0.8666,6617,1275,1019,3261,0.107,0.4366,0.7983,0.7865,0.565,0.869,0.8085,0.782,0.6996,0.8575,1631,343,271,799,0.027,0.4404,0.8036,0.7904,0.5747,0.8676,0.8014,0.7871,0.7103,0.8583,2059,407,340,998,0.0341,679.0,748.0,-69.0,4558.0,4986.0,-428.0,868.0,932.0,-64.0,2263.0,2462.0,-199.0,84,119,36,3,8,28,3.9261961093585698,4.0,4.0,15216,3.9240273396424814,4.0,4.0,3804,,,,,,,,,,,,,,,,,,,,,,,,,,,,,,,,,,,,,,,,,,,,,,,,,,,,,,,,,,,,,,,,,,,,,,,,,,,,,OpenML_1120_MagicTelescope,OpenML_1120_MagicTelescope,1120,MagicTelescope,19020,10,10,0,,,,,,,,
1,B_mask_no_pp,True,False,True,False,balanced_acc,val_loss,val_loss,val_bacc,512,B4_D4_K24,0.2238051645350471,0.0733168616393995,0.0184851313436387,0.0112450753970496,0.0774541775907041,balanced_bce,4,4,24,256,0.09375,256,512,49.45909260958433,,0.4298,0.8115,0.8058,0.5986,0.8775,0.821,0.798,0.709,0.877,6510,1382,913,3367,0.1166,0.4397,0.8029,0.8001,0.5846,0.8739,0.8164,0.7901,0.6923,0.8771,1598,376,224,846,0.0286,0.4339,0.8068,0.8009,0.5889,0.8749,0.8171,0.7931,0.7028,0.8735,2024,442,293,1045,0.035,620.0,689.0,-69.0,4486.0,4912.0,-426.0,940.0,1006.0,-66.0,2322.0,2521.0,-199.0,86,123,38,10,7,31,3.853115141955836,4.0,4.0,15216,3.854889589905363,4.0,4.0,3804,,,,,,,,,,,,,,,,,,,,,,,,,,,,,,,,,,,,,,,,,,,,,,,,,,,,,,,,,,,,,,,,,,,,,,,,,,,,,OpenML_1120_MagicTelescope,OpenML_1120_MagicTelescope,1120,MagicTelescope,19020,10,10,0,,,,,,,,
1,C_mask_pp,True,True,True,False,balanced_acc,val_loss,val_loss,val_bacc,512,B4_D4_K24,0.2238051645350471,0.0733168616393995,0.0184851313436387,0.0112450753970496,0.0774541775907041,balanced_bce,4,4,24,256,0.09375,256,512,49.66895302385092,,0.4298,0.8115,0.8058,0.5986,0.8775,0.821,0.798,0.709,0.877,6510,1382,913,3367,0.1235,0.4397,0.8029,0.8001,0.5846,0.8739,0.8164,0.7901,0.6923,0.8771,1598,376,224,846,0.0286,0.4339,0.8068,0.8009,0.5889,0.8749,0.8171,0.7931,0.7028,0.8735,2024,442,293,1045,0.0357,620.0,689.0,-69.0,4486.0,4912.0,-426.0,940.0,1006.0,-66.0,2322.0,2521.0,-199.0,86,123,38,10,7,31,3.853115141955836,4.0,4.0,15216,3.854889589905363,4.0,4.0,3804,0.4298,0.8115,0.8058,0.5986,0.8775,0.821,0.798,0.709,0.877,6510.0,1382.0,913.0,3367.0,0.1624,0.4397,0.8029,0.8001,0.5846,0.8739,0.8164,0.7901,0.6923,0.8771,1598.0,376.0,224.0,846.0,0.0416,0.4339,0.8068,0.8009,0.5889,0.8749,0.8171,0.7931,0.7028,0.8735,2024.0,442.0,293.0,1045.0,0.0513,620.0,689.0,-69.0,4486.0,4912.0,-426.0,940.0,1006.0,-66.0,2322.0,2521.0,-199.0,60.0,90.0,31.0,11.0,10.0,21.0,42.0,60.0,101.0,31.0,11.0,90.0,60.0,58.0,3.849829196929932,4.0,4.0,15216.0,3.852260828018189,4.0,4.0,3804.0,OpenML_1120_MagicTelescope,OpenML_1120_MagicTelescope,1120,MagicTelescope,19020,10,10,0,0.8009,0.8749,,0.7931,,60.0,31.0,90.0
1,D_no_mask_pp,False,True,False,False,balanced_acc,val_loss,val_loss,val_bacc,512,B4_D4_K24,0.2238051645350471,0.0733168616393995,0.0184851313436387,0.0112450753970496,0.0774541775907041,balanced_bce,4,4,24,256,0.09375,256,512,39.23679022118449,,0.438,0.8115,0.8002,0.5929,0.8708,0.8048,0.796,0.7189,0.8666,6617,1275,1019,3261,0.1189,0.4366,0.7983,0.7865,0.565,0.869,0.8085,0.782,0.6996,0.8575,1631,343,271,799,0.0281,0.4404,0.8036,0.7904,0.5747,0.8676,0.8014,0.7871,0.7103,0.8583,2059,407,340,998,0.0345,679.0,748.0,-69.0,4558.0,4986.0,-428.0,868.0,932.0,-64.0,2263.0,2462.0,-199.0,84,119,36,3,8,28,3.9261961093585698,4.0,4.0,15216,3.9240273396424814,4.0,4.0,3804,0.438,0.8115,0.8002,0.5929,0.8708,0.8048,0.796,0.7189,0.8666,6617.0,1275.0,1019.0,3261.0,0.1601,0.4366,0.7983,0.7865,0.565,0.869,0.8085,0.782,0.6996,0.8575,1631.0,343.0,271.0,799.0,0.0399,0.4404,0.8036,0.7904,0.5747,0.8676,0.8014,0.7871,0.7103,0.8583,2059.0,407.0,340.0,998.0,0.0509,679.0,748.0,-69.0,4558.0,4986.0,-428.0,868.0,932.0,-64.0,2263.0,2462.0,-199.0,64.0,96.0,33.0,4.0,13.0,20.0,37.0,64.0,100.0,33.0,4.0,96.0,64.0,61.0,3.924224615097046,4.0,4.0,15216.0,3.921398639678955,4.0,4.0,3804.0,OpenML_1120_MagicTelescope,OpenML_1120_MagicTelescope,1120,MagicTelescope,19020,10,10,0,0.7904,0.8676,,0.7871,,64.0,33.0,96.0
2,A_no_mask_no_pp,False,False,False,False,balanced_acc,val_loss,val_loss,val_bacc,512,B4_D4_K48,0.1383802510010631,0.0630581039529476,0.0154791157283805,0.0114560036468989,0.0031031736040474,balanced_bce,4,4,48,256,0.1875,256,512,47.44528317078948,,0.4238,0.8266,0.807,0.6176,0.8763,0.8227,0.8087,0.7599,0.8614,6890,1002,1109,3171,0.116,0.4096,0.8246,0.8059,0.6139,0.8882,0.8398,0.8069,0.7543,0.8618,1715,259,275,795,0.0279,0.4245,0.8257,0.8018,0.613,0.8734,0.8178,0.8061,0.7689,0.8537,2176,290,373,965,0.0344,736.0,834.0,-98.0,4714.0,5175.0,-461.0,712.0,743.0,-31.0,2206.0,2376.0,-170.0,165,227,63,10,8,55,3.842139852786541,4.0,4.0,15216,3.845688748685594,4.0,4.0,3804,,,,,,,,,,,,,,,,,,,,,,,,,,,,,,,,,,,,,,,,,,,,,,,,,,,,,,,,,,,,,,,,,,,,,,,,,,,,,OpenML_1120_MagicTelescope,OpenML_1120_MagicTelescope,1120,MagicTelescope,19020,10,10,0,,,,,,,,
2,B_mask_no_pp,True,False,True,False,balanced_acc,val_loss,val_loss,val_bacc,512,B4_D4_K48,0.1383802510010631,0.0630581039529476,0.0154791157283805,0.0114560036468989,0.0031031736040474,balanced_bce,4,4,48,256,0.1875,256,512,45.059204284101725,,0.4375,0.8119,0.7986,0.5917,0.8665,0.8051,0.7957,0.7229,0.8634,6655,1237,1053,3227,0.1206,0.421,0.819,0.8059,0.6067,0.8779,0.8273,0.8032,0.7336,0.8681,1678,296,255,815,0.0285,0.4348,0.8173,0.8008,0.6003,0.8631,0.8084,0.8001,0.738,0.861,2112,354,341,997,0.0368,712.0,798.0,-86.0,4543.0,4977.0,-434.0,883.0,941.0,-58.0,2230.0,2412.0,-182.0,156,221,66,8,18,48,3.9678627760252367,4.0,4.0,15216,3.9660883280757098,4.0,4.0,3804,,,,,,,,,,,,,,,,,,,,,,,,,,,,,,,,,,,,,,,,,,,,,,,,,,,,,,,,,,,,,,,,,,,,,,,,,,,,,OpenML_1120_MagicTelescope,OpenML_1120_MagicTelescope,1120,MagicTelescope,19020,10,10,0,,,,,,,,
2,C_mask_pp,True,True,True,False,balanced_acc,val_loss,val_loss,val_bacc,512,B4_D4_K48,0.1383802510010631,0.0630581039529476,0.0154791157283805,0.0114560036468989,0.0031031736040474,balanced_bce,4,4,48,256,0.1875,256,512,44.93187450245023,,0.4375,0.8119,0.7986,0.5917,0.8665,0.8051,0.7957,0.7229,0.8634,6655,1237,1053,3227,0.119,0.421,0.819,0.8059,0.6067,0.8779,0.8273,0.8032,0.7336,0.8681,1678,296,255,815,0.0293,0.4348,0.8173,0.8008,0.6003,0.8631,0.8084,0.8001,0.738,0.861,2112,354,341,997,0.036,712.0,798.0,-86.0,4543.0,4977.0,-434.0,883.0,941.0,-58.0,2230.0,2412.0,-182.0,156,221,66,8,18,48,3.9678627760252367,4.0,4.0,15216,3.9660883280757098,4.0,4.0,3804,0.4375,0.8119,0.7986,0.5917,0.8665,0.8051,0.7957,0.7229,0.8634,6655.0,1237.0,1053.0,3227.0,0.1649,0.421,0.819,0.8059,0.6067,0.8779,0.8273,0.8032,0.7336,0.8681,1678.0,296.0,255.0,815.0,0.0422,0.4351,0.817,0.8004,0.5996,0.8629,0.8081,0.7998,0.7378,0.8606,2112.0,354.0,342.0,996.0,0.1853,711.0,798.0,-87.0,4543.0,4977.0,-434.0,883.0,941.0,-58.0,2231.0,2412.0,-181.0,103.0,154.0,52.0,15.0,22.0,30.0,67.0,103.0,169.0,52.0,15.0,154.0,103.0,90.0,3.7613039016723633,4.0,4.0,15216.0,3.7597265243530273,4.0,4.0,3804.0,OpenML_1120_MagicTelescope,OpenML_1120_MagicTelescope,1120,MagicTelescope,19020,10,10,0,0.8004,0.8629,,0.7998,,103.0,52.0,154.0
2,D_no_mask_pp,False,True,False,False,balanced_acc,val_loss,val_loss,val_bacc,512,B4_D4_K48,0.1383802510010631,0.0630581039529476,0.0154791157283805,0.0114560036468989,0.0031031736040474,balanced_bce,4,4,48,256,0.1875,256,512,47.65072266757488,,0.4238,0.8266,0.807,0.6176,0.8763,0.8227,0.8087,0.7599,0.8614,6890,1002,1109,3171,0.1174,0.4096,0.8246,0.8059,0.6139,0.8882,0.8398,0.8069,0.7543,0.8618,1715,259,275,795,0.0278,0.4245,0.8257,0.8018,0.613,0.8734,0.8178,0.8061,0.7689,0.8537,2176,290,373,965,0.0359,736.0,834.0,-98.0,4714.0,5175.0,-461.0,712.0,743.0,-31.0,2206.0,2376.0,-170.0,165,227,63,10,8,55,3.842139852786541,4.0,4.0,15216,3.845688748685594,4.0,4.0,3804,0.4238,0.8266,0.807,0.6176,0.8763,0.8227,0.8087,0.7599,0.8614,6890.0,1002.0,1109.0,3171.0,0.1602,0.4096,0.8246,0.8059,0.6139,0.8882,0.8398,0.8069,0.7543,0.8618,1715.0,259.0,275.0,795.0,0.0395,0.4245,0.8257,0.8018,0.613,0.8734,0.8178,0.8061,0.7689,0.8537,2176.0,290.0,373.0,965.0,0.0491,736.0,834.0,-98.0,4714.0,5175.0,-461.0,712.0,743.0,-31.0,2206.0,2376.0,-170.0,115.0,168.0,54.0,11.0,17.0,37.0,65.0,115.0,179.0,54.0,11.0,168.0,115.0,105.0,3.818349123001098,4.0,4.0,15216.0,3.8238697052001953,4.0,4.0,3804.0,OpenML_1120_MagicTelescope,OpenML_1120_MagicTelescope,1120,MagicTelescope,19020,10,10,0,0.8018,0.8734,,0.8061,,115.0,54.0,168.0
3,A_no_mask_no_pp,False,False,False,False,balanced_acc,val_loss,val_loss,val_bacc,512,B3_D4_K12,0.3145791992486745,0.0969391779578834,0.0068913008594668,0.0361759290808792,0.0013504644609779,balanced_bce,3,4,12,81,0.1481481481481481,256,512,34.15590326860547,,0.4527,0.8079,0.7955,0.5843,0.8623,0.7743,0.7918,0.7154,0.8623,6609,1283,1055,3225,0.1117,0.4492,0.8114,0.8033,0.5959,0.8692,0.7789,0.7971,0.7131,0.8723,1640,334,240,830,0.0275,0.4526,0.8073,0.7965,0.5847,0.8641,0.7752,0.7918,0.7117,0.8648,2054,412,321,1017,0.0324,734.0,815.0,-81.0,4555.0,4969.0,-414.0,871.0,949.0,-78.0,2208.0,2395.0,-187.0,47,70,24,5,2,22,3.5945057833859098,4.0,4.0,15216,3.5856992639327023,4.0,4.0,3804,,,,,,,,,,,,,,,,,,,,,,,,,,,,,,,,,,,,,,,,,,,,,,,,,,,,,,,,,,,,,,,,,,,,,,,,,,,,,OpenML_1120_MagicTelescope,OpenML_1120_MagicTelescope,1120,MagicTelescope,19020,10,10,0,,,,,,,,
3,B_mask_no_pp,True,False,True,False,balanced_acc,val_loss,val_loss,val_bacc,512,B3_D4_K12,0.3145791992486745,0.0969391779578834,0.0068913008594668,0.0361759290808792,0.0013504644609779,balanced_bce,3,4,12,81,0.1481481481481481,256,512,34.52937727048993,,0.448,0.81,0.7943,0.5856,0.8673,0.7899,0.7927,0.7245,0.858,6685,1207,1106,3174,0.1373,0.4398,0.8206,0.8058,0.6087,0.8764,0.7995,0.8043,0.7395,0.8662,1689,285,261,809,0.0284,0.4348,0.8141,0.7996,0.5953,0.8756,0.8066,0.7976,0.7291,0.8624,2093,373,334,1004,0.037,772.0,845.0,-73.0,4592.0,4996.0,-404.0,834.0,922.0,-88.0,2170.0,2365.0,-195.0,62,93,32,4,3,29,3.865864879074658,4.0,4.0,15216,3.866982124079916,4.0,4.0,3804,,,,,,,,,,,,,,,,,,,,,,,,,,,,,,,,,,,,,,,,,,,,,,,,,,,,,,,,,,,,,,,,,,,,,,,,,,,,,OpenML_1120_MagicTelescope,OpenML_1120_MagicTelescope,1120,MagicTelescope,19020,10,10,0,,,,,,,,
3,C_mask_pp,True,True,True,False,balanced_acc,val_loss,val_loss,val_bacc,512,B3_D4_K12,0.3145791992486745,0.0969391779578834,0.0068913008594668,0.0361759290808792,0.0013504644609779,balanced_bce,3,4,12,81,0.1481481481481481,256,512,36.27255984768272,,0.448,0.81,0.7943,0.5856,0.8673,0.7899,0.7927,0.7245,0.858,6685,1207,1106,3174,0.1202,0.4398,0.8206,0.8058,0.6087,0.8764,0.7995,0.8043,0.7395,0.8662,1689,285,261,809,0.0303,0.4348,0.8141,0.7996,0.5953,0.8756,0.8066,0.7976,0.7291,0.8624,2093,373,334,1004,0.0347,772.0,845.0,-73.0,4592.0,4996.0,-404.0,834.0,922.0,-88.0,2170.0,2365.0,-195.0,62,93,32,4,3,29,3.865864879074658,4.0,4.0,15216,3.866982124079916,4.0,4.0,3804,0.448,0.81,0.7943,0.5856,0.8673,0.7899,0.7927,0.7245,0.858,6685.0,1207.0,1106.0,3174.0,0.1613,0.4398,0.8206,0.8058,0.6087,0.8764,0.7995,0.8043,0.7395,0.8662,1689.0,285.0,261.0,809.0,0.0406,0.4348,0.8141,0.7996,0.5953,0.8756,0.8066,0.7976,0.7291,0.8624,2093.0,373.0,334.0,1004.0,0.054,772.0,845.0,-73.0,4592.0,4996.0,-404.0,834.0,922.0,-88.0,2170.0,2365.0,-195.0,48.0,73.0,26.0,6.0,5.0,21.0,32.0,48.0,79.0,26.0,6.0,73.0,48.0,46.0,3.861067295074463,4.0,4.0,15216.0,3.8638274669647217,4.0,4.0,3804.0,OpenML_1120_MagicTelescope,OpenML_1120_MagicTelescope,1120,MagicTelescope,19020,10,10,0,0.7996,0.8756,,0.7976,,48.0,26.0,73.0
3,D_no_mask_pp,False,True,False,False,balanced_acc,val_loss,val_loss,val_bacc,512,B3_D4_K12,0.3145791992486745,0.0969391779578834,0.0068913008594668,0.0361759290808792,0.0013504644609779,balanced_bce,3,4,12,81,0.1481481481481481,256,512,33.95514661073685,,0.4527,0.8079,0.7955,0.5843,0.8623,0.7743,0.7918,0.7154,0.8623,6609,1283,1055,3225,0.1175,0.4492,0.8114,0.8033,0.5959,0.8692,0.7789,0.7971,0.7131,0.8723,1640,334,240,830,0.0279,0.4526,0.8073,0.7965,0.5847,0.8641,0.7752,0.7918,0.7117,0.8648,2054,412,321,1017,0.0346,734.0,815.0,-81.0,4555.0,4969.0,-414.0,871.0,949.0,-78.0,2208.0,2395.0,-187.0,47,70,24,5,2,22,3.5945057833859098,4.0,4.0,15216,3.5856992639327023,4.0,4.0,3804,0.4527,0.8079,0.7955,0.5843,0.8623,0.7743,0.7918,0.7154,0.8623,6609.0,1283.0,1055.0,3225.0,0.1607,0.4492,0.8114,0.8033,0.5959,0.8692,0.7789,0.7971,0.7131,0.8723,1640.0,334.0,240.0,830.0,0.0411,0.4526,0.8073,0.7965,0.5847,0.8641,0.7752,0.7918,0.7117,0.8648,2054.0,412.0,321.0,1017.0,0.0506,734.0,815.0,-81.0,4555.0,4969.0,-414.0,871.0,949.0,-78.0,2208.0,2395.0,-187.0,39.0,59.0,21.0,6.0,4.0,17.0,27.0,39.0,65.0,21.0,6.0,59.0,39.0,36.0,3.594242811203003,4.0,4.0,15216.0,3.585699319839477,4.0,4.0,3804.0,OpenML_1120_MagicTelescope,OpenML_1120_MagicTelescope,1120,MagicTelescope,19020,10,10,0,0.7965,0.8641,,0.7918,,39.0,21.0,59.0
4,A_no_mask_no_pp,False,False,False,False,balanced_acc,val_loss,val_loss,val_bacc,512,B4_D4_K32,0.126863669645997,0.052433329844483,0.0075677361942648,0.0094298499620679,0.010417561908628,balanced_bce,4,4,32,256,0.125,256,512,47.720883656293154,,0.4437,0.8184,0.8061,0.6062,0.8756,0.8082,0.8028,0.7311,0.8691,6688,1204,1007,3273,0.127,0.4533,0.8078,0.7951,0.5838,0.8722,0.8013,0.7916,0.7156,0.8619,1654,320,265,805,0.028,0.4548,0.8063,0.7945,0.5816,0.871,0.7991,0.7904,0.7118,0.8625,2057,409,328,1010,0.0347,679.0,742.0,-63.0,4631.0,5034.0,-403.0,795.0,884.0,-89.0,2263.0,2468.0,-205.0,105,145,41,10,7,34,3.684476866456362,4.0,4.0,15216,3.690851735015773,4.0,4.0,3804,,,,,,,,,,,,,,,,,,,,,,,,,,,,,,,,,,,,,,,,,,,,,,,,,,,,,,,,,,,,,,,,,,,,,,,,,,,,,OpenML_1120_MagicTelescope,OpenML_1120_MagicTelescope,1120,MagicTelescope,19020,10,10,0,,,,,,,,
4,B_mask_no_pp,True,False,True,False,balanced_acc,val_loss,val_loss,val_bacc,512,B4_D4_K32,0.126863669645997,0.052433329844483,0.0075677361942648,0.0094298499620679,0.010417561908628,balanced_bce,4,4,32,256,0.125,256,512,48.721819575876,,0.4263,0.8274,0.8111,0.6217,0.8806,0.8163,0.8109,0.7538,0.8675,6835,1057,1044,3236,0.112,0.44,0.8203,0.8037,0.6064,0.8713,0.805,0.8032,0.7428,0.8627,1697,277,270,800,0.0309,0.4333,0.821,0.8043,0.6079,0.8768,0.8155,0.804,0.7442,0.863,2122,344,337,1001,0.036,707.0,774.0,-67.0,4713.0,5138.0,-425.0,713.0,780.0,-67.0,2235.0,2436.0,-201.0,143,199,57,13,10,47,3.893927444794953,4.0,4.0,15216,3.8914300736067298,4.0,4.0,3804,,,,,,,,,,,,,,,,,,,,,,,,,,,,,,,,,,,,,,,,,,,,,,,,,,,,,,,,,,,,,,,,,,,,,,,,,,,,,OpenML_1120_MagicTelescope,OpenML_1120_MagicTelescope,1120,MagicTelescope,19020,10,10,0,,,,,,,,
4,C_mask_pp,True,True,True,False,balanced_acc,val_loss,val_loss,val_bacc,512,B4_D4_K32,0.126863669645997,0.052433329844483,0.0075677361942648,0.0094298499620679,0.010417561908628,balanced_bce,4,4,32,256,0.125,256,512,48.71616623178125,,0.4263,0.8274,0.8111,0.6217,0.8806,0.8163,0.8109,0.7538,0.8675,6835,1057,1044,3236,0.1174,0.44,0.8203,0.8037,0.6064,0.8713,0.805,0.8032,0.7428,0.8627,1697,277,270,800,0.0303,0.4333,0.821,0.8043,0.6079,0.8768,0.8155,0.804,0.7442,0.863,2122,344,337,1001,0.0359,707.0,774.0,-67.0,4713.0,5138.0,-425.0,713.0,780.0,-67.0,2235.0,2436.0,-201.0,143,199,57,13,10,47,3.893927444794953,4.0,4.0,15216,3.8914300736067298,4.0,4.0,3804,0.4263,0.8274,0.8111,0.6217,0.8806,0.8163,0.8109,0.7538,0.8675,6835.0,1057.0,1044.0,3236.0,0.1624,0.44,0.8203,0.8037,0.6064,0.8713,0.805,0.8032,0.7428,0.8627,1697.0,277.0,270.0,800.0,0.0406,0.4334,0.8207,0.8041,0.6074,0.8767,0.8155,0.8037,0.7437,0.8629,2121.0,345.0,337.0,1001.0,0.0508,707.0,774.0,-67.0,4714.0,5138.0,-424.0,712.0,780.0,-68.0,2235.0,2436.0,-201.0,95.0,142.0,48.0,17.0,18.0,30.0,65.0,95.0,159.0,48.0,17.0,142.0,95.0,82.0,3.891627311706543,4.0,4.0,15216.0,3.888801336288452,4.0,4.0,3804.0,OpenML_1120_MagicTelescope,OpenML_1120_MagicTelescope,1120,MagicTelescope,19020,10,10,0,0.8041,0.8767,,0.8037,,95.0,48.0,142.0
4,D_no_mask_pp,False,True,False,False,balanced_acc,val_loss,val_loss,val_bacc,512,B4_D4_K32,0.126863669645997,0.052433329844483,0.0075677361942648,0.0094298499620679,0.010417561908628,balanced_bce,4,4,32,256,0.125,256,512,47.40426164865494,,0.4437,0.8184,0.8061,0.6062,0.8756,0.8082,0.8028,0.7311,0.8691,6688,1204,1007,3273,0.1092,0.4533,0.8078,0.7951,0.5838,0.8722,0.8013,0.7916,0.7156,0.8619,1654,320,265,805,0.0288,0.4548,0.8063,0.7945,0.5816,0.871,0.7991,0.7904,0.7118,0.8625,2057,409,328,1010,0.0363,679.0,742.0,-63.0,4631.0,5034.0,-403.0,795.0,884.0,-89.0,2263.0,2468.0,-205.0,105,145,41,10,7,34,3.684476866456362,4.0,4.0,15216,3.690851735015773,4.0,4.0,3804,0.4437,0.8184,0.8061,0.6062,0.8756,0.8082,0.8028,0.7311,0.8691,6688.0,1204.0,1007.0,3273.0,0.164,0.4533,0.8078,0.7951,0.5838,0.8722,0.8013,0.7916,0.7156,0.8619,1654.0,320.0,265.0,805.0,0.0401,0.4548,0.8063,0.7945,0.5816,0.871,0.7991,0.7904,0.7118,0.8625,2057.0,409.0,328.0,1010.0,0.0516,679.0,742.0,-63.0,4631.0,5034.0,-403.0,795.0,884.0,-89.0,2263.0,2468.0,-205.0,85.0,122.0,38.0,12.0,9.0,29.0,50.0,85.0,134.0,38.0,12.0,122.0,85.0,78.0,3.672318696975708,4.0,4.0,15216.0,3.679810762405396,4.0,4.0,3804.0,OpenML_1120_MagicTelescope,OpenML_1120_MagicTelescope,1120,MagicTelescope,19020,10,10,0,0.7945,0.871,,0.7904,,85.0,38.0,122.0
0,A_no_mask_no_pp,False,False,False,False,balanced_acc,val_loss,val_loss,val_bacc,1024,B3_D4_K24,0.2019845290685487,0.0079876977692242,0.022676401802924,0.011003083346269,0.0010122322701243,balanced_bce,3,4,24,81,0.2962962962962963,1024,1024,473.88328993692994,,0.6505,0.6337,0.6137,0.174,0.6415,0.2352,0.5469,0.2485,0.8846,136957,75774,17875,25062,2.6333,0.6509,0.6335,0.6132,0.1732,0.6419,0.2339,0.5466,0.2482,0.8843,34234,18949,4479,6255,0.7788,0.6507,0.633,0.6131,0.173,0.6409,0.2341,0.5463,0.248,0.8843,42747,23732,5592,7826,0.8849,12283.0,13396.0,-1113.0,94210.0,102723.0,-8513.0,52042.0,56825.0,-4783.0,17236.0,18807.0,-1571.0,32,50,19,5,7,12,3.3635245709279222,3.0,4.0,319585,3.362091192410228,3.0,4.0,79897,,,,,,,,,,,,,,,,,,,,,,,,,,,,,,,,,,,,,,,,,,,,,,,,,,,,,,,,,,,,,,,,,,,,,,,,,,,,,OpenML_1219_Click_prediction_small,OpenML_1219_Click_prediction_small,1219,Click_prediction_small,399482,11,11,0,,,,,,,,
0,B_mask_no_pp,True,False,True,False,balanced_acc,val_loss,val_loss,val_bacc,1024,B3_D4_K24,0.2019845290685487,0.0079876977692242,0.022676401802924,0.011003083346269,0.0010122322701243,balanced_bce,3,4,24,81,0.2962962962962963,1024,1024,407.043145082891,,0.6558,0.6327,0.6192,0.1819,0.655,0.2549,0.5486,0.2511,0.8877,136027,76704,17215,25722,2.8729,0.6568,0.6305,0.6188,0.181,0.6551,0.255,0.5473,0.2502,0.8877,33847,19336,4282,6452,0.6875,0.6561,0.632,0.6194,0.1821,0.6563,0.2558,0.5484,0.251,0.8879,42437,24042,5360,8058,0.9578,11855.0,12933.0,-1078.0,93590.0,102180.0,-8590.0,52662.0,57368.0,-4706.0,17664.0,19270.0,-1606.0,37,57,21,7,6,15,3.3579047827651487,3.0,4.0,319585,3.3579733907405784,3.0,4.0,79897,,,,,,,,,,,,,,,,,,,,,,,,,,,,,,,,,,,,,,,,,,,,,,,,,,,,,,,,,,,,,,,,,,,,,,,,,,,,,OpenML_1219_Click_prediction_small,OpenML_1219_Click_prediction_small,1219,Click_prediction_small,399482,11,11,0,,,,,,,,
0,C_mask_pp,True,True,True,False,balanced_acc,val_loss,val_loss,val_bacc,1024,B3_D4_K24,0.2019845290685487,0.0079876977692242,0.022676401802924,0.011003083346269,0.0010122322701243,balanced_bce,3,4,24,81,0.2962962962962963,1024,1024,411.0722172670066,,0.6558,0.6327,0.6192,0.1819,0.655,0.2549,0.5486,0.2511,0.8877,136027,76704,17215,25722,2.9145,0.6568,0.6305,0.6188,0.181,0.6551,0.255,0.5473,0.2502,0.8877,33847,19336,4282,6452,0.6527,0.6561,0.632,0.6194,0.1821,0.6563,0.2558,0.5484,0.251,0.8879,42437,24042,5360,8058,0.838,11855.0,12933.0,-1078.0,93590.0,102180.0,-8590.0,52662.0,57368.0,-4706.0,17664.0,19270.0,-1606.0,37,57,21,7,6,15,3.3579047827651487,3.0,4.0,319585,3.3579733907405784,3.0,4.0,79897,0.6558,0.6327,0.6192,0.1819,0.655,0.2549,0.5486,0.2511,0.8877,136027.0,76704.0,17215.0,25722.0,4.2158,0.6568,0.6305,0.6188,0.181,0.6551,0.255,0.5473,0.2502,0.8877,33847.0,19336.0,4282.0,6452.0,1.0579,0.6561,0.632,0.6194,0.1821,0.6563,0.2558,0.5484,0.251,0.8879,42437.0,24042.0,5360.0,8058.0,1.2429,11855.0,12933.0,-1078.0,93590.0,102180.0,-8590.0,52662.0,57368.0,-4706.0,17664.0,19270.0,-1606.0,20.0,32.0,13.0,9.0,7.0,6.0,22.0,20.0,41.0,13.0,9.0,32.0,20.0,20.0,3.3227059841156006,3.0,4.0,319585.0,3.323554039001465,3.0,4.0,79897.0,OpenML_1219_Click_prediction_small,OpenML_1219_Click_prediction_small,1219,Click_prediction_small,399482,11,11,0,0.6194,0.6563,,0.5484,,20.0,13.0,32.0
0,D_no_mask_pp,False,True,False,False,balanced_acc,val_loss,val_loss,val_bacc,1024,B3_D4_K24,0.2019845290685487,0.0079876977692242,0.022676401802924,0.011003083346269,0.0010122322701243,balanced_bce,3,4,24,81,0.2962962962962963,1024,1024,468.18392304703593,,0.6505,0.6337,0.6137,0.174,0.6415,0.2352,0.5469,0.2485,0.8846,136957,75774,17875,25062,2.5967,0.6509,0.6335,0.6132,0.1732,0.6419,0.2339,0.5466,0.2482,0.8843,34234,18949,4479,6255,0.6701,0.6507,0.633,0.6131,0.173,0.6409,0.2341,0.5463,0.248,0.8843,42747,23732,5592,7826,0.9186,12283.0,13396.0,-1113.0,94210.0,102723.0,-8513.0,52042.0,56825.0,-4783.0,17236.0,18807.0,-1571.0,32,50,19,5,7,12,3.3635245709279222,3.0,4.0,319585,3.362091192410228,3.0,4.0,79897,0.6505,0.6337,0.6137,0.174,0.6415,0.2352,0.5469,0.2485,0.8846,136957.0,75774.0,17875.0,25062.0,4.1528,0.6509,0.6335,0.6132,0.1732,0.6419,0.2339,0.5466,0.2482,0.8843,34234.0,18949.0,4479.0,6255.0,0.9691,0.6507,0.633,0.6131,0.173,0.6409,0.2341,0.5463,0.248,0.8843,42747.0,23732.0,5592.0,7826.0,1.3097,12283.0,13396.0,-1113.0,94210.0,102723.0,-8513.0,52042.0,56825.0,-4783.0,17236.0,18807.0,-1571.0,23.0,37.0,15.0,5.0,8.0,7.0,20.0,23.0,42.0,15.0,5.0,37.0,23.0,23.0,3.3506016731262207,3.0,4.0,319585.0,3.348010540008545,3.0,4.0,79897.0,OpenML_1219_Click_prediction_small,OpenML_1219_Click_prediction_small,1219,Click_prediction_small,399482,11,11,0,0.6131,0.6409,,0.5463,,23.0,15.0,37.0
1,A_no_mask_no_pp,False,False,False,False,balanced_acc,val_loss,val_loss,val_bacc,1024,B4_D4_K16,0.2004753482406111,0.0053783494725836,0.0051291772275645,0.0040296898416908,0.0193802753790378,balanced_bce,4,4,16,256,0.0625,1024,1024,584.1954662576318,,0.6477,0.5725,0.6229,0.1838,0.6641,0.2725,0.5174,0.2374,0.9,116365,96366,12932,30005,2.7327,0.6488,0.5698,0.6198,0.1791,0.6606,0.2684,0.5149,0.2355,0.8985,28960,24223,3273,7461,0.6361,0.6469,0.5741,0.6255,0.1877,0.6661,0.2712,0.5192,0.2389,0.9014,36435,30044,3986,9432,0.8401,8946.0,9659.0,-713.0,79930.0,87405.0,-7475.0,66322.0,72143.0,-5821.0,20573.0,22544.0,-1971.0,117,159,43,7,4,39,3.869305505577546,4.0,4.0,319585,3.871209181821596,4.0,4.0,79897,,,,,,,,,,,,,,,,,,,,,,,,,,,,,,,,,,,,,,,,,,,,,,,,,,,,,,,,,,,,,,,,,,,,,,,,,,,,,OpenML_1219_Click_prediction_small,OpenML_1219_Click_prediction_small,1219,Click_prediction_small,399482,11,11,0,,,,,,,,
1,B_mask_no_pp,True,False,True,False,balanced_acc,val_loss,val_loss,val_bacc,1024,B4_D4_K16,0.2004753482406111,0.0053783494725836,0.0051291772275645,0.0040296898416908,0.0193802753790378,balanced_bce,4,4,16,256,0.0625,1024,1024,723.83043275401,,0.6448,0.64,0.6242,0.19,0.6627,0.2688,0.5544,0.2561,0.8893,137868,74863,17165,25772,2.8262,0.6447,0.6391,0.624,0.1896,0.6628,0.267,0.5538,0.2557,0.8893,34398,18785,4281,6453,0.6675,0.6436,0.6418,0.6283,0.1962,0.6696,0.2731,0.557,0.2588,0.8913,43122,23357,5261,8157,0.8477,11904.0,12884.0,-980.0,94746.0,103470.0,-8724.0,51506.0,56078.0,-4572.0,17615.0,19319.0,-1704.0,70,97,28,4,5,23,3.340360154575465,3.0,4.0,319585,3.3414646357184874,3.0,4.0,79897,,,,,,,,,,,,,,,,,,,,,,,,,,,,,,,,,,,,,,,,,,,,,,,,,,,,,,,,,,,,,,,,,,,,,,,,,,,,,OpenML_1219_Click_prediction_small,OpenML_1219_Click_prediction_small,1219,Click_prediction_small,399482,11,11,0,,,,,,,,
1,C_mask_pp,True,True,True,False,balanced_acc,val_loss,val_loss,val_bacc,1024,B4_D4_K16,0.2004753482406111,0.0053783494725836,0.0051291772275645,0.0040296898416908,0.0193802753790378,balanced_bce,4,4,16,256,0.0625,1024,1024,721.2546231970191,,0.6448,0.64,0.6242,0.19,0.6627,0.2688,0.5544,0.2561,0.8893,137868,74863,17165,25772,2.8578,0.6447,0.6391,0.624,0.1896,0.6628,0.267,0.5538,0.2557,0.8893,34398,18785,4281,6453,0.6469,0.6436,0.6418,0.6283,0.1962,0.6696,0.2731,0.557,0.2588,0.8913,43122,23357,5261,8157,0.8056,11904.0,12884.0,-980.0,94746.0,103470.0,-8724.0,51506.0,56078.0,-4572.0,17615.0,19319.0,-1704.0,70,97,28,4,5,23,3.340360154575465,3.0,4.0,319585,3.3414646357184874,3.0,4.0,79897,0.6448,0.64,0.6242,0.19,0.6627,0.2688,0.5544,0.2561,0.8893,137868.0,74863.0,17165.0,25772.0,4.2505,0.6447,0.6391,0.624,0.1896,0.6628,0.267,0.5538,0.2557,0.8893,34398.0,18785.0,4281.0,6453.0,1.004,0.6436,0.6418,0.6283,0.1962,0.6696,0.2731,0.557,0.2588,0.8913,43122.0,23357.0,5261.0,8157.0,1.3671,11904.0,12884.0,-980.0,94746.0,103470.0,-8724.0,51506.0,56078.0,-4572.0,17615.0,19319.0,-1704.0,49.0,70.0,22.0,5.0,4.0,18.0,27.0,49.0,75.0,22.0,5.0,70.0,49.0,48.0,3.314276218414306,3.0,4.0,319585.0,3.316670179367065,3.0,4.0,79897.0,OpenML_1219_Click_prediction_small,OpenML_1219_Click_prediction_small,1219,Click_prediction_small,399482,11,11,0,0.6283,0.6696,,0.557,,49.0,22.0,70.0
1,D_no_mask_pp,False,True,False,False,balanced_acc,val_loss,val_loss,val_bacc,1024,B4_D4_K16,0.2004753482406111,0.0053783494725836,0.0051291772275645,0.0040296898416908,0.0193802753790378,balanced_bce,4,4,16,256,0.0625,1024,1024,583.7267482951283,,0.6477,0.5725,0.6229,0.1838,0.6641,0.2725,0.5174,0.2374,0.9,116365,96366,12932,30005,2.7543,0.6488,0.5698,0.6198,0.1791,0.6606,0.2684,0.5149,0.2355,0.8985,28960,24223,3273,7461,0.613,0.6469,0.5741,0.6255,0.1877,0.6661,0.2712,0.5192,0.2389,0.9014,36435,30044,3986,9432,0.7857,8946.0,9659.0,-713.0,79930.0,87405.0,-7475.0,66322.0,72143.0,-5821.0,20573.0,22544.0,-1971.0,117,159,43,7,4,39,3.869305505577546,4.0,4.0,319585,3.871209181821596,4.0,4.0,79897,0.6477,0.5725,0.6229,0.1838,0.6641,0.2725,0.5174,0.2374,0.9,116365.0,96366.0,12932.0,30005.0,3.8291,0.6488,0.5698,0.6198,0.1791,0.6606,0.2684,0.5149,0.2355,0.8985,28960.0,24223.0,3273.0,7461.0,1.1928,0.6469,0.5741,0.6255,0.1877,0.6661,0.2712,0.5192,0.2389,0.9014,36435.0,30044.0,3986.0,9432.0,1.2125,8946.0,9659.0,-713.0,79930.0,87405.0,-7475.0,66322.0,72143.0,-5821.0,20573.0,22544.0,-1971.0,82.0,117.0,36.0,9.0,7.0,29.0,45.0,82.0,126.0,36.0,9.0,117.0,82.0,81.0,3.806511640548706,4.0,4.0,319585.0,3.807739973068237,4.0,4.0,79897.0,OpenML_1219_Click_prediction_small,OpenML_1219_Click_prediction_small,1219,Click_prediction_small,399482,11,11,0,0.6255,0.6661,,0.5192,,82.0,36.0,117.0
2,A_no_mask_no_pp,False,False,False,False,balanced_acc,val_loss,val_loss,val_bacc,1024,B3_D3_K12,0.8657929374989961,0.0102761957888891,0.0065468634643469,0.0586540216580972,0.0581086790257301,balanced_bce,3,3,12,27,0.4444444444444444,1024,1024,543.8027148246765,,0.6697,0.5878,0.6158,0.1736,0.6402,0.236,0.5237,0.2375,0.8926,122030,90701,14684,28253,2.7819,0.6685,0.5906,0.6155,0.1732,0.6405,0.2357,0.5251,0.238,0.8919,30740,22443,3725,7009,0.6314,0.6704,0.586,0.6113,0.1668,0.6357,0.233,0.5212,0.2349,0.8901,38107,28372,4705,8713,0.7778,9979.0,10959.0,-980.0,83923.0,91290.0,-7367.0,62329.0,68258.0,-5929.0,19540.0,21244.0,-1704.0,8,12,5,1,3,2,2.3966769404070902,2.0,3.0,319585,2.3985005694832098,2.0,3.0,79897,,,,,,,,,,,,,,,,,,,,,,,,,,,,,,,,,,,,,,,,,,,,,,,,,,,,,,,,,,,,,,,,,,,,,,,,,,,,,OpenML_1219_Click_prediction_small,OpenML_1219_Click_prediction_small,1219,Click_prediction_small,399482,11,11,0,,,,,,,,
2,B_mask_no_pp,True,False,True,False,balanced_acc,val_loss,val_loss,val_bacc,1024,B3_D3_K12,0.8657929374989961,0.0102761957888891,0.0065468634643469,0.0586540216580972,0.0581086790257301,balanced_bce,3,3,12,27,0.4444444444444444,1024,1024,392.08649425953627,,0.619,0.6045,0.6132,0.1706,0.6388,0.2349,0.5318,0.2402,0.8883,127670,85061,16046,26891,2.9301,0.6186,0.6066,0.6126,0.1698,0.639,0.2348,0.5326,0.2404,0.8877,32097,21086,4061,6673,0.6507,0.6207,0.6014,0.6093,0.1647,0.6338,0.2322,0.5287,0.2375,0.8865,39717,26762,5083,8335,0.8044,10963.0,11985.0,-1022.0,87953.0,95573.0,-7620.0,58299.0,63975.0,-5676.0,18556.0,20218.0,-1662.0,14,21,8,1,3,5,3.0,3.0,3.0,319585,3.0,3.0,3.0,79897,,,,,,,,,,,,,,,,,,,,,,,,,,,,,,,,,,,,,,,,,,,,,,,,,,,,,,,,,,,,,,,,,,,,,,,,,,,,,OpenML_1219_Click_prediction_small,OpenML_1219_Click_prediction_small,1219,Click_prediction_small,399482,11,11,0,,,,,,,,
2,C_mask_pp,True,True,True,False,balanced_acc,val_loss,val_loss,val_bacc,1024,B3_D3_K12,0.8657929374989961,0.0102761957888891,0.0065468634643469,0.0586540216580972,0.0581086790257301,balanced_bce,3,3,12,27,0.4444444444444444,1024,1024,394.670994989574,,0.619,0.6045,0.6132,0.1706,0.6388,0.2349,0.5318,0.2402,0.8883,127670,85061,16046,26891,2.8279,0.6186,0.6066,0.6126,0.1698,0.639,0.2348,0.5326,0.2404,0.8877,32097,21086,4061,6673,0.6366,0.6207,0.6014,0.6093,0.1647,0.6338,0.2322,0.5287,0.2375,0.8865,39717,26762,5083,8335,0.8161,10963.0,11985.0,-1022.0,87953.0,95573.0,-7620.0,58299.0,63975.0,-5676.0,18556.0,20218.0,-1662.0,14,21,8,1,3,5,3.0,3.0,3.0,319585,3.0,3.0,3.0,79897,0.619,0.6045,0.6132,0.1706,0.6388,0.2349,0.5318,0.2402,0.8883,127670.0,85061.0,16046.0,26891.0,3.8032,0.6186,0.6066,0.6126,0.1698,0.639,0.2348,0.5326,0.2404,0.8877,32097.0,21086.0,4061.0,6673.0,0.912,0.6207,0.6014,0.6093,0.1647,0.6338,0.2322,0.5287,0.2375,0.8865,39717.0,26762.0,5083.0,8335.0,1.1393,10963.0,11985.0,-1022.0,87953.0,95573.0,-7620.0,58299.0,63975.0,-5676.0,18556.0,20218.0,-1662.0,11.0,17.0,7.0,0.0,4.0,3.0,7.0,11.0,17.0,7.0,0.0,17.0,11.0,11.0,3.0,3.0,3.0,319585.0,3.0,3.0,3.0,79897.0,OpenML_1219_Click_prediction_small,OpenML_1219_Click_prediction_small,1219,Click_prediction_small,399482,11,11,0,0.6093,0.6338,,0.5287,,11.0,7.0,17.0
2,D_no_mask_pp,False,True,False,False,balanced_acc,val_loss,val_loss,val_bacc,1024,B3_D3_K12,0.8657929374989961,0.0102761957888891,0.0065468634643469,0.0586540216580972,0.0581086790257301,balanced_bce,3,3,12,27,0.4444444444444444,1024,1024,543.6566947437823,,0.6697,0.5878,0.6158,0.1736,0.6402,0.236,0.5237,0.2375,0.8926,122030,90701,14684,28253,2.6542,0.6685,0.5906,0.6155,0.1732,0.6405,0.2357,0.5251,0.238,0.8919,30740,22443,3725,7009,0.6459,0.6704,0.586,0.6113,0.1668,0.6357,0.233,0.5212,0.2349,0.8901,38107,28372,4705,8713,0.9518,9979.0,10959.0,-980.0,83923.0,91290.0,-7367.0,62329.0,68258.0,-5929.0,19540.0,21244.0,-1704.0,8,12,5,1,3,2,2.3966769404070902,2.0,3.0,319585,2.3985005694832098,2.0,3.0,79897,0.6697,0.5878,0.6158,0.1736,0.6402,0.236,0.5237,0.2375,0.8926,122030.0,90701.0,14684.0,28253.0,3.5803,0.6685,0.5906,0.6155,0.1732,0.6405,0.2357,0.5251,0.238,0.8919,30740.0,22443.0,3725.0,7009.0,1.1642,0.6704,0.586,0.6113,0.1668,0.6357,0.233,0.5212,0.2349,0.8901,38107.0,28372.0,4705.0,8713.0,1.1108,9979.0,10959.0,-980.0,83923.0,91290.0,-7367.0,62329.0,68258.0,-5929.0,19540.0,21244.0,-1704.0,8.0,12.0,5.0,1.0,3.0,2.0,6.0,8.0,13.0,5.0,1.0,12.0,8.0,8.0,2.396677017211914,2.0,3.0,319585.0,2.398500680923462,2.0,3.0,79897.0,OpenML_1219_Click_prediction_small,OpenML_1219_Click_prediction_small,1219,Click_prediction_small,399482,11,11,0,0.6113,0.6357,,0.5212,,8.0,5.0,12.0
3,A_no_mask_no_pp,False,False,False,False,balanced_acc,val_loss,val_loss,val_bacc,1024,B4_D3_K8,0.1896839510393343,0.0061345472273858,0.0244607422222625,0.0252357978341649,0.0051950046585126,balanced_bce,4,3,8,64,0.125,1024,1024,324.0414454266429,,0.6404,0.631,0.6186,0.1807,0.6539,0.2544,0.5475,0.2502,0.8875,135558,77173,17180,25757,2.4866,0.6401,0.6316,0.6228,0.187,0.6559,0.2596,0.5495,0.2526,0.8898,33823,19360,4190,6544,0.7357,0.6409,0.63,0.621,0.1842,0.6553,0.2543,0.548,0.2512,0.889,42188,24291,5268,8150,0.8288,11912.0,12990.0,-1078.0,93370.0,101735.0,-8365.0,52882.0,57813.0,-4931.0,17607.0,19213.0,-1606.0,40,53,14,4,1,13,2.6580972198319697,3.0,3.0,319585,2.658735622113471,3.0,3.0,79897,,,,,,,,,,,,,,,,,,,,,,,,,,,,,,,,,,,,,,,,,,,,,,,,,,,,,,,,,,,,,,,,,,,,,,,,,,,,,OpenML_1219_Click_prediction_small,OpenML_1219_Click_prediction_small,1219,Click_prediction_small,399482,11,11,0,,,,,,,,
3,B_mask_no_pp,True,False,True,False,balanced_acc,val_loss,val_loss,val_bacc,1024,B4_D3_K8,0.1896839510393343,0.0061345472273858,0.0244607422222625,0.0252357978341649,0.0051950046585126,balanced_bce,4,3,8,64,0.125,1024,1024,404.003758482635,,0.6529,0.6252,0.6165,0.1771,0.6527,0.2568,0.5438,0.2475,0.8872,133949,78782,17031,25906,2.5825,0.6526,0.6257,0.6205,0.1831,0.6548,0.2621,0.5456,0.2497,0.8894,33413,19770,4156,6578,0.7216,0.6528,0.6244,0.6175,0.1785,0.6556,0.2595,0.5437,0.2477,0.8879,41740,24739,5271,8147,0.9468,11760.0,12875.0,-1115.0,92209.0,100536.0,-8327.0,54043.0,59012.0,-4969.0,17759.0,19328.0,-1569.0,35,47,13,0,1,12,3.0,3.0,3.0,319585,3.0,3.0,3.0,79897,,,,,,,,,,,,,,,,,,,,,,,,,,,,,,,,,,,,,,,,,,,,,,,,,,,,,,,,,,,,,,,,,,,,,,,,,,,,,OpenML_1219_Click_prediction_small,OpenML_1219_Click_prediction_small,1219,Click_prediction_small,399482,11,11,0,,,,,,,,
3,C_mask_pp,True,True,True,False,balanced_acc,val_loss,val_loss,val_bacc,1024,B4_D3_K8,0.1896839510393343,0.0061345472273858,0.0244607422222625,0.0252357978341649,0.0051950046585126,balanced_bce,4,3,8,64,0.125,1024,1024,402.6767060942948,,0.6529,0.6252,0.6165,0.1771,0.6527,0.2568,0.5438,0.2475,0.8872,133949,78782,17031,25906,2.6365,0.6526,0.6257,0.6205,0.1831,0.6548,0.2621,0.5456,0.2497,0.8894,33413,19770,4156,6578,0.6625,0.6528,0.6244,0.6175,0.1785,0.6556,0.2595,0.5437,0.2477,0.8879,41740,24739,5271,8147,0.9483,11760.0,12875.0,-1115.0,92209.0,100536.0,-8327.0,54043.0,59012.0,-4969.0,17759.0,19328.0,-1569.0,35,47,13,0,1,12,3.0,3.0,3.0,319585,3.0,3.0,3.0,79897,0.6529,0.6252,0.6165,0.1771,0.6527,0.2568,0.5438,0.2475,0.8872,133949.0,78782.0,17031.0,25906.0,3.8397,0.6526,0.6257,0.6205,0.1831,0.6548,0.2621,0.5456,0.2497,0.8894,33413.0,19770.0,4156.0,6578.0,0.9412,0.6528,0.6244,0.6175,0.1785,0.6556,0.2595,0.5437,0.2477,0.8879,41740.0,24739.0,5271.0,8147.0,1.1408,11760.0,12875.0,-1115.0,92209.0,100536.0,-8327.0,54043.0,59012.0,-4969.0,17759.0,19328.0,-1569.0,28.0,39.0,12.0,1.0,1.0,11.0,13.0,28.0,40.0,12.0,1.0,39.0,28.0,28.0,2.9996337890625,3.0,3.0,319585.0,2.999662160873413,3.0,3.0,79897.0,OpenML_1219_Click_prediction_small,OpenML_1219_Click_prediction_small,1219,Click_prediction_small,399482,11,11,0,0.6175,0.6556,,0.5437,,28.0,12.0,39.0
3,D_no_mask_pp,False,True,False,False,balanced_acc,val_loss,val_loss,val_bacc,1024,B4_D3_K8,0.1896839510393343,0.0061345472273858,0.0244607422222625,0.0252357978341649,0.0051950046585126,balanced_bce,4,3,8,64,0.125,1024,1024,325.3439491130412,,0.6404,0.631,0.6186,0.1807,0.6539,0.2544,0.5475,0.2502,0.8875,135558,77173,17180,25757,2.6823,0.6401,0.6316,0.6228,0.187,0.6559,0.2596,0.5495,0.2526,0.8898,33823,19360,4190,6544,0.6128,0.6409,0.63,0.621,0.1842,0.6553,0.2543,0.548,0.2512,0.889,42188,24291,5268,8150,0.792,11912.0,12990.0,-1078.0,93370.0,101735.0,-8365.0,52882.0,57813.0,-4931.0,17607.0,19213.0,-1606.0,40,53,14,4,1,13,2.6580972198319697,3.0,3.0,319585,2.658735622113471,3.0,3.0,79897,0.6404,0.631,0.6186,0.1807,0.6539,0.2544,0.5475,0.2502,0.8875,135558.0,77173.0,17180.0,25757.0,3.723,0.6401,0.6316,0.6228,0.187,0.6559,0.2596,0.5495,0.2526,0.8898,33823.0,19360.0,4190.0,6544.0,1.0526,0.6409,0.63,0.621,0.1842,0.6553,0.2543,0.548,0.2512,0.889,42188.0,24291.0,5268.0,8150.0,1.1122,11912.0,12990.0,-1078.0,93370.0,101735.0,-8365.0,52882.0,57813.0,-4931.0,17607.0,19213.0,-1606.0,27.0,36.0,10.0,3.0,1.0,9.0,13.0,27.0,39.0,10.0,3.0,36.0,27.0,26.0,2.6350109577178955,3.0,3.0,319585.0,2.635906219482422,3.0,3.0,79897.0,OpenML_1219_Click_prediction_small,OpenML_1219_Click_prediction_small,1219,Click_prediction_small,399482,11,11,0,0.621,0.6553,,0.548,,27.0,10.0,36.0
4,A_no_mask_no_pp,False,False,False,False,balanced_acc,val_loss,val_loss,val_bacc,1024,B3_D4_K12,0.8665522072330071,0.0023414381209974,0.0473356235682909,0.0070580243151232,0.0255199932515466,balanced_bce,3,4,12,81,0.1481481481481481,1024,1024,427.0350323170424,,0.6779,0.6423,0.6196,0.1836,0.6399,0.2353,0.5536,0.2544,0.8865,139071,73660,17800,25137,2.7299,0.6773,0.6441,0.6174,0.1807,0.6399,0.2358,0.5536,0.2539,0.8851,34973,18210,4538,6196,0.7468,0.6781,0.6414,0.6194,0.1833,0.6403,0.2348,0.5531,0.2541,0.8866,43380,23099,5551,7867,0.8174,12249.0,13262.0,-1013.0,95691.0,104098.0,-8407.0,50561.0,55450.0,-4889.0,17270.0,18941.0,-1671.0,18,32,15,0,13,2,4.0,4.0,4.0,319585,4.0,4.0,4.0,79897,,,,,,,,,,,,,,,,,,,,,,,,,,,,,,,,,,,,,,,,,,,,,,,,,,,,,,,,,,,,,,,,,,,,,,,,,,,,,OpenML_1219_Click_prediction_small,OpenML_1219_Click_prediction_small,1219,Click_prediction_small,399482,11,11,0,,,,,,,,
4,B_mask_no_pp,True,False,True,False,balanced_acc,val_loss,val_loss,val_bacc,1024,B3_D4_K12,0.8665522072330071,0.0023414381209974,0.0473356235682909,0.0070580243151232,0.0255199932515466,balanced_bce,3,4,12,81,0.1481481481481481,1024,1024,450.3187292292714,,0.6492,0.5899,0.6166,0.1748,0.64,0.2377,0.5251,0.2384,0.8927,122622,90109,14737,28200,2.8143,0.6491,0.5908,0.6148,0.1723,0.6388,0.2371,0.525,0.2377,0.8915,30770,22413,3745,6989,0.6594,0.6497,0.5893,0.619,0.1784,0.6408,0.2363,0.5256,0.2394,0.8943,38176,28303,4511,8907,0.8201,10226.0,10992.0,-766.0,84446.0,91852.0,-7406.0,61806.0,67696.0,-5890.0,19293.0,21211.0,-1918.0,16,28,13,1,11,2,3.9609024203263608,4.0,4.0,319585,3.9612626256305,4.0,4.0,79897,,,,,,,,,,,,,,,,,,,,,,,,,,,,,,,,,,,,,,,,,,,,,,,,,,,,,,,,,,,,,,,,,,,,,,,,,,,,,OpenML_1219_Click_prediction_small,OpenML_1219_Click_prediction_small,1219,Click_prediction_small,399482,11,11,0,,,,,,,,
4,C_mask_pp,True,True,True,False,balanced_acc,val_loss,val_loss,val_bacc,1024,B3_D4_K12,0.8665522072330071,0.0023414381209974,0.0473356235682909,0.0070580243151232,0.0255199932515466,balanced_bce,3,4,12,81,0.1481481481481481,1024,1024,451.4470618404448,,0.6492,0.5899,0.6166,0.1748,0.64,0.2377,0.5251,0.2384,0.8927,122622,90109,14737,28200,2.7518,0.6491,0.5908,0.6148,0.1723,0.6388,0.2371,0.525,0.2377,0.8915,30770,22413,3745,6989,0.7438,0.6497,0.5893,0.619,0.1784,0.6408,0.2363,0.5256,0.2394,0.8943,38176,28303,4511,8907,0.8476,10226.0,10992.0,-766.0,84446.0,91852.0,-7406.0,61806.0,67696.0,-5890.0,19293.0,21211.0,-1918.0,16,28,13,1,11,2,3.9609024203263608,4.0,4.0,319585,3.9612626256305,4.0,4.0,79897,0.6492,0.5899,0.6166,0.1748,0.64,0.2377,0.5251,0.2384,0.8927,122622.0,90109.0,14737.0,28200.0,4.1701,0.6491,0.5908,0.6148,0.1723,0.6388,0.2371,0.525,0.2377,0.8915,30770.0,22413.0,3745.0,6989.0,1.1223,0.6497,0.5893,0.619,0.1784,0.6408,0.2363,0.5256,0.2394,0.8943,38176.0,28303.0,4511.0,8907.0,1.2369,10226.0,10992.0,-766.0,84446.0,91852.0,-7406.0,61806.0,67696.0,-5890.0,19293.0,21211.0,-1918.0,11.0,19.0,9.0,2.0,8.0,1.0,11.0,11.0,21.0,9.0,2.0,19.0,11.0,11.0,3.277509927749634,3.0,4.0,319585.0,3.2797727584838867,3.0,4.0,79897.0,OpenML_1219_Click_prediction_small,OpenML_1219_Click_prediction_small,1219,Click_prediction_small,399482,11,11,0,0.619,0.6408,,0.5256,,11.0,9.0,19.0
4,D_no_mask_pp,False,True,False,False,balanced_acc,val_loss,val_loss,val_bacc,1024,B3_D4_K12,0.8665522072330071,0.0023414381209974,0.0473356235682909,0.0070580243151232,0.0255199932515466,balanced_bce,3,4,12,81,0.1481481481481481,1024,1024,425.2752678617835,,0.6779,0.6423,0.6196,0.1836,0.6399,0.2353,0.5536,0.2544,0.8865,139071,73660,17800,25137,2.7575,0.6773,0.6441,0.6174,0.1807,0.6399,0.2358,0.5536,0.2539,0.8851,34973,18210,4538,6196,0.6561,0.6781,0.6414,0.6194,0.1833,0.6403,0.2348,0.5531,0.2541,0.8866,43380,23099,5551,7867,0.7831,12249.0,13262.0,-1013.0,95691.0,104098.0,-8407.0,50561.0,55450.0,-4889.0,17270.0,18941.0,-1671.0,18,32,15,0,13,2,4.0,4.0,4.0,319585,4.0,4.0,4.0,79897,0.6779,0.6423,0.6196,0.1836,0.6399,0.2353,0.5536,0.2544,0.8865,139071.0,73660.0,17800.0,25137.0,4.0387,0.6773,0.6441,0.6174,0.1807,0.6399,0.2358,0.5536,0.2539,0.8851,34973.0,18210.0,4538.0,6196.0,0.9573,0.6781,0.6414,0.6194,0.1833,0.6403,0.2348,0.5531,0.2541,0.8866,43380.0,23099.0,5551.0,7867.0,1.5047,12249.0,13262.0,-1013.0,95691.0,104098.0,-8407.0,50561.0,55450.0,-4889.0,17270.0,18941.0,-1671.0,10.0,16.0,7.0,1.0,5.0,2.0,8.0,10.0,17.0,7.0,1.0,16.0,10.0,10.0,3.0,3.0,3.0,319585.0,3.0,3.0,3.0,79897.0,OpenML_1219_Click_prediction_small,OpenML_1219_Click_prediction_small,1219,Click_prediction_small,399482,11,11,0,0.6194,0.6403,,0.5531,,10.0,7.0,16.0
0,A_no_mask_no_pp,False,False,False,False,balanced_acc,val_loss,val_loss,val_bacc,512,B3_D4_K24,0.1830054097500793,0.0055900562220348,0.0212783912506954,0.0084732947152077,0.0912376023992653,balanced_bce,3,4,24,81,0.2962962962962963,512,512,66.80799714848399,,0.5637,0.7554,0.7999,0.4105,0.8676,0.4567,0.6467,0.3057,0.9752,18953,6596,481,2904,0.2566,0.5731,0.7488,0.7998,0.4077,0.8647,0.4596,0.642,0.3008,0.9764,4684,1704,113,733,0.0634,0.5682,0.7483,0.7939,0.4005,0.8648,0.4634,0.64,0.2986,0.9742,5864,2121,155,903,0.0789,326.0,368.0,-42.0,13089.0,14269.0,-1180.0,4475.0,4892.0,-417.0,2001.0,2171.0,-170.0,32,52,21,2,11,10,3.990627073656271,4.0,4.0,36168,3.989715802278005,4.0,4.0,9043,,,,,,,,,,,,,,,,,,,,,,,,,,,,,,,,,,,,,,,,,,,,,,,,,,,,,,,,,,,,,,,,,,,,,,,,,,,,,OpenML_1461_bank-marketing,OpenML_1461_bank-marketing,1461,bank-marketing,45211,16,10,6,,,,,,,,
0,B_mask_no_pp,True,False,True,False,balanced_acc,val_loss,val_loss,val_bacc,512,B3_D4_K24,0.1830054097500793,0.0055900562220348,0.0212783912506954,0.0084732947152077,0.0912376023992653,balanced_bce,3,4,24,81,0.2962962962962963,512,512,88.5998249836266,,0.4738,0.7951,0.8046,0.4366,0.8705,0.4679,0.6775,0.3425,0.9703,20239,5310,619,2766,0.2773,0.477,0.7946,0.8083,0.4405,0.8751,0.4792,0.6782,0.343,0.9717,5049,1339,147,699,0.0656,0.4768,0.7907,0.804,0.4331,0.8729,0.4725,0.6738,0.3377,0.9708,6281,1704,189,869,0.0814,430.0,472.0,-42.0,13958.0,15190.0,-1232.0,3606.0,3971.0,-365.0,1897.0,2067.0,-170.0,44,68,25,5,7,18,3.9325370493253695,4.0,4.0,36168,3.935640827159129,4.0,4.0,9043,,,,,,,,,,,,,,,,,,,,,,,,,,,,,,,,,,,,,,,,,,,,,,,,,,,,,,,,,,,,,,,,,,,,,,,,,,,,,OpenML_1461_bank-marketing,OpenML_1461_bank-marketing,1461,bank-marketing,45211,16,10,6,,,,,,,,
0,C_mask_pp,True,True,True,False,balanced_acc,val_loss,val_loss,val_bacc,512,B3_D4_K24,0.1830054097500793,0.0055900562220348,0.0212783912506954,0.0084732947152077,0.0912376023992653,balanced_bce,3,4,24,81,0.2962962962962963,512,512,88.78511387109756,,0.4738,0.7951,0.8046,0.4366,0.8705,0.4679,0.6775,0.3425,0.9703,20239,5310,619,2766,0.2868,0.477,0.7946,0.8083,0.4405,0.8751,0.4792,0.6782,0.343,0.9717,5049,1339,147,699,0.0728,0.4768,0.7907,0.804,0.4331,0.8729,0.4725,0.6738,0.3377,0.9708,6281,1704,189,869,0.0874,430.0,472.0,-42.0,13958.0,15190.0,-1232.0,3606.0,3971.0,-365.0,1897.0,2067.0,-170.0,44,68,25,5,7,18,3.9325370493253695,4.0,4.0,36168,3.935640827159129,4.0,4.0,9043,0.4738,0.7951,0.8046,0.4366,0.8705,0.4679,0.6775,0.3425,0.9703,20239.0,5310.0,619.0,2766.0,0.3915,0.477,0.7946,0.8083,0.4405,0.8751,0.4792,0.6782,0.343,0.9717,5049.0,1339.0,147.0,699.0,0.0964,0.4768,0.7907,0.804,0.4331,0.8729,0.4725,0.6738,0.3377,0.9708,6281.0,1704.0,189.0,869.0,0.1218,430.0,472.0,-42.0,13958.0,15190.0,-1232.0,3606.0,3971.0,-365.0,1897.0,2067.0,-170.0,13.0,20.0,8.0,5.0,4.0,4.0,13.0,13.0,25.0,8.0,5.0,20.0,13.0,13.0,3.778312206268311,4.0,4.0,36168.0,3.7846953868865967,4.0,4.0,9043.0,OpenML_1461_bank-marketing,OpenML_1461_bank-marketing,1461,bank-marketing,45211,16,10,6,0.804,0.8729,,0.6738,,13.0,8.0,20.0
0,D_no_mask_pp,False,True,False,False,balanced_acc,val_loss,val_loss,val_bacc,512,B3_D4_K24,0.1830054097500793,0.0055900562220348,0.0212783912506954,0.0084732947152077,0.0912376023992653,balanced_bce,3,4,24,81,0.2962962962962963,512,512,67.66278489306569,,0.5637,0.7554,0.7999,0.4105,0.8676,0.4567,0.6467,0.3057,0.9752,18953,6596,481,2904,0.2718,0.5731,0.7488,0.7998,0.4077,0.8647,0.4596,0.642,0.3008,0.9764,4684,1704,113,733,0.066,0.5682,0.7483,0.7939,0.4005,0.8648,0.4634,0.64,0.2986,0.9742,5864,2121,155,903,0.0813,326.0,368.0,-42.0,13089.0,14269.0,-1180.0,4475.0,4892.0,-417.0,2001.0,2171.0,-170.0,32,52,21,2,11,10,3.990627073656271,4.0,4.0,36168,3.989715802278005,4.0,4.0,9043,0.5637,0.7554,0.7999,0.4105,0.8676,0.4567,0.6467,0.3057,0.9752,18953.0,6596.0,481.0,2904.0,0.383,0.5731,0.7488,0.7998,0.4077,0.8647,0.4596,0.642,0.3008,0.9764,4684.0,1704.0,113.0,733.0,0.0974,0.5682,0.7483,0.7939,0.4005,0.8648,0.4634,0.64,0.2986,0.9742,5864.0,2121.0,155.0,903.0,0.1197,326.0,368.0,-42.0,13089.0,14269.0,-1180.0,4475.0,4892.0,-417.0,2001.0,2171.0,-170.0,18.0,30.0,13.0,5.0,9.0,4.0,18.0,18.0,35.0,13.0,5.0,30.0,18.0,17.0,3.7076973915100098,4.0,4.0,36168.0,3.7149176597595215,4.0,4.0,9043.0,OpenML_1461_bank-marketing,OpenML_1461_bank-marketing,1461,bank-marketing,45211,16,10,6,0.7939,0.8648,,0.64,,18.0,13.0,30.0
1,A_no_mask_no_pp,False,False,False,False,balanced_acc,val_loss,val_loss,val_bacc,512,B3_D4_K24,0.2337526463808588,0.0041373855900481,0.0069295952965566,0.0043198725200394,0.0043801100844399,balanced_bce,3,4,24,81,0.2962962962962963,512,512,81.00343790650368,,0.4947,0.7957,0.8163,0.4506,0.8689,0.4549,0.6817,0.3466,0.9743,20169,5380,531,2854,0.2809,0.5024,0.7888,0.805,0.4331,0.8666,0.4481,0.6727,0.3361,0.9715,5007,1381,147,699,0.0686,0.4939,0.7945,0.8041,0.4356,0.8628,0.4381,0.6769,0.3418,0.9702,6321,1664,194,864,0.082,337.0,384.0,-47.0,13848.0,15162.0,-1314.0,3716.0,3999.0,-283.0,1990.0,2155.0,-165.0,68,103,36,3,5,31,3.8866401238664015,4.0,4.0,36168,3.8876479044564856,4.0,4.0,9043,,,,,,,,,,,,,,,,,,,,,,,,,,,,,,,,,,,,,,,,,,,,,,,,,,,,,,,,,,,,,,,,,,,,,,,,,,,,,OpenML_1461_bank-marketing,OpenML_1461_bank-marketing,1461,bank-marketing,45211,16,10,6,,,,,,,,
1,B_mask_no_pp,True,False,True,False,balanced_acc,val_loss,val_loss,val_bacc,512,B3_D4_K24,0.2337526463808588,0.0041373855900481,0.0069295952965566,0.0043198725200394,0.0043801100844399,balanced_bce,3,4,24,81,0.2962962962962963,512,512,77.77109710872173,,0.4525,0.7771,0.7972,0.4175,0.8654,0.4349,0.6615,0.3227,0.9705,19699,5850,598,2787,0.334,0.4518,0.7777,0.8039,0.4257,0.8674,0.4431,0.664,0.3252,0.9729,4917,1471,137,709,0.0701,0.4455,0.7791,0.8027,0.4251,0.8707,0.4411,0.6647,0.3262,0.9722,6163,1822,176,882,0.0872,422.0,461.0,-39.0,13536.0,14782.0,-1246.0,4028.0,4379.0,-351.0,1905.0,2078.0,-173.0,55,84,30,5,6,24,3.9325370493253695,4.0,4.0,36168,3.935640827159129,4.0,4.0,9043,,,,,,,,,,,,,,,,,,,,,,,,,,,,,,,,,,,,,,,,,,,,,,,,,,,,,,,,,,,,,,,,,,,,,,,,,,,,,OpenML_1461_bank-marketing,OpenML_1461_bank-marketing,1461,bank-marketing,45211,16,10,6,,,,,,,,
1,C_mask_pp,True,True,True,False,balanced_acc,val_loss,val_loss,val_bacc,512,B3_D4_K24,0.2337526463808588,0.0041373855900481,0.0069295952965566,0.0043198725200394,0.0043801100844399,balanced_bce,3,4,24,81,0.2962962962962963,512,512,78.10425945743918,,0.4525,0.7771,0.7972,0.4175,0.8654,0.4349,0.6615,0.3227,0.9705,19699,5850,598,2787,0.2695,0.4518,0.7777,0.8039,0.4257,0.8674,0.4431,0.664,0.3252,0.9729,4917,1471,137,709,0.068,0.4455,0.7791,0.8027,0.4251,0.8707,0.4411,0.6647,0.3262,0.9722,6163,1822,176,882,0.0844,422.0,461.0,-39.0,13536.0,14782.0,-1246.0,4028.0,4379.0,-351.0,1905.0,2078.0,-173.0,55,84,30,5,6,24,3.9325370493253695,4.0,4.0,36168,3.935640827159129,4.0,4.0,9043,0.4525,0.7771,0.7972,0.4175,0.8654,0.4349,0.6615,0.3227,0.9705,19699.0,5850.0,598.0,2787.0,0.3949,0.4518,0.7777,0.8039,0.4257,0.8674,0.4431,0.664,0.3252,0.9729,4917.0,1471.0,137.0,709.0,0.1022,0.4455,0.7791,0.8027,0.4251,0.8707,0.4411,0.6647,0.3262,0.9722,6163.0,1822.0,176.0,882.0,0.136,422.0,461.0,-39.0,13536.0,14782.0,-1246.0,4028.0,4379.0,-351.0,1905.0,2078.0,-173.0,18.0,29.0,12.0,5.0,7.0,5.0,17.0,18.0,34.0,12.0,5.0,29.0,18.0,17.0,3.547445297241211,4.0,4.0,36168.0,3.5500388145446777,4.0,4.0,9043.0,OpenML_1461_bank-marketing,OpenML_1461_bank-marketing,1461,bank-marketing,45211,16,10,6,0.8027,0.8707,,0.6647,,18.0,12.0,29.0
1,D_no_mask_pp,False,True,False,False,balanced_acc,val_loss,val_loss,val_bacc,512,B3_D4_K24,0.2337526463808588,0.0041373855900481,0.0069295952965566,0.0043198725200394,0.0043801100844399,balanced_bce,3,4,24,81,0.2962962962962963,512,512,80.83076364547014,,0.4947,0.7957,0.8163,0.4506,0.8689,0.4549,0.6817,0.3466,0.9743,20169,5380,531,2854,0.2659,0.5024,0.7888,0.805,0.4331,0.8666,0.4481,0.6727,0.3361,0.9715,5007,1381,147,699,0.0669,0.4939,0.7945,0.8041,0.4356,0.8628,0.4381,0.6769,0.3418,0.9702,6321,1664,194,864,0.0842,337.0,384.0,-47.0,13848.0,15162.0,-1314.0,3716.0,3999.0,-283.0,1990.0,2155.0,-165.0,68,103,36,3,5,31,3.8866401238664015,4.0,4.0,36168,3.8876479044564856,4.0,4.0,9043,0.4947,0.7957,0.8163,0.4506,0.8689,0.4549,0.6817,0.3466,0.9743,20169.0,5380.0,531.0,2854.0,0.3868,0.5024,0.7888,0.805,0.4331,0.8666,0.4481,0.6727,0.3361,0.9715,5007.0,1381.0,147.0,699.0,0.2406,0.4939,0.7945,0.8041,0.4356,0.8628,0.4381,0.6769,0.3418,0.9702,6321.0,1664.0,194.0,864.0,0.1207,337.0,384.0,-47.0,13848.0,15162.0,-1314.0,3716.0,3999.0,-283.0,1990.0,2155.0,-165.0,20.0,31.0,12.0,5.0,5.0,7.0,17.0,20.0,36.0,12.0,5.0,31.0,20.0,20.0,3.2160749435424805,3.0,4.0,36168.0,3.206679105758667,3.0,4.0,9043.0,OpenML_1461_bank-marketing,OpenML_1461_bank-marketing,1461,bank-marketing,45211,16,10,6,0.8041,0.8628,,0.6769,,20.0,12.0,31.0
2,A_no_mask_no_pp,False,False,False,False,balanced_acc,val_loss,val_loss,val_bacc,512,B4_D3_K16,0.3032255025042122,0.0278288789009531,0.004649651727235,0.03827845941643,0.0741958801750993,balanced_bce,4,3,16,64,0.25,512,512,55.4405060261488,,0.4831,0.7548,0.7808,0.3873,0.8545,0.4304,0.6403,0.2989,0.9682,19080,6469,627,2758,0.3219,0.4815,0.7582,0.7888,0.3983,0.8579,0.4379,0.6452,0.3041,0.9706,4784,1604,145,701,0.0693,0.4772,0.7597,0.7852,0.3948,0.8546,0.4517,0.6452,0.3042,0.969,6004,1981,192,866,0.0843,435.0,482.0,-47.0,13076.0,14296.0,-1220.0,4488.0,4865.0,-377.0,1892.0,2057.0,-165.0,38,51,14,0,2,12,3.0,3.0,3.0,36168,3.0,3.0,3.0,9043,,,,,,,,,,,,,,,,,,,,,,,,,,,,,,,,,,,,,,,,,,,,,,,,,,,,,,,,,,,,,,,,,,,,,,,,,,,,,OpenML_1461_bank-marketing,OpenML_1461_bank-marketing,1461,bank-marketing,45211,16,10,6,,,,,,,,
2,B_mask_no_pp,True,False,True,False,balanced_acc,val_loss,val_loss,val_bacc,512,B4_D3_K16,0.3032255025042122,0.0278288789009531,0.004649651727235,0.03827845941643,0.0741958801750993,balanced_bce,4,3,16,64,0.25,512,512,67.64431140571833,,0.4363,0.756,0.7862,0.3944,0.8406,0.4052,0.6429,0.3017,0.97,19079,6470,590,2795,0.2823,0.4471,0.7497,0.7824,0.387,0.8336,0.389,0.6372,0.2956,0.9696,4725,1663,148,698,0.0695,0.433,0.7582,0.7872,0.3965,0.8429,0.4312,0.6447,0.3037,0.97,5983,2002,185,873,0.085,405.0,442.0,-37.0,13096.0,14354.0,-1258.0,4468.0,4807.0,-339.0,1922.0,2097.0,-175.0,22,30,9,2,1,8,2.615129396151294,3.0,3.0,36168,2.6169412805484904,3.0,3.0,9043,,,,,,,,,,,,,,,,,,,,,,,,,,,,,,,,,,,,,,,,,,,,,,,,,,,,,,,,,,,,,,,,,,,,,,,,,,,,,OpenML_1461_bank-marketing,OpenML_1461_bank-marketing,1461,bank-marketing,45211,16,10,6,,,,,,,,
2,C_mask_pp,True,True,True,False,balanced_acc,val_loss,val_loss,val_bacc,512,B4_D3_K16,0.3032255025042122,0.0278288789009531,0.004649651727235,0.03827845941643,0.0741958801750993,balanced_bce,4,3,16,64,0.25,512,512,68.32286744564772,,0.4363,0.756,0.7862,0.3944,0.8406,0.4052,0.6429,0.3017,0.97,19079,6470,590,2795,0.2834,0.4471,0.7497,0.7824,0.387,0.8336,0.389,0.6372,0.2956,0.9696,4725,1663,148,698,0.0713,0.433,0.7582,0.7872,0.3965,0.8429,0.4312,0.6447,0.3037,0.97,5983,2002,185,873,0.0851,405.0,442.0,-37.0,13096.0,14354.0,-1258.0,4468.0,4807.0,-339.0,1922.0,2097.0,-175.0,22,30,9,2,1,8,2.615129396151294,3.0,3.0,36168,2.6169412805484904,3.0,3.0,9043,0.4363,0.756,0.7862,0.3944,0.8406,0.4052,0.6429,0.3017,0.97,19079.0,6470.0,590.0,2795.0,0.3686,0.4471,0.7497,0.7824,0.387,0.8336,0.389,0.6372,0.2956,0.9696,4725.0,1663.0,148.0,698.0,0.0916,0.433,0.7582,0.7872,0.3965,0.8429,0.4312,0.6447,0.3037,0.97,5983.0,2002.0,185.0,873.0,0.1167,405.0,442.0,-37.0,13096.0,14354.0,-1258.0,4468.0,4807.0,-339.0,1922.0,2097.0,-175.0,15.0,21.0,7.0,1.0,3.0,4.0,8.0,15.0,22.0,7.0,1.0,21.0,15.0,15.0,2.6151294708251958,3.0,3.0,36168.0,2.616941213607788,3.0,3.0,9043.0,OpenML_1461_bank-marketing,OpenML_1461_bank-marketing,1461,bank-marketing,45211,16,10,6,0.7872,0.8429,,0.6447,,15.0,7.0,21.0
2,D_no_mask_pp,False,True,False,False,balanced_acc,val_loss,val_loss,val_bacc,512,B4_D3_K16,0.3032255025042122,0.0278288789009531,0.004649651727235,0.03827845941643,0.0741958801750993,balanced_bce,4,3,16,64,0.25,512,512,54.80115301907063,,0.4831,0.7548,0.7808,0.3873,0.8545,0.4304,0.6403,0.2989,0.9682,19080,6469,627,2758,0.2622,0.4815,0.7582,0.7888,0.3983,0.8579,0.4379,0.6452,0.3041,0.9706,4784,1604,145,701,0.0621,0.4772,0.7597,0.7852,0.3948,0.8546,0.4517,0.6452,0.3042,0.969,6004,1981,192,866,0.0742,435.0,482.0,-47.0,13076.0,14296.0,-1220.0,4488.0,4865.0,-377.0,1892.0,2057.0,-165.0,38,51,14,0,2,12,3.0,3.0,3.0,36168,3.0,3.0,3.0,9043,0.4831,0.7548,0.7808,0.3873,0.8545,0.4304,0.6403,0.2989,0.9682,19080.0,6469.0,627.0,2758.0,0.3605,0.4815,0.7582,0.7888,0.3983,0.8579,0.4379,0.6452,0.3041,0.9706,4784.0,1604.0,145.0,701.0,0.1013,0.4772,0.7597,0.7852,0.3948,0.8546,0.4517,0.6452,0.3042,0.969,6004.0,1981.0,192.0,866.0,0.1126,435.0,482.0,-47.0,13076.0,14296.0,-1220.0,4488.0,4865.0,-377.0,1892.0,2057.0,-165.0,14.0,20.0,7.0,1.0,4.0,3.0,8.0,14.0,21.0,7.0,1.0,20.0,14.0,14.0,2.9660749435424805,3.0,3.0,36168.0,2.968594551086426,3.0,3.0,9043.0,OpenML_1461_bank-marketing,OpenML_1461_bank-marketing,1461,bank-marketing,45211,16,10,6,0.7852,0.8546,,0.6452,,14.0,7.0,20.0
3,A_no_mask_no_pp,False,False,False,False,balanced_acc,val_loss,val_loss,val_bacc,512,B4_D4_K16,0.2896644274993294,0.0062402484517177,0.0163873492757101,0.0598090770811219,0.004274270658312,balanced_bce,4,4,16,256,0.0625,512,512,81.36897213757038,,0.47,0.816,0.8002,0.4461,0.8743,0.4518,0.6926,0.3657,0.9657,20972,4577,746,2639,0.2506,0.4657,0.8192,0.8023,0.4509,0.8681,0.4515,0.6959,0.3704,0.9659,5266,1122,186,660,0.0663,0.4831,0.811,0.8053,0.4481,0.8697,0.4477,0.6903,0.3608,0.9681,6490,1495,214,844,0.2197,532.0,560.0,-28.0,14482.0,15706.0,-1224.0,3082.0,3455.0,-373.0,1795.0,1979.0,-184.0,147,204,58,2,8,50,4.0,4.0,4.0,36168,4.0,4.0,4.0,9043,,,,,,,,,,,,,,,,,,,,,,,,,,,,,,,,,,,,,,,,,,,,,,,,,,,,,,,,,,,,,,,,,,,,,,,,,,,,,OpenML_1461_bank-marketing,OpenML_1461_bank-marketing,1461,bank-marketing,45211,16,10,6,,,,,,,,
3,B_mask_no_pp,True,False,True,False,balanced_acc,val_loss,val_loss,val_bacc,512,B4_D4_K16,0.2896644274993294,0.0062402484517177,0.0163873492757101,0.0598090770811219,0.004274270658312,balanced_bce,4,4,16,256,0.0625,512,512,60.69929242879152,,0.4769,0.7578,0.7981,0.4094,0.8741,0.4737,0.6478,0.3069,0.9742,19045,6504,505,2880,0.3979,0.4761,0.7591,0.7979,0.4097,0.8705,0.4668,0.6487,0.3078,0.9739,4773,1615,128,718,0.0653,0.4858,0.7524,0.7958,0.4044,0.8696,0.471,0.6434,0.3022,0.9742,5902,2083,156,902,0.0808,349.0,377.0,-28.0,13143.0,14272.0,-1129.0,4421.0,4889.0,-468.0,1978.0,2162.0,-184.0,112,155,44,6,6,38,3.9818900685689007,4.0,4.0,36168,3.9817538427512993,4.0,4.0,9043,,,,,,,,,,,,,,,,,,,,,,,,,,,,,,,,,,,,,,,,,,,,,,,,,,,,,,,,,,,,,,,,,,,,,,,,,,,,,OpenML_1461_bank-marketing,OpenML_1461_bank-marketing,1461,bank-marketing,45211,16,10,6,,,,,,,,
3,C_mask_pp,True,True,True,False,balanced_acc,val_loss,val_loss,val_bacc,512,B4_D4_K16,0.2896644274993294,0.0062402484517177,0.0163873492757101,0.0598090770811219,0.004274270658312,balanced_bce,4,4,16,256,0.0625,512,512,59.86857600137592,,0.4769,0.7578,0.7981,0.4094,0.8741,0.4737,0.6478,0.3069,0.9742,19045,6504,505,2880,0.4094,0.4761,0.7591,0.7979,0.4097,0.8705,0.4668,0.6487,0.3078,0.9739,4773,1615,128,718,0.0682,0.4858,0.7524,0.7958,0.4044,0.8696,0.471,0.6434,0.3022,0.9742,5902,2083,156,902,0.0858,349.0,377.0,-28.0,13143.0,14272.0,-1129.0,4421.0,4889.0,-468.0,1978.0,2162.0,-184.0,112,155,44,6,6,38,3.9818900685689007,4.0,4.0,36168,3.9817538427512993,4.0,4.0,9043,0.4769,0.7578,0.7981,0.4094,0.8741,0.4737,0.6478,0.3069,0.9742,19045.0,6504.0,505.0,2880.0,0.3918,0.4761,0.7591,0.7979,0.4097,0.8705,0.4668,0.6487,0.3078,0.9739,4773.0,1615.0,128.0,718.0,0.0977,0.4858,0.7524,0.7958,0.4044,0.8696,0.471,0.6434,0.3022,0.9742,5902.0,2083.0,156.0,902.0,0.1225,349.0,377.0,-28.0,13143.0,14272.0,-1129.0,4421.0,4889.0,-468.0,1978.0,2162.0,-184.0,37.0,56.0,20.0,6.0,11.0,9.0,26.0,37.0,62.0,20.0,6.0,56.0,37.0,37.0,3.8784008026123047,4.0,4.0,36168.0,3.879575252532959,4.0,4.0,9043.0,OpenML_1461_bank-marketing,OpenML_1461_bank-marketing,1461,bank-marketing,45211,16,10,6,0.7958,0.8696,,0.6434,,37.0,20.0,56.0
3,D_no_mask_pp,False,True,False,False,balanced_acc,val_loss,val_loss,val_bacc,512,B4_D4_K16,0.2896644274993294,0.0062402484517177,0.0163873492757101,0.0598090770811219,0.004274270658312,balanced_bce,4,4,16,256,0.0625,512,512,80.65098677203059,,0.47,0.816,0.8002,0.4461,0.8743,0.4518,0.6926,0.3657,0.9657,20972,4577,746,2639,0.2671,0.4657,0.8192,0.8023,0.4509,0.8681,0.4515,0.6959,0.3704,0.9659,5266,1122,186,660,0.0665,0.4831,0.811,0.8053,0.4481,0.8697,0.4477,0.6903,0.3608,0.9681,6490,1495,214,844,0.237,532.0,560.0,-28.0,14482.0,15706.0,-1224.0,3082.0,3455.0,-373.0,1795.0,1979.0,-184.0,147,204,58,2,8,50,4.0,4.0,4.0,36168,4.0,4.0,4.0,9043,0.47,0.816,0.8002,0.4461,0.8743,0.4518,0.6926,0.3657,0.9657,20972.0,4577.0,746.0,2639.0,0.3899,0.4657,0.8192,0.8023,0.4509,0.8681,0.4515,0.6959,0.3704,0.9659,5266.0,1122.0,186.0,660.0,0.1254,0.4831,0.811,0.8053,0.4481,0.8697,0.4477,0.6903,0.3608,0.9681,6490.0,1495.0,214.0,844.0,0.1229,532.0,560.0,-28.0,14482.0,15706.0,-1224.0,3082.0,3455.0,-373.0,1795.0,1979.0,-184.0,33.0,49.0,17.0,4.0,8.0,9.0,21.0,33.0,53.0,17.0,4.0,49.0,33.0,33.0,3.859931468963623,4.0,4.0,36168.0,3.853367328643799,4.0,4.0,9043.0,OpenML_1461_bank-marketing,OpenML_1461_bank-marketing,1461,bank-marketing,45211,16,10,6,0.8053,0.8697,,0.6903,,33.0,17.0,49.0
4,A_no_mask_no_pp,False,False,False,False,balanced_acc,val_loss,val_loss,val_bacc,512,B3_D4_K36,0.1086049473251928,0.0099005196576793,0.0017778912487931,0.0015763448547181,0.0020431076399044,balanced_bce,3,4,36,81,0.4444444444444444,512,512,108.17061360180378,,0.5234,0.7793,0.7874,0.407,0.845,0.3535,0.6599,0.3215,0.9667,19848,5701,684,2701,0.2703,0.5137,0.7922,0.806,0.4363,0.8552,0.3571,0.6756,0.3398,0.9713,5034,1354,149,697,0.0684,0.5194,0.7867,0.8095,0.4373,0.8575,0.3605,0.6726,0.3355,0.9734,6226,1759,170,888,0.0859,514.0,535.0,-21.0,13622.0,14814.0,-1192.0,3942.0,4347.0,-405.0,1813.0,2004.0,-191.0,49,72,24,4,0,24,3.6359765538597655,4.0,4.0,36168,3.6308747097202256,4.0,4.0,9043,,,,,,,,,,,,,,,,,,,,,,,,,,,,,,,,,,,,,,,,,,,,,,,,,,,,,,,,,,,,,,,,,,,,,,,,,,,,,OpenML_1461_bank-marketing,OpenML_1461_bank-marketing,1461,bank-marketing,45211,16,10,6,,,,,,,,
4,B_mask_no_pp,True,False,True,False,balanced_acc,val_loss,val_loss,val_bacc,512,B3_D4_K36,0.1086049473251928,0.0099005196576793,0.0017778912487931,0.0015763448547181,0.0020431076399044,balanced_bce,3,4,36,81,0.4444444444444444,512,512,121.2550608664751,,0.4803,0.8204,0.7832,0.4297,0.8501,0.3876,0.69,0.3665,0.9595,21250,4299,898,2487,0.3731,0.476,0.8237,0.7966,0.4481,0.8543,0.3863,0.6977,0.3751,0.9634,5315,1073,202,644,0.0845,0.4748,0.8268,0.8011,0.456,0.8547,0.4031,0.702,0.3809,0.9644,6665,1320,246,812,0.1126,652.0,696.0,-44.0,14585.0,15935.0,-1350.0,2979.0,3226.0,-247.0,1675.0,1843.0,-168.0,61,91,31,6,2,29,3.5424408316744085,4.0,4.0,36168,3.54218732721442,4.0,4.0,9043,,,,,,,,,,,,,,,,,,,,,,,,,,,,,,,,,,,,,,,,,,,,,,,,,,,,,,,,,,,,,,,,,,,,,,,,,,,,,OpenML_1461_bank-marketing,OpenML_1461_bank-marketing,1461,bank-marketing,45211,16,10,6,,,,,,,,
4,C_mask_pp,True,True,True,False,balanced_acc,val_loss,val_loss,val_bacc,512,B3_D4_K36,0.1086049473251928,0.0099005196576793,0.0017778912487931,0.0015763448547181,0.0020431076399044,balanced_bce,3,4,36,81,0.4444444444444444,512,512,120.70948004350066,,0.4803,0.8204,0.7832,0.4297,0.8501,0.3876,0.69,0.3665,0.9595,21250,4299,898,2487,0.2851,0.476,0.8237,0.7966,0.4481,0.8543,0.3863,0.6977,0.3751,0.9634,5315,1073,202,644,0.0684,0.4748,0.8268,0.8011,0.456,0.8547,0.4031,0.702,0.3809,0.9644,6665,1320,246,812,0.0868,652.0,696.0,-44.0,14585.0,15935.0,-1350.0,2979.0,3226.0,-247.0,1675.0,1843.0,-168.0,61,91,31,6,2,29,3.5424408316744085,4.0,4.0,36168,3.54218732721442,4.0,4.0,9043,0.4803,0.8204,0.7832,0.4297,0.8501,0.3876,0.69,0.3665,0.9595,21250.0,4299.0,898.0,2487.0,0.4036,0.476,0.8237,0.7966,0.4481,0.8543,0.3863,0.6977,0.3751,0.9634,5315.0,1073.0,202.0,644.0,0.1368,0.4748,0.8268,0.8011,0.456,0.8547,0.4031,0.702,0.3809,0.9644,6665.0,1320.0,246.0,812.0,0.1701,652.0,696.0,-44.0,14585.0,15935.0,-1350.0,2979.0,3226.0,-247.0,1675.0,1843.0,-168.0,24.0,38.0,15.0,4.0,7.0,8.0,19.0,24.0,42.0,15.0,4.0,38.0,24.0,24.0,3.526293992996216,4.0,4.0,36168.0,3.526374101638794,4.0,4.0,9043.0,OpenML_1461_bank-marketing,OpenML_1461_bank-marketing,1461,bank-marketing,45211,16,10,6,0.8011,0.8547,,0.702,,24.0,15.0,38.0
4,D_no_mask_pp,False,True,False,False,balanced_acc,val_loss,val_loss,val_bacc,512,B3_D4_K36,0.1086049473251928,0.0099005196576793,0.0017778912487931,0.0015763448547181,0.0020431076399044,balanced_bce,3,4,36,81,0.4444444444444444,512,512,110.1814641021192,,0.5234,0.7793,0.7874,0.407,0.845,0.3535,0.6599,0.3215,0.9667,19848,5701,684,2701,0.288,0.5137,0.7922,0.806,0.4363,0.8552,0.3571,0.6756,0.3398,0.9713,5034,1354,149,697,0.0661,0.5194,0.7867,0.8095,0.4373,0.8575,0.3605,0.6726,0.3355,0.9734,6226,1759,170,888,0.0844,514.0,535.0,-21.0,13622.0,14814.0,-1192.0,3942.0,4347.0,-405.0,1813.0,2004.0,-191.0,49,72,24,4,0,24,3.6359765538597655,4.0,4.0,36168,3.6308747097202256,4.0,4.0,9043,0.5234,0.7793,0.7874,0.407,0.845,0.3535,0.6599,0.3215,0.9667,19848.0,5701.0,684.0,2701.0,0.3775,0.5137,0.7922,0.806,0.4363,0.8552,0.3571,0.6756,0.3398,0.9713,5034.0,1354.0,149.0,697.0,0.0948,0.5194,0.7867,0.8095,0.4373,0.8575,0.3605,0.6726,0.3355,0.9734,6226.0,1759.0,170.0,888.0,0.1234,514.0,535.0,-21.0,13622.0,14814.0,-1192.0,3942.0,4347.0,-405.0,1813.0,2004.0,-191.0,22.0,34.0,13.0,2.0,5.0,8.0,15.0,22.0,36.0,13.0,2.0,34.0,22.0,22.0,3.635976552963257,4.0,4.0,36168.0,3.6308746337890634,4.0,4.0,9043.0,OpenML_1461_bank-marketing,OpenML_1461_bank-marketing,1461,bank-marketing,45211,16,10,6,0.8095,0.8575,,0.6726,,22.0,13.0,34.0
0,A_no_mask_no_pp,False,False,False,False,balanced_acc,val_loss,val_loss,val_bacc,73,B4_D4_K64,0.124961855477815,0.0585279023157673,0.0010829529779464,0.0344070142563051,0.050454825590789,balanced_bce,4,4,64,256,0.25,58,73,14.272905252873898,,0.1153,0.9532,0.9523,0.9053,0.9917,0.9874,0.9526,0.9509,0.9551,468,19,22,368,0.0095,0.0741,0.9773,0.9785,0.9545,0.9969,0.9955,0.9771,0.9604,0.9916,118,4,1,97,0.0025,0.1007,0.9673,0.9673,0.9338,0.9953,0.9935,0.9669,0.9593,0.9737,148,5,4,118,0.004,18.0,21.0,-3.0,320.0,350.0,-30.0,14.0,15.0,-1.0,250.0,271.0,-21.0,83,116,34,21,10,24,3.1850501367365545,3.0,4.0,1097,3.178181818181818,3.0,4.0,275,,,,,,,,,,,,,,,,,,,,,,,,,,,,,,,,,,,,,,,,,,,,,,,,,,,,,,,,,,,,,,,,,,,,,,,,,,,,,OpenML_1462_banknote-authentication,OpenML_1462_banknote-authentication,1462,banknote-authentication,1372,4,4,0,,,,,,,,
0,B_mask_no_pp,True,False,True,False,balanced_acc,val_loss,val_loss,val_bacc,73,B4_D4_K64,0.124961855477815,0.0585279023157673,0.0010829529779464,0.0344070142563051,0.050454825590789,balanced_bce,4,4,64,256,0.25,58,73,13.328921534121037,,0.0277,0.9977,0.9974,0.9954,0.9999,0.9999,0.9977,1.0,0.9959,487,0,2,388,0.0096,0.0469,0.9955,0.9949,0.9908,0.9957,0.9964,0.9954,1.0,0.9919,122,0,1,97,0.0025,0.0628,0.9891,0.9885,0.9779,0.9938,0.9828,0.9889,0.9917,0.987,152,1,2,120,0.0039,0.0,1.0,-1.0,335.0,365.0,-30.0,-1.0,0.0,-1.0,268.0,291.0,-23.0,75,109,35,21,10,25,3.088422971741112,3.0,4.0,1097,3.105454545454545,3.0,4.0,275,,,,,,,,,,,,,,,,,,,,,,,,,,,,,,,,,,,,,,,,,,,,,,,,,,,,,,,,,,,,,,,,,,,,,,,,,,,,,OpenML_1462_banknote-authentication,OpenML_1462_banknote-authentication,1462,banknote-authentication,1372,4,4,0,,,,,,,,
0,C_mask_pp,True,True,True,False,balanced_acc,val_loss,val_loss,val_bacc,73,B4_D4_K64,0.124961855477815,0.0585279023157673,0.0010829529779464,0.0344070142563051,0.050454825590789,balanced_bce,4,4,64,256,0.25,58,73,13.57284177467227,,0.0277,0.9977,0.9974,0.9954,0.9999,0.9999,0.9977,1.0,0.9959,487,0,2,388,0.0098,0.0469,0.9955,0.9949,0.9908,0.9957,0.9964,0.9954,1.0,0.9919,122,0,1,97,0.0025,0.0628,0.9891,0.9885,0.9779,0.9938,0.9828,0.9889,0.9917,0.987,152,1,2,120,0.0042,0.0,1.0,-1.0,335.0,365.0,-30.0,-1.0,0.0,-1.0,268.0,291.0,-23.0,75,109,35,21,10,25,3.088422971741112,3.0,4.0,1097,3.105454545454545,3.0,4.0,275,0.0277,0.9977,0.9974,0.9954,0.9999,0.9999,0.9977,1.0,0.9959,487.0,0.0,2.0,388.0,0.0158,0.0469,0.9955,0.9949,0.9908,0.9957,0.9964,0.9954,1.0,0.9919,122.0,0.0,1.0,97.0,0.0041,0.0619,0.9891,0.9885,0.9779,0.9939,0.983,0.9889,0.9917,0.987,152.0,1.0,2.0,120.0,0.0073,0.0,1.0,-1.0,335.0,365.0,-30.0,-1.0,0.0,-1.0,268.0,291.0,-23.0,37.0,56.0,20.0,26.0,10.0,10.0,46.0,37.0,82.0,20.0,26.0,56.0,37.0,30.0,2.989061117172241,3.0,4.0,1097.0,3.014545440673828,3.0,4.0,275.0,OpenML_1462_banknote-authentication,OpenML_1462_banknote-authentication,1462,banknote-authentication,1372,4,4,0,0.9885,0.9939,,0.9889,,37.0,20.0,56.0
0,D_no_mask_pp,False,True,False,False,balanced_acc,val_loss,val_loss,val_bacc,73,B4_D4_K64,0.124961855477815,0.0585279023157673,0.0010829529779464,0.0344070142563051,0.050454825590789,balanced_bce,4,4,64,256,0.25,58,73,14.685540456324816,,0.1153,0.9532,0.9523,0.9053,0.9917,0.9874,0.9526,0.9509,0.9551,468,19,22,368,0.0092,0.0741,0.9773,0.9785,0.9545,0.9969,0.9955,0.9771,0.9604,0.9916,118,4,1,97,0.0024,0.1007,0.9673,0.9673,0.9338,0.9953,0.9935,0.9669,0.9593,0.9737,148,5,4,118,0.004,18.0,21.0,-3.0,320.0,350.0,-30.0,14.0,15.0,-1.0,250.0,271.0,-21.0,83,116,34,21,10,24,3.1850501367365545,3.0,4.0,1097,3.178181818181818,3.0,4.0,275,0.1153,0.9532,0.9523,0.9053,0.9917,0.9874,0.9526,0.9509,0.9551,468.0,19.0,22.0,368.0,0.0128,0.0741,0.9773,0.9785,0.9545,0.9969,0.9955,0.9771,0.9604,0.9916,118.0,4.0,1.0,97.0,0.0034,0.0924,0.9673,0.9673,0.9338,0.9959,0.9939,0.9669,0.9593,0.9737,148.0,5.0,4.0,118.0,0.0065,18.0,21.0,-3.0,320.0,350.0,-30.0,14.0,15.0,-1.0,250.0,271.0,-21.0,54.0,79.0,26.0,24.0,11.0,15.0,50.0,54.0,103.0,26.0,24.0,79.0,54.0,43.0,3.161349058151245,3.0,4.0,1097.0,3.1563637256622314,3.0,4.0,275.0,OpenML_1462_banknote-authentication,OpenML_1462_banknote-authentication,1462,banknote-authentication,1372,4,4,0,0.9673,0.9959,,0.9669,,54.0,26.0,79.0
1,A_no_mask_no_pp,False,False,False,False,balanced_acc,val_loss,val_loss,val_bacc,73,B4_D4_K32,0.3138659077451284,0.0786913836046552,0.0043463897413509,0.0447783886976653,0.0093589840165224,balanced_bce,4,4,32,256,0.125,58,73,13.7003057859838,,0.0142,0.9966,0.9964,0.9931,0.9999,0.9998,0.9965,0.9974,0.9959,486,1,2,388,0.0122,0.0496,0.9909,0.9918,0.9818,0.9969,0.9947,0.9908,0.98,1.0,120,2,0,98,0.0032,0.0759,0.9855,0.9861,0.9707,0.9905,0.9783,0.9853,0.9758,0.9934,150,3,1,121,0.0052,1.0,2.0,-1.0,336.0,366.0,-30.0,-2.0,-1.0,-1.0,267.0,290.0,-23.0,87,120,34,24,6,28,2.859617137648131,3.0,4.0,1097,2.901818181818182,3.0,4.0,275,,,,,,,,,,,,,,,,,,,,,,,,,,,,,,,,,,,,,,,,,,,,,,,,,,,,,,,,,,,,,,,,,,,,,,,,,,,,,OpenML_1462_banknote-authentication,OpenML_1462_banknote-authentication,1462,banknote-authentication,1372,4,4,0,,,,,,,,
1,B_mask_no_pp,True,False,True,False,balanced_acc,val_loss,val_loss,val_bacc,73,B4_D4_K32,0.3138659077451284,0.0786913836046552,0.0043463897413509,0.0447783886976653,0.0093589840165224,balanced_bce,4,4,32,256,0.125,58,73,14.689773984253408,,0.0189,0.9966,0.9967,0.9931,0.9994,0.9988,0.9965,0.9949,0.9979,485,2,1,389,0.0096,0.0223,0.9955,0.9949,0.9908,0.9999,0.9998,0.9954,1.0,0.9919,122,0,1,97,0.0026,0.0746,0.9891,0.9894,0.9779,0.9863,0.9816,0.989,0.9837,0.9934,151,2,1,121,0.0041,0.0,0.0,0.0,334.0,363.0,-29.0,0.0,2.0,-2.0,268.0,292.0,-24.0,50,72,23,20,9,14,3.2324521422060166,3.0,4.0,1097,3.2545454545454544,3.0,4.0,275,,,,,,,,,,,,,,,,,,,,,,,,,,,,,,,,,,,,,,,,,,,,,,,,,,,,,,,,,,,,,,,,,,,,,,,,,,,,,OpenML_1462_banknote-authentication,OpenML_1462_banknote-authentication,1462,banknote-authentication,1372,4,4,0,,,,,,,,
1,C_mask_pp,True,True,True,False,balanced_acc,val_loss,val_loss,val_bacc,73,B4_D4_K32,0.3138659077451284,0.0786913836046552,0.0043463897413509,0.0447783886976653,0.0093589840165224,balanced_bce,4,4,32,256,0.125,58,73,14.603904183954,,0.0189,0.9966,0.9967,0.9931,0.9994,0.9988,0.9965,0.9949,0.9979,485,2,1,389,0.0094,0.0223,0.9955,0.9949,0.9908,0.9999,0.9998,0.9954,1.0,0.9919,122,0,1,97,0.0024,0.0746,0.9891,0.9894,0.9779,0.9863,0.9816,0.989,0.9837,0.9934,151,2,1,121,0.0039,0.0,0.0,0.0,334.0,363.0,-29.0,0.0,2.0,-2.0,268.0,292.0,-24.0,50,72,23,20,9,14,3.2324521422060166,3.0,4.0,1097,3.2545454545454544,3.0,4.0,275,0.0189,0.9966,0.9967,0.9931,0.9994,0.9988,0.9965,0.9949,0.9979,485.0,2.0,1.0,389.0,0.0148,0.0223,0.9955,0.9949,0.9908,0.9999,0.9998,0.9954,1.0,0.9919,122.0,0.0,1.0,97.0,0.0043,0.0742,0.9891,0.9894,0.9779,0.9863,0.9816,0.989,0.9837,0.9934,151.0,2.0,1.0,121.0,0.0058,0.0,0.0,0.0,334.0,363.0,-29.0,0.0,2.0,-2.0,268.0,292.0,-24.0,30.0,43.0,14.0,20.0,5.0,9.0,34.0,30.0,63.0,14.0,20.0,43.0,30.0,25.0,3.1422059535980225,3.0,4.0,1097.0,3.1927273273468018,3.0,4.0,275.0,OpenML_1462_banknote-authentication,OpenML_1462_banknote-authentication,1462,banknote-authentication,1372,4,4,0,0.9894,0.9863,,0.989,,30.0,14.0,43.0
1,D_no_mask_pp,False,True,False,False,balanced_acc,val_loss,val_loss,val_bacc,73,B4_D4_K32,0.3138659077451284,0.0786913836046552,0.0043463897413509,0.0447783886976653,0.0093589840165224,balanced_bce,4,4,32,256,0.125,58,73,13.10832055285573,,0.0142,0.9966,0.9964,0.9931,0.9999,0.9998,0.9965,0.9974,0.9959,486,1,2,388,0.0093,0.0496,0.9909,0.9918,0.9818,0.9969,0.9947,0.9908,0.98,1.0,120,2,0,98,0.0024,0.0759,0.9855,0.9861,0.9707,0.9905,0.9783,0.9853,0.9758,0.9934,150,3,1,121,0.0037,1.0,2.0,-1.0,336.0,366.0,-30.0,-2.0,-1.0,-1.0,267.0,290.0,-23.0,87,120,34,24,6,28,2.859617137648131,3.0,4.0,1097,2.901818181818182,3.0,4.0,275,0.0142,0.9966,0.9964,0.9931,0.9999,0.9998,0.9965,0.9974,0.9959,486.0,1.0,2.0,388.0,0.0162,0.0496,0.9909,0.9918,0.9818,0.9969,0.9947,0.9908,0.98,1.0,120.0,2.0,0.0,98.0,0.0038,0.0729,0.9891,0.9894,0.9779,0.9906,0.9784,0.989,0.9837,0.9934,151.0,2.0,1.0,121.0,0.0065,1.0,2.0,-1.0,335.0,366.0,-31.0,-1.0,-1.0,0.0,267.0,290.0,-23.0,43.0,63.0,21.0,25.0,7.0,14.0,46.0,43.0,88.0,21.0,25.0,63.0,43.0,31.0,2.830446720123291,3.0,4.0,1097.0,2.880000114440918,3.0,4.0,275.0,OpenML_1462_banknote-authentication,OpenML_1462_banknote-authentication,1462,banknote-authentication,1372,4,4,0,0.9894,0.9906,,0.989,,43.0,21.0,63.0
2,A_no_mask_no_pp,False,False,False,False,balanced_acc,val_loss,val_loss,val_bacc,73,B4_D4_K48,0.2494531122228743,0.0020018167423059,0.0162154124363171,0.0561189883312344,0.0066877041317744,balanced_bce,4,4,48,256,0.1875,58,73,9.656554736196997,,0.0553,0.9863,0.9869,0.9724,0.9967,0.9936,0.9862,0.9773,0.9938,478,9,3,387,0.0096,0.0428,0.9909,0.9908,0.9816,0.9995,0.9993,0.9908,0.9898,0.9918,121,1,1,97,0.0026,0.064,0.9818,0.9837,0.964,0.9967,0.9935,0.9817,0.9606,1.0,148,5,0,122,0.0044,3.0,2.0,1.0,330.0,357.0,-27.0,4.0,8.0,-4.0,265.0,290.0,-25.0,114,160,47,26,11,36,3.395624430264357,3.0,4.0,1097,3.410909090909091,3.0,4.0,275,,,,,,,,,,,,,,,,,,,,,,,,,,,,,,,,,,,,,,,,,,,,,,,,,,,,,,,,,,,,,,,,,,,,,,,,,,,,,OpenML_1462_banknote-authentication,OpenML_1462_banknote-authentication,1462,banknote-authentication,1372,4,4,0,,,,,,,,
2,B_mask_no_pp,True,False,True,False,balanced_acc,val_loss,val_loss,val_bacc,73,B4_D4_K48,0.2494531122228743,0.0020018167423059,0.0162154124363171,0.0561189883312344,0.0066877041317744,balanced_bce,4,4,48,256,0.1875,58,73,10.357040166854858,,0.0477,0.9943,0.9938,0.9885,0.9965,0.9944,0.9942,0.9974,0.9918,486,1,4,386,0.011,0.0288,1.0,1.0,1.0,1.0,1.0,1.0,1.0,1.0,122,0,0,98,0.0027,0.0636,0.9927,0.9926,0.9853,0.9908,0.9749,0.9926,0.9918,0.9935,152,1,1,121,0.0042,3.0,4.0,-1.0,334.0,364.0,-30.0,0.0,1.0,-1.0,265.0,288.0,-23.0,70,99,30,23,9,21,3.1011850501367366,3.0,4.0,1097,3.109090909090909,3.0,4.0,275,,,,,,,,,,,,,,,,,,,,,,,,,,,,,,,,,,,,,,,,,,,,,,,,,,,,,,,,,,,,,,,,,,,,,,,,,,,,,OpenML_1462_banknote-authentication,OpenML_1462_banknote-authentication,1462,banknote-authentication,1372,4,4,0,,,,,,,,
2,C_mask_pp,True,True,True,False,balanced_acc,val_loss,val_loss,val_bacc,73,B4_D4_K48,0.2494531122228743,0.0020018167423059,0.0162154124363171,0.0561189883312344,0.0066877041317744,balanced_bce,4,4,48,256,0.1875,58,73,10.453969471156595,,0.0477,0.9943,0.9938,0.9885,0.9965,0.9944,0.9942,0.9974,0.9918,486,1,4,386,0.0127,0.0288,1.0,1.0,1.0,1.0,1.0,1.0,1.0,1.0,122,0,0,98,0.0027,0.0636,0.9927,0.9926,0.9853,0.9908,0.9749,0.9926,0.9918,0.9935,152,1,1,121,0.0042,3.0,4.0,-1.0,334.0,364.0,-30.0,0.0,1.0,-1.0,265.0,288.0,-23.0,70,99,30,23,9,21,3.1011850501367366,3.0,4.0,1097,3.109090909090909,3.0,4.0,275,0.0477,0.9943,0.9938,0.9885,0.9965,0.9944,0.9942,0.9974,0.9918,486.0,1.0,4.0,386.0,0.0143,0.0288,1.0,1.0,1.0,1.0,1.0,1.0,1.0,1.0,122.0,0.0,0.0,98.0,0.0039,0.0634,0.9927,0.9926,0.9853,0.9908,0.9749,0.9926,0.9918,0.9935,152.0,1.0,1.0,121.0,0.0067,3.0,4.0,-1.0,334.0,364.0,-30.0,0.0,1.0,-1.0,265.0,288.0,-23.0,28.0,43.0,16.0,25.0,7.0,9.0,41.0,28.0,68.0,16.0,25.0,43.0,28.0,25.0,2.8951685428619385,3.0,4.0,1097.0,2.9127273559570312,3.0,4.0,275.0,OpenML_1462_banknote-authentication,OpenML_1462_banknote-authentication,1462,banknote-authentication,1372,4,4,0,0.9926,0.9908,,0.9926,,28.0,16.0,43.0
2,D_no_mask_pp,False,True,False,False,balanced_acc,val_loss,val_loss,val_bacc,73,B4_D4_K48,0.2494531122228743,0.0020018167423059,0.0162154124363171,0.0561189883312344,0.0066877041317744,balanced_bce,4,4,48,256,0.1875,58,73,9.80981319397688,,0.0553,0.9863,0.9869,0.9724,0.9967,0.9936,0.9862,0.9773,0.9938,478,9,3,387,0.0098,0.0428,0.9909,0.9908,0.9816,0.9995,0.9993,0.9908,0.9898,0.9918,121,1,1,97,0.0024,0.064,0.9818,0.9837,0.964,0.9967,0.9935,0.9817,0.9606,1.0,148,5,0,122,0.0043,3.0,2.0,1.0,330.0,357.0,-27.0,4.0,8.0,-4.0,265.0,290.0,-25.0,114,160,47,26,11,36,3.395624430264357,3.0,4.0,1097,3.410909090909091,3.0,4.0,275,0.0553,0.9863,0.9869,0.9724,0.9967,0.9936,0.9862,0.9773,0.9938,478.0,9.0,3.0,387.0,0.0138,0.0428,0.9909,0.9908,0.9816,0.9995,0.9993,0.9908,0.9898,0.9918,121.0,1.0,1.0,97.0,0.0037,0.064,0.9818,0.9837,0.964,0.9967,0.9935,0.9817,0.9606,1.0,148.0,5.0,0.0,122.0,0.0068,3.0,2.0,1.0,330.0,357.0,-27.0,4.0,8.0,-4.0,265.0,290.0,-25.0,44.0,69.0,26.0,23.0,14.0,12.0,49.0,44.0,92.0,26.0,23.0,69.0,44.0,31.0,3.16043758392334,3.0,4.0,1097.0,3.1672728061676025,3.0,4.0,275.0,OpenML_1462_banknote-authentication,OpenML_1462_banknote-authentication,1462,banknote-authentication,1372,4,4,0,0.9837,0.9967,,0.9817,,44.0,26.0,69.0
3,A_no_mask_no_pp,False,False,False,False,balanced_acc,val_loss,val_loss,val_bacc,73,B4_D4_K48,0.1033786112536866,0.0746127706772669,0.0011731671749695,0.0681520592601033,0.0648745190813863,balanced_bce,4,4,48,256,0.1875,58,73,12.304571703076364,,0.044,0.9932,0.9936,0.9862,0.9966,0.9938,0.9931,0.9873,0.9979,482,5,1,389,0.0096,0.0643,0.9818,0.9836,0.964,0.9985,0.9965,0.9817,0.9608,1.0,118,4,0,98,0.0025,0.1172,0.9709,0.9689,0.9413,0.983,0.9813,0.9704,0.9831,0.9618,151,2,6,116,0.0041,-5.0,1.0,-6.0,331.0,364.0,-33.0,3.0,1.0,2.0,273.0,291.0,-18.0,63,90,28,15,11,17,3.204193254329991,3.0,4.0,1097,3.170909090909091,3.0,4.0,275,,,,,,,,,,,,,,,,,,,,,,,,,,,,,,,,,,,,,,,,,,,,,,,,,,,,,,,,,,,,,,,,,,,,,,,,,,,,,OpenML_1462_banknote-authentication,OpenML_1462_banknote-authentication,1462,banknote-authentication,1372,4,4,0,,,,,,,,
3,B_mask_no_pp,True,False,True,False,balanced_acc,val_loss,val_loss,val_bacc,73,B4_D4_K48,0.1033786112536866,0.0746127706772669,0.0011731671749695,0.0681520592601033,0.0648745190813863,balanced_bce,4,4,48,256,0.1875,58,73,14.050635237246752,,0.0038,0.9989,0.999,0.9977,1.0,1.0,0.9988,0.9974,1.0,486,1,0,390,0.0095,0.0034,1.0,1.0,1.0,1.0,1.0,1.0,1.0,1.0,122,0,0,98,0.0027,0.009,0.9964,0.9967,0.9927,1.0,0.9999,0.9963,0.9919,1.0,152,1,0,122,0.004,0.0,0.0,0.0,334.0,364.0,-30.0,0.0,1.0,-1.0,268.0,292.0,-24.0,57,84,28,21,11,17,2.9316317228805837,3.0,4.0,1097,3.018181818181818,3.0,4.0,275,,,,,,,,,,,,,,,,,,,,,,,,,,,,,,,,,,,,,,,,,,,,,,,,,,,,,,,,,,,,,,,,,,,,,,,,,,,,,OpenML_1462_banknote-authentication,OpenML_1462_banknote-authentication,1462,banknote-authentication,1372,4,4,0,,,,,,,,
3,C_mask_pp,True,True,True,False,balanced_acc,val_loss,val_loss,val_bacc,73,B4_D4_K48,0.1033786112536866,0.0746127706772669,0.0011731671749695,0.0681520592601033,0.0648745190813863,balanced_bce,4,4,48,256,0.1875,58,73,13.94417179003358,,0.0038,0.9989,0.999,0.9977,1.0,1.0,0.9988,0.9974,1.0,486,1,0,390,0.0096,0.0034,1.0,1.0,1.0,1.0,1.0,1.0,1.0,1.0,122,0,0,98,0.0024,0.009,0.9964,0.9967,0.9927,1.0,0.9999,0.9963,0.9919,1.0,152,1,0,122,0.0041,0.0,0.0,0.0,334.0,364.0,-30.0,0.0,1.0,-1.0,268.0,292.0,-24.0,57,84,28,21,11,17,2.9316317228805837,3.0,4.0,1097,3.018181818181818,3.0,4.0,275,0.0038,0.9989,0.999,0.9977,1.0,1.0,0.9988,0.9974,1.0,486.0,1.0,0.0,390.0,0.0147,0.0034,1.0,1.0,1.0,1.0,1.0,1.0,1.0,1.0,122.0,0.0,0.0,98.0,0.0037,0.0595,0.9927,0.9926,0.9853,0.992,0.9952,0.9926,0.9918,0.9935,152.0,1.0,1.0,121.0,0.007,-1.0,0.0,-1.0,334.0,364.0,-30.0,0.0,1.0,-1.0,269.0,292.0,-23.0,30.0,46.0,17.0,23.0,9.0,8.0,40.0,30.0,69.0,17.0,23.0,46.0,30.0,27.0,2.8687329292297363,3.0,4.0,1097.0,2.9454545974731445,3.0,4.0,275.0,OpenML_1462_banknote-authentication,OpenML_1462_banknote-authentication,1462,banknote-authentication,1372,4,4,0,0.9926,0.992,,0.9926,,30.0,17.0,46.0
3,D_no_mask_pp,False,True,False,False,balanced_acc,val_loss,val_loss,val_bacc,73,B4_D4_K48,0.1033786112536866,0.0746127706772669,0.0011731671749695,0.0681520592601033,0.0648745190813863,balanced_bce,4,4,48,256,0.1875,58,73,11.786521408706903,,0.044,0.9932,0.9936,0.9862,0.9966,0.9938,0.9931,0.9873,0.9979,482,5,1,389,0.0092,0.0643,0.9818,0.9836,0.964,0.9985,0.9965,0.9817,0.9608,1.0,118,4,0,98,0.0025,0.1172,0.9709,0.9689,0.9413,0.983,0.9813,0.9704,0.9831,0.9618,151,2,6,116,0.0039,-5.0,1.0,-6.0,331.0,364.0,-33.0,3.0,1.0,2.0,273.0,291.0,-18.0,63,90,28,15,11,17,3.204193254329991,3.0,4.0,1097,3.170909090909091,3.0,4.0,275,0.044,0.9932,0.9936,0.9862,0.9966,0.9938,0.9931,0.9873,0.9979,482.0,5.0,1.0,389.0,0.0153,0.0643,0.9818,0.9836,0.964,0.9985,0.9965,0.9817,0.9608,1.0,118.0,4.0,0.0,98.0,0.0039,0.1161,0.9709,0.9689,0.9413,0.9833,0.9815,0.9704,0.9831,0.9618,151.0,2.0,6.0,116.0,0.0059,-5.0,1.0,-6.0,331.0,364.0,-33.0,3.0,1.0,2.0,273.0,291.0,-18.0,46.0,69.0,24.0,18.0,11.0,13.0,42.0,46.0,87.0,24.0,18.0,69.0,46.0,38.0,3.111212491989136,3.0,4.0,1097.0,3.112727165222168,3.0,4.0,275.0,OpenML_1462_banknote-authentication,OpenML_1462_banknote-authentication,1462,banknote-authentication,1372,4,4,0,0.9689,0.9833,,0.9704,,46.0,24.0,69.0
4,A_no_mask_no_pp,False,False,False,False,balanced_acc,val_loss,val_loss,val_bacc,73,B4_D4_K24,0.2913638836364565,0.02322792625711,0.003484973205815,0.0489419221309783,0.011588072078197,balanced_bce,4,4,24,256,0.09375,58,73,13.69009954854846,,0.0645,0.9818,0.9826,0.9633,0.9974,0.9966,0.9816,0.9698,0.9916,475,12,4,386,0.009,0.0374,1.0,1.0,1.0,1.0,1.0,1.0,1.0,1.0,122,0,0,98,0.0023,0.0393,0.9927,0.9926,0.9853,0.9996,0.9994,0.9926,0.9918,0.9935,152,1,1,121,0.0039,3.0,4.0,-1.0,323.0,353.0,-30.0,11.0,12.0,-1.0,265.0,288.0,-23.0,76,109,34,23,13,21,3.10665451230629,3.0,4.0,1097,3.065454545454545,3.0,4.0,275,,,,,,,,,,,,,,,,,,,,,,,,,,,,,,,,,,,,,,,,,,,,,,,,,,,,,,,,,,,,,,,,,,,,,,,,,,,,,OpenML_1462_banknote-authentication,OpenML_1462_banknote-authentication,1462,banknote-authentication,1372,4,4,0,,,,,,,,
4,B_mask_no_pp,True,False,True,False,balanced_acc,val_loss,val_loss,val_bacc,73,B4_D4_K24,0.2913638836364565,0.02322792625711,0.003484973205815,0.0489419221309783,0.011588072078197,balanced_bce,4,4,24,256,0.09375,58,73,14.582232717424631,,0.0157,0.9966,0.9964,0.9931,0.9999,0.9998,0.9965,0.9974,0.9959,486,1,2,388,0.0095,0.0068,1.0,1.0,1.0,1.0,1.0,1.0,1.0,1.0,122,0,0,98,0.0025,0.0166,0.9964,0.9967,0.9927,0.9999,0.9999,0.9963,0.9919,1.0,152,1,0,122,0.0043,2.0,2.0,0.0,334.0,364.0,-30.0,0.0,1.0,-1.0,266.0,290.0,-24.0,81,113,33,27,8,25,2.8505013673655424,3.0,4.0,1097,2.8945454545454545,3.0,4.0,275,,,,,,,,,,,,,,,,,,,,,,,,,,,,,,,,,,,,,,,,,,,,,,,,,,,,,,,,,,,,,,,,,,,,,,,,,,,,,OpenML_1462_banknote-authentication,OpenML_1462_banknote-authentication,1462,banknote-authentication,1372,4,4,0,,,,,,,,
4,C_mask_pp,True,True,True,False,balanced_acc,val_loss,val_loss,val_bacc,73,B4_D4_K24,0.2913638836364565,0.02322792625711,0.003484973205815,0.0489419221309783,0.011588072078197,balanced_bce,4,4,24,256,0.09375,58,73,15.317813396453856,,0.0157,0.9966,0.9964,0.9931,0.9999,0.9998,0.9965,0.9974,0.9959,486,1,2,388,0.0092,0.0068,1.0,1.0,1.0,1.0,1.0,1.0,1.0,1.0,122,0,0,98,0.0024,0.0166,0.9964,0.9967,0.9927,0.9999,0.9999,0.9963,0.9919,1.0,152,1,0,122,0.004,2.0,2.0,0.0,334.0,364.0,-30.0,0.0,1.0,-1.0,266.0,290.0,-24.0,81,113,33,27,8,25,2.8505013673655424,3.0,4.0,1097,2.8945454545454545,3.0,4.0,275,0.0157,0.9966,0.9964,0.9931,0.9999,0.9998,0.9965,0.9974,0.9959,486.0,1.0,2.0,388.0,0.0144,0.0068,1.0,1.0,1.0,1.0,1.0,1.0,1.0,1.0,122.0,0.0,0.0,98.0,0.0038,0.0166,0.9964,0.9967,0.9927,0.9999,0.9999,0.9963,0.9919,1.0,152.0,1.0,0.0,122.0,0.0062,2.0,2.0,0.0,334.0,364.0,-30.0,0.0,1.0,-1.0,266.0,290.0,-24.0,44.0,64.0,21.0,31.0,9.0,12.0,52.0,44.0,95.0,21.0,31.0,64.0,44.0,33.0,2.72379207611084,3.0,4.0,1097.0,2.7563636302948,3.0,4.0,275.0,OpenML_1462_banknote-authentication,OpenML_1462_banknote-authentication,1462,banknote-authentication,1372,4,4,0,0.9967,0.9999,,0.9963,,44.0,21.0,64.0
4,D_no_mask_pp,False,True,False,False,balanced_acc,val_loss,val_loss,val_bacc,73,B4_D4_K24,0.2913638836364565,0.02322792625711,0.003484973205815,0.0489419221309783,0.011588072078197,balanced_bce,4,4,24,256,0.09375,58,73,13.731989558786154,,0.0645,0.9818,0.9826,0.9633,0.9974,0.9966,0.9816,0.9698,0.9916,475,12,4,386,0.0097,0.0374,1.0,1.0,1.0,1.0,1.0,1.0,1.0,1.0,122,0,0,98,0.0025,0.0393,0.9927,0.9926,0.9853,0.9996,0.9994,0.9926,0.9918,0.9935,152,1,1,121,0.0041,3.0,4.0,-1.0,323.0,353.0,-30.0,11.0,12.0,-1.0,265.0,288.0,-23.0,76,109,34,23,13,21,3.10665451230629,3.0,4.0,1097,3.065454545454545,3.0,4.0,275,0.0645,0.9818,0.9826,0.9633,0.9974,0.9966,0.9816,0.9698,0.9916,475.0,12.0,4.0,386.0,0.0157,0.0374,1.0,1.0,1.0,1.0,1.0,1.0,1.0,1.0,122.0,0.0,0.0,98.0,0.0036,0.0393,0.9927,0.9926,0.9853,0.9996,0.9994,0.9926,0.9918,0.9935,152.0,1.0,1.0,121.0,0.007,3.0,4.0,-1.0,323.0,353.0,-30.0,11.0,12.0,-1.0,265.0,288.0,-23.0,52.0,75.0,24.0,30.0,8.0,16.0,54.0,52.0,105.0,24.0,30.0,75.0,52.0,43.0,3.073837757110596,3.0,4.0,1097.0,3.029090881347656,3.0,4.0,275.0,OpenML_1462_banknote-authentication,OpenML_1462_banknote-authentication,1462,banknote-authentication,1372,4,4,0,0.9926,0.9996,,0.9926,,52.0,24.0,75.0
0,A_no_mask_no_pp,False,False,False,False,balanced_acc,val_loss,val_loss,val_bacc,39,B3_D3_K18,0.4702817296537969,0.0532737777259368,0.0824169886451851,0.0273310111840147,0.0213750350790983,balanced_bce,3,3,18,27,0.6666666666666666,31,39,8.547148674726486,,0.5925,0.6778,0.7041,0.3502,0.7636,0.4759,0.6416,0.4057,0.8947,238,126,28,86,0.0048,0.6181,0.6917,0.7244,0.3822,0.7506,0.4175,0.6553,0.4151,0.9104,61,31,6,22,0.0016,0.6605,0.6267,0.6308,0.2252,0.6918,0.3995,0.5841,0.3485,0.8452,71,43,13,23,0.0021,15.0,22.0,-7.0,167.0,177.0,-10.0,83.0,95.0,-12.0,63.0,64.0,-1.0,13,20,8,1,4,4,2.9414715719063547,3.0,3.0,598,2.933333333333333,3.0,3.0,150,,,,,,,,,,,,,,,,,,,,,,,,,,,,,,,,,,,,,,,,,,,,,,,,,,,,,,,,,,,,,,,,,,,,,,,,,,,,,OpenML_1464_blood-transfusion-service-center,OpenML_1464_blood-transfusion-service-center,1464,blood-transfusion-service-center,748,4,4,0,,,,,,,,
0,B_mask_no_pp,True,False,True,False,balanced_acc,val_loss,val_loss,val_bacc,39,B3_D3_K18,0.4702817296537969,0.0532737777259368,0.0824169886451851,0.0273310111840147,0.0213750350790983,balanced_bce,3,3,18,27,0.6666666666666666,31,39,9.616468239575624,,0.6196,0.636,0.6706,0.2912,0.7252,0.4322,0.6039,0.3684,0.88,220,144,30,84,0.008,0.5667,0.6917,0.712,0.3627,0.7871,0.5072,0.6509,0.4118,0.8986,62,30,7,21,0.0019,0.647,0.6133,0.6411,0.2412,0.6949,0.3534,0.5804,0.3472,0.859,67,47,11,25,0.0022,19.0,23.0,-4.0,153.0,158.0,-5.0,97.0,114.0,-17.0,59.0,63.0,-4.0,9,14,6,3,4,2,2.198996655518395,3.0,3.0,598,2.1933333333333334,3.0,3.0,150,,,,,,,,,,,,,,,,,,,,,,,,,,,,,,,,,,,,,,,,,,,,,,,,,,,,,,,,,,,,,,,,,,,,,,,,,,,,,OpenML_1464_blood-transfusion-service-center,OpenML_1464_blood-transfusion-service-center,1464,blood-transfusion-service-center,748,4,4,0,,,,,,,,
0,C_mask_pp,True,True,True,False,balanced_acc,val_loss,val_loss,val_bacc,39,B3_D3_K18,0.4702817296537969,0.0532737777259368,0.0824169886451851,0.0273310111840147,0.0213750350790983,balanced_bce,3,3,18,27,0.6666666666666666,31,39,9.778086204081774,,0.6196,0.636,0.6706,0.2912,0.7252,0.4322,0.6039,0.3684,0.88,220,144,30,84,0.0082,0.5667,0.6917,0.712,0.3627,0.7871,0.5072,0.6509,0.4118,0.8986,62,30,7,21,0.002,0.647,0.6133,0.6411,0.2412,0.6949,0.3534,0.5804,0.3472,0.859,67,47,11,25,0.0021,19.0,23.0,-4.0,153.0,158.0,-5.0,97.0,114.0,-17.0,59.0,63.0,-4.0,9,14,6,3,4,2,2.198996655518395,3.0,3.0,598,2.1933333333333334,3.0,3.0,150,0.6196,0.636,0.6706,0.2912,0.7252,0.4322,0.6039,0.3684,0.88,220.0,144.0,30.0,84.0,0.0082,0.5667,0.6917,0.712,0.3627,0.7871,0.5072,0.6509,0.4118,0.8986,62.0,30.0,7.0,21.0,0.0037,0.647,0.6133,0.6411,0.2412,0.6949,0.3534,0.5804,0.3472,0.859,67.0,47.0,11.0,25.0,0.0035,19.0,23.0,-4.0,153.0,158.0,-5.0,97.0,114.0,-17.0,59.0,63.0,-4.0,9.0,14.0,6.0,3.0,4.0,2.0,9.0,9.0,17.0,6.0,3.0,14.0,9.0,9.0,2.1989965438842773,3.0,3.0,598.0,2.193333387374878,3.0,3.0,150.0,OpenML_1464_blood-transfusion-service-center,OpenML_1464_blood-transfusion-service-center,1464,blood-transfusion-service-center,748,4,4,0,0.6411,0.6949,,0.5804,,9.0,6.0,14.0
0,D_no_mask_pp,False,True,False,False,balanced_acc,val_loss,val_loss,val_bacc,39,B3_D3_K18,0.4702817296537969,0.0532737777259368,0.0824169886451851,0.0273310111840147,0.0213750350790983,balanced_bce,3,3,18,27,0.6666666666666666,31,39,8.253792483359575,,0.5925,0.6778,0.7041,0.3502,0.7636,0.4759,0.6416,0.4057,0.8947,238,126,28,86,0.0047,0.6181,0.6917,0.7244,0.3822,0.7506,0.4175,0.6553,0.4151,0.9104,61,31,6,22,0.0021,0.6605,0.6267,0.6308,0.2252,0.6918,0.3995,0.5841,0.3485,0.8452,71,43,13,23,0.0019,15.0,22.0,-7.0,167.0,177.0,-10.0,83.0,95.0,-12.0,63.0,64.0,-1.0,13,20,8,1,4,4,2.9414715719063547,3.0,3.0,598,2.933333333333333,3.0,3.0,150,0.5925,0.6778,0.7041,0.3502,0.7636,0.4759,0.6416,0.4057,0.8947,238.0,126.0,28.0,86.0,0.0074,0.6181,0.6917,0.7244,0.3822,0.7506,0.4175,0.6553,0.4151,0.9104,61.0,31.0,6.0,22.0,0.0029,0.6605,0.6267,0.6308,0.2252,0.6918,0.3995,0.5841,0.3485,0.8452,71.0,43.0,13.0,23.0,0.0027,15.0,22.0,-7.0,167.0,177.0,-10.0,83.0,95.0,-12.0,63.0,64.0,-1.0,10.0,16.0,7.0,2.0,5.0,2.0,9.0,10.0,18.0,7.0,2.0,16.0,10.0,10.0,2.8193979263305664,3.0,3.0,598.0,2.8466665744781494,3.0,3.0,150.0,OpenML_1464_blood-transfusion-service-center,OpenML_1464_blood-transfusion-service-center,1464,blood-transfusion-service-center,748,4,4,0,0.6308,0.6918,,0.5841,,10.0,7.0,16.0
1,A_no_mask_no_pp,False,False,False,False,balanced_acc,val_loss,val_loss,val_bacc,39,B4_D1_K4,0.4749392424991427,0.0053783494725836,0.0648189962469439,0.0705272987257429,0.0038795901889519,balanced_bce,4,1,4,4,1.0,31,39,4.751522168517113,,0.6637,0.6339,0.6662,0.2837,0.6891,0.3461,0.6011,0.3656,0.8765,220,144,31,83,0.0049,0.642,0.675,0.7011,0.3425,0.7139,0.3677,0.6366,0.3962,0.8955,60,32,7,21,0.0019,0.6527,0.64,0.6966,0.336,0.7054,0.3629,0.6153,0.3816,0.9054,67,47,7,29,0.0019,24.0,24.0,0.0,153.0,160.0,-7.0,97.0,112.0,-15.0,54.0,62.0,-8.0,4,4,1,0,0,1,1.0,1.0,1.0,598,1.0,1.0,1.0,150,,,,,,,,,,,,,,,,,,,,,,,,,,,,,,,,,,,,,,,,,,,,,,,,,,,,,,,,,,,,,,,,,,,,,,,,,,,,,OpenML_1464_blood-transfusion-service-center,OpenML_1464_blood-transfusion-service-center,1464,blood-transfusion-service-center,748,4,4,0,,,,,,,,
1,B_mask_no_pp,True,False,True,False,balanced_acc,val_loss,val_loss,val_bacc,39,B4_D1_K4,0.4749392424991427,0.0053783494725836,0.0648189962469439,0.0705272987257429,0.0038795901889519,balanced_bce,4,1,4,4,1.0,31,39,5.547166116535664,,0.6577,0.6339,0.6662,0.2837,0.6804,0.3436,0.6011,0.3656,0.8765,220,144,31,83,0.0046,0.6504,0.675,0.7011,0.3425,0.6966,0.3633,0.6366,0.3962,0.8955,60,32,7,21,0.0019,0.6571,0.64,0.6966,0.336,0.7044,0.3624,0.6153,0.3816,0.9054,67,47,7,29,0.0019,24.0,24.0,0.0,153.0,160.0,-7.0,97.0,112.0,-15.0,54.0,62.0,-8.0,4,4,1,0,0,1,1.0,1.0,1.0,598,1.0,1.0,1.0,150,,,,,,,,,,,,,,,,,,,,,,,,,,,,,,,,,,,,,,,,,,,,,,,,,,,,,,,,,,,,,,,,,,,,,,,,,,,,,OpenML_1464_blood-transfusion-service-center,OpenML_1464_blood-transfusion-service-center,1464,blood-transfusion-service-center,748,4,4,0,,,,,,,,
1,C_mask_pp,True,True,True,False,balanced_acc,val_loss,val_loss,val_bacc,39,B4_D1_K4,0.4749392424991427,0.0053783494725836,0.0648189962469439,0.0705272987257429,0.0038795901889519,balanced_bce,4,1,4,4,1.0,31,39,5.390684310346842,,0.6577,0.6339,0.6662,0.2837,0.6804,0.3436,0.6011,0.3656,0.8765,220,144,31,83,0.005,0.6504,0.675,0.7011,0.3425,0.6966,0.3633,0.6366,0.3962,0.8955,60,32,7,21,0.0019,0.6571,0.64,0.6966,0.336,0.7044,0.3624,0.6153,0.3816,0.9054,67,47,7,29,0.002,24.0,24.0,0.0,153.0,160.0,-7.0,97.0,112.0,-15.0,54.0,62.0,-8.0,4,4,1,0,0,1,1.0,1.0,1.0,598,1.0,1.0,1.0,150,0.6577,0.6339,0.6662,0.2837,0.6804,0.3436,0.6011,0.3656,0.8765,220.0,144.0,31.0,83.0,0.006,0.6504,0.675,0.7011,0.3425,0.6966,0.3633,0.6366,0.3962,0.8955,60.0,32.0,7.0,21.0,0.0024,0.6571,0.64,0.6966,0.336,0.7044,0.3624,0.6153,0.3816,0.9054,67.0,47.0,7.0,29.0,0.0027,24.0,24.0,0.0,153.0,160.0,-7.0,97.0,112.0,-15.0,54.0,62.0,-8.0,4.0,4.0,1.0,0.0,0.0,1.0,1.0,4.0,4.0,1.0,0.0,4.0,4.0,4.0,1.0,1.0,1.0,598.0,1.0,1.0,1.0,150.0,OpenML_1464_blood-transfusion-service-center,OpenML_1464_blood-transfusion-service-center,1464,blood-transfusion-service-center,748,4,4,0,0.6966,0.7044,,0.6153,,4.0,1.0,4.0
1,D_no_mask_pp,False,True,False,False,balanced_acc,val_loss,val_loss,val_bacc,39,B4_D1_K4,0.4749392424991427,0.0053783494725836,0.0648189962469439,0.0705272987257429,0.0038795901889519,balanced_bce,4,1,4,4,1.0,31,39,4.583069358021021,,0.6637,0.6339,0.6662,0.2837,0.6891,0.3461,0.6011,0.3656,0.8765,220,144,31,83,0.0047,0.642,0.675,0.7011,0.3425,0.7139,0.3677,0.6366,0.3962,0.8955,60,32,7,21,0.0018,0.6527,0.64,0.6966,0.336,0.7054,0.3629,0.6153,0.3816,0.9054,67,47,7,29,0.0022,24.0,24.0,0.0,153.0,160.0,-7.0,97.0,112.0,-15.0,54.0,62.0,-8.0,4,4,1,0,0,1,1.0,1.0,1.0,598,1.0,1.0,1.0,150,0.6637,0.6339,0.6662,0.2837,0.6891,0.3461,0.6011,0.3656,0.8765,220.0,144.0,31.0,83.0,0.0059,0.642,0.675,0.7011,0.3425,0.7139,0.3677,0.6366,0.3962,0.8955,60.0,32.0,7.0,21.0,0.0024,0.6527,0.64,0.6966,0.336,0.7054,0.3629,0.6153,0.3816,0.9054,67.0,47.0,7.0,29.0,0.0026,24.0,24.0,0.0,153.0,160.0,-7.0,97.0,112.0,-15.0,54.0,62.0,-8.0,4.0,4.0,1.0,0.0,0.0,1.0,1.0,4.0,4.0,1.0,0.0,4.0,4.0,4.0,1.0,1.0,1.0,598.0,1.0,1.0,1.0,150.0,OpenML_1464_blood-transfusion-service-center,OpenML_1464_blood-transfusion-service-center,1464,blood-transfusion-service-center,748,4,4,0,0.6966,0.7054,,0.6153,,4.0,1.0,4.0
2,A_no_mask_no_pp,False,False,False,False,balanced_acc,val_loss,val_loss,val_bacc,39,B3_D4_K24,0.3972244918191593,0.0018677469081925,0.0907447006299564,0.0353931088474263,0.0258950720197457,balanced_bce,3,4,24,81,0.2962962962962963,31,39,7.034585747867823,,0.5814,0.7615,0.6868,0.3632,0.7565,0.475,0.6811,0.5,0.8531,302,62,52,62,0.0064,0.5498,0.8083,0.7508,0.4846,0.7915,0.4922,0.7415,0.5806,0.8876,79,13,10,18,0.0025,0.6268,0.7333,0.6345,0.269,0.6492,0.3843,0.6345,0.4444,0.8246,94,20,20,16,0.0027,32.0,42.0,-10.0,208.0,223.0,-15.0,42.0,49.0,-7.0,46.0,44.0,2.0,21,33,13,7,6,7,3.4933110367892977,3.0,4.0,598,3.466666666666667,3.0,4.0,150,,,,,,,,,,,,,,,,,,,,,,,,,,,,,,,,,,,,,,,,,,,,,,,,,,,,,,,,,,,,,,,,,,,,,,,,,,,,,OpenML_1464_blood-transfusion-service-center,OpenML_1464_blood-transfusion-service-center,1464,blood-transfusion-service-center,748,4,4,0,,,,,,,,
2,B_mask_no_pp,True,False,True,False,balanced_acc,val_loss,val_loss,val_bacc,39,B3_D4_K24,0.3972244918191593,0.0018677469081925,0.0907447006299564,0.0353931088474263,0.0258950720197457,balanced_bce,3,4,24,81,0.2962962962962963,31,39,12.481471437960863,,0.5944,0.6736,0.6773,0.3067,0.7438,0.4407,0.6289,0.3939,0.8714,244,120,36,78,0.0054,0.5199,0.8,0.795,0.5294,0.8271,0.5142,0.7538,0.55,0.925,74,18,6,22,0.002,0.6516,0.6333,0.6067,0.1866,0.6527,0.3464,0.5764,0.339,0.8242,75,39,16,20,0.0022,20.0,30.0,-10.0,169.0,170.0,-1.0,81.0,102.0,-21.0,58.0,56.0,2.0,27,44,18,4,10,8,3.780936454849498,4.0,4.0,598,3.8133333333333335,4.0,4.0,150,,,,,,,,,,,,,,,,,,,,,,,,,,,,,,,,,,,,,,,,,,,,,,,,,,,,,,,,,,,,,,,,,,,,,,,,,,,,,OpenML_1464_blood-transfusion-service-center,OpenML_1464_blood-transfusion-service-center,1464,blood-transfusion-service-center,748,4,4,0,,,,,,,,
2,C_mask_pp,True,True,True,False,balanced_acc,val_loss,val_loss,val_bacc,39,B3_D4_K24,0.3972244918191593,0.0018677469081925,0.0907447006299564,0.0353931088474263,0.0258950720197457,balanced_bce,3,4,24,81,0.2962962962962963,31,39,12.957104824483396,,0.5944,0.6736,0.6773,0.3067,0.7438,0.4407,0.6289,0.3939,0.8714,244,120,36,78,0.0051,0.5199,0.8,0.795,0.5294,0.8271,0.5142,0.7538,0.55,0.925,74,18,6,22,0.0021,0.6516,0.6333,0.6067,0.1866,0.6527,0.3464,0.5764,0.339,0.8242,75,39,16,20,0.0021,20.0,30.0,-10.0,169.0,170.0,-1.0,81.0,102.0,-21.0,58.0,56.0,2.0,27,44,18,4,10,8,3.780936454849498,4.0,4.0,598,3.8133333333333335,4.0,4.0,150,0.5944,0.6736,0.6773,0.3067,0.7438,0.4407,0.6289,0.3939,0.8714,244.0,120.0,36.0,78.0,0.0085,0.5199,0.8,0.795,0.5294,0.8271,0.5142,0.7538,0.55,0.925,74.0,18.0,6.0,22.0,0.0034,0.6516,0.6333,0.6067,0.1866,0.6527,0.3464,0.5764,0.339,0.8242,75.0,39.0,16.0,20.0,0.0039,20.0,30.0,-10.0,169.0,170.0,-1.0,81.0,102.0,-21.0,58.0,56.0,2.0,12.0,20.0,9.0,6.0,7.0,2.0,15.0,12.0,26.0,9.0,6.0,20.0,12.0,12.0,3.1622073650360107,3.0,4.0,598.0,3.2266666889190674,3.0,4.0,150.0,OpenML_1464_blood-transfusion-service-center,OpenML_1464_blood-transfusion-service-center,1464,blood-transfusion-service-center,748,4,4,0,0.6067,0.6527,,0.5764,,12.0,9.0,20.0
2,D_no_mask_pp,False,True,False,False,balanced_acc,val_loss,val_loss,val_bacc,39,B3_D4_K24,0.3972244918191593,0.0018677469081925,0.0907447006299564,0.0353931088474263,0.0258950720197457,balanced_bce,3,4,24,81,0.2962962962962963,31,39,6.904271669685841,,0.5814,0.7615,0.6868,0.3632,0.7565,0.475,0.6811,0.5,0.8531,302,62,52,62,0.0053,0.5498,0.8083,0.7508,0.4846,0.7915,0.4922,0.7415,0.5806,0.8876,79,13,10,18,0.002,0.6268,0.7333,0.6345,0.269,0.6492,0.3843,0.6345,0.4444,0.8246,94,20,20,16,0.0022,32.0,42.0,-10.0,208.0,223.0,-15.0,42.0,49.0,-7.0,46.0,44.0,2.0,21,33,13,7,6,7,3.4933110367892977,3.0,4.0,598,3.466666666666667,3.0,4.0,150,0.5814,0.7615,0.6868,0.3632,0.7565,0.475,0.6811,0.5,0.8531,302.0,62.0,52.0,62.0,0.0081,0.5498,0.8083,0.7508,0.4846,0.7915,0.4922,0.7415,0.5806,0.8876,79.0,13.0,10.0,18.0,0.0032,0.6268,0.7333,0.6345,0.269,0.6492,0.3843,0.6345,0.4444,0.8246,94.0,20.0,20.0,16.0,0.0034,32.0,42.0,-10.0,208.0,223.0,-15.0,42.0,49.0,-7.0,46.0,44.0,2.0,12.0,18.0,7.0,6.0,3.0,4.0,13.0,12.0,24.0,7.0,6.0,18.0,12.0,12.0,2.4933109283447266,2.0,3.0,598.0,2.4666666984558105,2.0,3.0,150.0,OpenML_1464_blood-transfusion-service-center,OpenML_1464_blood-transfusion-service-center,1464,blood-transfusion-service-center,748,4,4,0,0.6345,0.6492,,0.6345,,12.0,7.0,18.0
3,A_no_mask_no_pp,False,False,False,False,balanced_acc,val_loss,val_loss,val_bacc,39,B3_D4_K36,0.7196412668101996,0.0041863627338838,0.0350957606868347,0.0284874865227122,0.0683592796335148,balanced_bce,3,4,36,81,0.4444444444444444,31,39,4.889653339982033,,0.6234,0.6632,0.7156,0.3676,0.735,0.3935,0.6358,0.3991,0.9143,224,140,21,93,0.0045,0.7424,0.5333,0.5963,0.1643,0.5648,0.2569,0.5139,0.2941,0.8462,44,48,8,20,0.0019,0.6721,0.6,0.6513,0.2587,0.6754,0.3442,0.5756,0.3462,0.875,63,51,9,27,0.0022,12.0,13.0,-1.0,161.0,180.0,-19.0,89.0,92.0,-3.0,66.0,73.0,-7.0,8,13,6,5,5,1,2.5635451505016724,2.0,4.0,598,2.3866666666666667,2.0,4.0,150,,,,,,,,,,,,,,,,,,,,,,,,,,,,,,,,,,,,,,,,,,,,,,,,,,,,,,,,,,,,,,,,,,,,,,,,,,,,,OpenML_1464_blood-transfusion-service-center,OpenML_1464_blood-transfusion-service-center,1464,blood-transfusion-service-center,748,4,4,0,,,,,,,,
3,B_mask_no_pp,True,False,True,False,balanced_acc,val_loss,val_loss,val_bacc,39,B3_D4_K36,0.7196412668101996,0.0041863627338838,0.0350957606868347,0.0284874865227122,0.0683592796335148,balanced_bce,3,4,36,81,0.4444444444444444,31,39,5.539605114609003,,0.5939,0.7071,0.7113,0.368,0.7461,0.416,0.6624,0.4316,0.8889,256,108,32,82,0.0049,0.6644,0.6583,0.6654,0.283,0.6582,0.3135,0.6132,0.3725,0.8696,60,32,9,19,0.0022,0.634,0.6667,0.6667,0.2891,0.6993,0.3647,0.6211,0.3871,0.8636,76,38,12,24,0.0021,20.0,23.0,-3.0,180.0,196.0,-16.0,70.0,76.0,-6.0,58.0,63.0,-5.0,9,16,8,4,8,0,3.4264214046822743,4.0,4.0,598,3.4133333333333336,4.0,4.0,150,,,,,,,,,,,,,,,,,,,,,,,,,,,,,,,,,,,,,,,,,,,,,,,,,,,,,,,,,,,,,,,,,,,,,,,,,,,,,OpenML_1464_blood-transfusion-service-center,OpenML_1464_blood-transfusion-service-center,1464,blood-transfusion-service-center,748,4,4,0,,,,,,,,
3,C_mask_pp,True,True,True,False,balanced_acc,val_loss,val_loss,val_bacc,39,B3_D4_K36,0.7196412668101996,0.0041863627338838,0.0350957606868347,0.0284874865227122,0.0683592796335148,balanced_bce,3,4,36,81,0.4444444444444444,31,39,5.534374985843897,,0.5939,0.7071,0.7113,0.368,0.7461,0.416,0.6624,0.4316,0.8889,256,108,32,82,0.0051,0.6644,0.6583,0.6654,0.283,0.6582,0.3135,0.6132,0.3725,0.8696,60,32,9,19,0.002,0.634,0.6667,0.6667,0.2891,0.6993,0.3647,0.6211,0.3871,0.8636,76,38,12,24,0.0024,20.0,23.0,-3.0,180.0,196.0,-16.0,70.0,76.0,-6.0,58.0,63.0,-5.0,9,16,8,4,8,0,3.4264214046822743,4.0,4.0,598,3.4133333333333336,4.0,4.0,150,0.5939,0.7071,0.7113,0.368,0.7461,0.416,0.6624,0.4316,0.8889,256.0,108.0,32.0,82.0,0.007,0.6644,0.6583,0.6654,0.283,0.6582,0.3135,0.6132,0.3725,0.8696,60.0,32.0,9.0,19.0,0.0035,0.634,0.6667,0.6667,0.2891,0.6993,0.3647,0.6211,0.3871,0.8636,76.0,38.0,12.0,24.0,0.0033,20.0,23.0,-3.0,180.0,196.0,-16.0,70.0,76.0,-6.0,58.0,63.0,-5.0,7.0,12.0,6.0,5.0,6.0,0.0,11.0,7.0,17.0,6.0,5.0,12.0,7.0,7.0,3.322742462158203,4.0,4.0,598.0,3.2866666316986084,4.0,4.0,150.0,OpenML_1464_blood-transfusion-service-center,OpenML_1464_blood-transfusion-service-center,1464,blood-transfusion-service-center,748,4,4,0,0.6667,0.6993,,0.6211,,7.0,6.0,12.0
3,D_no_mask_pp,False,True,False,False,balanced_acc,val_loss,val_loss,val_bacc,39,B3_D4_K36,0.7196412668101996,0.0041863627338838,0.0350957606868347,0.0284874865227122,0.0683592796335148,balanced_bce,3,4,36,81,0.4444444444444444,31,39,4.993634272366762,,0.6234,0.6632,0.7156,0.3676,0.735,0.3935,0.6358,0.3991,0.9143,224,140,21,93,0.0049,0.7424,0.5333,0.5963,0.1643,0.5648,0.2569,0.5139,0.2941,0.8462,44,48,8,20,0.0019,0.6721,0.6,0.6513,0.2587,0.6754,0.3442,0.5756,0.3462,0.875,63,51,9,27,0.002,12.0,13.0,-1.0,161.0,180.0,-19.0,89.0,92.0,-3.0,66.0,73.0,-7.0,8,13,6,5,5,1,2.5635451505016724,2.0,4.0,598,2.3866666666666667,2.0,4.0,150,0.6234,0.6632,0.7156,0.3676,0.735,0.3935,0.6358,0.3991,0.9143,224.0,140.0,21.0,93.0,0.0086,0.7424,0.5333,0.5963,0.1643,0.5648,0.2569,0.5139,0.2941,0.8462,44.0,48.0,8.0,20.0,0.0029,0.6721,0.6,0.6513,0.2587,0.6754,0.3442,0.5756,0.3462,0.875,63.0,51.0,9.0,27.0,0.0035,12.0,13.0,-1.0,161.0,180.0,-19.0,89.0,92.0,-3.0,66.0,73.0,-7.0,7.0,11.0,5.0,5.0,4.0,1.0,10.0,7.0,16.0,5.0,5.0,11.0,7.0,5.0,2.309364557266236,2.0,3.0,598.0,2.200000047683716,2.0,3.0,150.0,OpenML_1464_blood-transfusion-service-center,OpenML_1464_blood-transfusion-service-center,1464,blood-transfusion-service-center,748,4,4,0,0.6513,0.6754,,0.5756,,7.0,5.0,11.0
4,A_no_mask_no_pp,False,False,False,False,balanced_acc,val_loss,val_loss,val_bacc,39,B4_D4_K64,0.1111417534588272,0.0057426231026571,0.0556270356977757,0.0153584889261678,0.0010283907079915,balanced_bce,4,4,64,256,0.25,31,39,7.343861132860184,,0.5912,0.7259,0.7267,0.3975,0.7918,0.5183,0.6801,0.4536,0.8949,264,100,31,83,0.0209,0.6769,0.6583,0.6033,0.1842,0.5998,0.34,0.583,0.3415,0.8228,65,27,14,14,0.0067,0.6223,0.7333,0.739,0.4193,0.7502,0.4691,0.6901,0.4655,0.9022,83,31,9,27,0.0023,22.0,17.0,5.0,181.0,199.0,-18.0,69.0,73.0,-4.0,56.0,69.0,-13.0,53,71,19,13,1,18,3.0100334448160537,3.0,3.0,598,3.02,3.0,3.0,150,,,,,,,,,,,,,,,,,,,,,,,,,,,,,,,,,,,,,,,,,,,,,,,,,,,,,,,,,,,,,,,,,,,,,,,,,,,,,OpenML_1464_blood-transfusion-service-center,OpenML_1464_blood-transfusion-service-center,1464,blood-transfusion-service-center,748,4,4,0,,,,,,,,
4,B_mask_no_pp,True,False,True,False,balanced_acc,val_loss,val_loss,val_bacc,39,B4_D4_K64,0.1111417534588272,0.0057426231026571,0.0556270356977757,0.0153584889261678,0.0010283907079915,balanced_bce,4,4,64,256,0.25,31,39,7.0916245356202126,,0.5917,0.6695,0.6926,0.3304,0.7261,0.4229,0.6323,0.3962,0.8872,236,128,30,84,0.0095,0.6278,0.6667,0.6335,0.2344,0.652,0.3033,0.6032,0.3636,0.8421,64,28,12,16,0.002,0.5628,0.7,0.7266,0.3906,0.7846,0.4855,0.6642,0.4308,0.9059,77,37,8,28,0.0028,22.0,18.0,4.0,159.0,172.0,-13.0,91.0,100.0,-9.0,56.0,68.0,-12.0,44,60,17,14,3,14,1.974916387959866,2.0,4.0,598,1.893333333333333,2.0,3.0,150,,,,,,,,,,,,,,,,,,,,,,,,,,,,,,,,,,,,,,,,,,,,,,,,,,,,,,,,,,,,,,,,,,,,,,,,,,,,,OpenML_1464_blood-transfusion-service-center,OpenML_1464_blood-transfusion-service-center,1464,blood-transfusion-service-center,748,4,4,0,,,,,,,,
4,C_mask_pp,True,True,True,False,balanced_acc,val_loss,val_loss,val_bacc,39,B4_D4_K64,0.1111417534588272,0.0057426231026571,0.0556270356977757,0.0153584889261678,0.0010283907079915,balanced_bce,4,4,64,256,0.25,31,39,6.847692906856537,,0.5917,0.6695,0.6926,0.3304,0.7261,0.4229,0.6323,0.3962,0.8872,236,128,30,84,0.0941,0.6278,0.6667,0.6335,0.2344,0.652,0.3033,0.6032,0.3636,0.8421,64,28,12,16,0.0021,0.5628,0.7,0.7266,0.3906,0.7846,0.4855,0.6642,0.4308,0.9059,77,37,8,28,0.0022,22.0,18.0,4.0,159.0,172.0,-13.0,91.0,100.0,-9.0,56.0,68.0,-12.0,44,60,17,14,3,14,1.974916387959866,2.0,4.0,598,1.893333333333333,2.0,3.0,150,0.5917,0.6695,0.6926,0.3304,0.7261,0.4229,0.6323,0.3962,0.8872,236.0,128.0,30.0,84.0,0.0081,0.6278,0.6667,0.6335,0.2344,0.652,0.3033,0.6032,0.3636,0.8421,64.0,28.0,12.0,16.0,0.0034,0.561,0.7133,0.7449,0.4221,0.7897,0.4905,0.6791,0.4462,0.9176,78.0,36.0,7.0,29.0,0.0037,23.0,18.0,5.0,158.0,172.0,-14.0,92.0,100.0,-8.0,55.0,68.0,-13.0,14.0,20.0,7.0,13.0,3.0,4.0,20.0,14.0,33.0,7.0,13.0,20.0,14.0,13.0,1.8026756048202517,2.0,3.0,598.0,1.746666669845581,2.0,3.0,150.0,OpenML_1464_blood-transfusion-service-center,OpenML_1464_blood-transfusion-service-center,1464,blood-transfusion-service-center,748,4,4,0,0.7449,0.7897,,0.6791,,14.0,7.0,20.0
4,D_no_mask_pp,False,True,False,False,balanced_acc,val_loss,val_loss,val_bacc,39,B4_D4_K64,0.1111417534588272,0.0057426231026571,0.0556270356977757,0.0153584889261678,0.0010283907079915,balanced_bce,4,4,64,256,0.25,31,39,7.748195648193359,,0.5912,0.7259,0.7267,0.3975,0.7918,0.5183,0.6801,0.4536,0.8949,264,100,31,83,0.0653,0.6769,0.6583,0.6033,0.1842,0.5998,0.34,0.583,0.3415,0.8228,65,27,14,14,0.0021,0.6223,0.7333,0.739,0.4193,0.7502,0.4691,0.6901,0.4655,0.9022,83,31,9,27,0.0024,22.0,17.0,5.0,181.0,199.0,-18.0,69.0,73.0,-4.0,56.0,69.0,-13.0,53,71,19,13,1,18,3.0100334448160537,3.0,3.0,598,3.02,3.0,3.0,150,0.5912,0.7259,0.7267,0.3975,0.7918,0.5183,0.6801,0.4536,0.8949,264.0,100.0,31.0,83.0,0.0092,0.6769,0.6583,0.6033,0.1842,0.5998,0.34,0.583,0.3415,0.8228,65.0,27.0,14.0,14.0,0.0033,0.6223,0.7333,0.739,0.4193,0.7502,0.4691,0.6901,0.4655,0.9022,83.0,31.0,9.0,27.0,0.0033,22.0,17.0,5.0,181.0,199.0,-18.0,69.0,73.0,-4.0,56.0,69.0,-13.0,25.0,37.0,13.0,17.0,6.0,7.0,30.0,25.0,54.0,13.0,17.0,37.0,25.0,23.0,2.7090301513671875,3.0,3.0,598.0,2.720000028610229,3.0,3.0,150.0,OpenML_1464_blood-transfusion-service-center,OpenML_1464_blood-transfusion-service-center,1464,blood-transfusion-service-center,748,4,4,0,0.739,0.7502,,0.6901,,25.0,13.0,37.0
0,A_no_mask_no_pp,False,False,False,False,balanced_acc,val_loss,val_loss,val_bacc,256,B4_D4_K32,0.103188528493484,0.0563054484397379,0.0386028567697322,0.0558280479941172,0.0076151463752349,balanced_bce,4,4,32,256,0.125,256,256,57.292354580014944,,0.517,0.7504,0.7472,0.495,0.823,0.7812,0.7475,0.7243,0.7712,4112,1173,1220,3082,0.1023,0.5293,0.7401,0.7364,0.4738,0.8117,0.772,0.7369,0.7147,0.7601,1020,301,322,754,0.0238,0.5172,0.7503,0.7465,0.4943,0.8238,0.7823,0.7471,0.7277,0.768,1294,357,391,954,0.0369,829.0,898.0,-69.0,2818.0,3092.0,-274.0,816.0,872.0,-56.0,2128.0,2328.0,-200.0,198,267,70,7,5,65,3.8561415220293727,4.0,4.0,11984,3.855807743658211,4.0,4.0,2996,,,,,,,,,,,,,,,,,,,,,,,,,,,,,,,,,,,,,,,,,,,,,,,,,,,,,,,,,,,,,,,,,,,,,,,,,,,,,OpenML_1471_eeg-eye-state,OpenML_1471_eeg-eye-state,1471,eeg-eye-state,14980,14,14,0,,,,,,,,
0,B_mask_no_pp,True,False,True,False,balanced_acc,val_loss,val_loss,val_bacc,256,B4_D4_K32,0.103188528493484,0.0563054484397379,0.0386028567697322,0.0558280479941172,0.0076151463752349,balanced_bce,4,4,32,256,0.125,256,256,40.64518489688635,,0.5484,0.7332,0.7285,0.459,0.796,0.7667,0.7293,0.7111,0.7499,4092,1193,1365,2937,0.1171,0.5553,0.7292,0.7238,0.4505,0.7861,0.7575,0.7248,0.7099,0.7435,1026,295,354,722,0.0272,0.5482,0.7306,0.7256,0.4536,0.7938,0.7711,0.7265,0.7098,0.7462,1279,372,435,910,0.0323,930.0,1011.0,-81.0,2813.0,3066.0,-253.0,821.0,898.0,-77.0,2027.0,2215.0,-188.0,175,233,59,8,0,59,3.906291722296395,4.0,4.0,11984,3.9115487316421897,4.0,4.0,2996,,,,,,,,,,,,,,,,,,,,,,,,,,,,,,,,,,,,,,,,,,,,,,,,,,,,,,,,,,,,,,,,,,,,,,,,,,,,,OpenML_1471_eeg-eye-state,OpenML_1471_eeg-eye-state,1471,eeg-eye-state,14980,14,14,0,,,,,,,,
0,C_mask_pp,True,True,True,False,balanced_acc,val_loss,val_loss,val_bacc,256,B4_D4_K32,0.103188528493484,0.0563054484397379,0.0386028567697322,0.0558280479941172,0.0076151463752349,balanced_bce,4,4,32,256,0.125,256,256,39.83195723220706,,0.5484,0.7332,0.7285,0.459,0.796,0.7667,0.7293,0.7111,0.7499,4092,1193,1365,2937,0.1076,0.5553,0.7292,0.7238,0.4505,0.7861,0.7575,0.7248,0.7099,0.7435,1026,295,354,722,0.0254,0.5482,0.7306,0.7256,0.4536,0.7938,0.7711,0.7265,0.7098,0.7462,1279,372,435,910,0.0315,930.0,1011.0,-81.0,2813.0,3066.0,-253.0,821.0,898.0,-77.0,2027.0,2215.0,-188.0,175,233,59,8,0,59,3.906291722296395,4.0,4.0,11984,3.9115487316421897,4.0,4.0,2996,0.5484,0.7332,0.7285,0.459,0.796,0.7667,0.7293,0.7111,0.7499,4092.0,1193.0,1365.0,2937.0,0.1528,0.5553,0.7292,0.7238,0.4505,0.7861,0.7575,0.7248,0.7099,0.7435,1026.0,295.0,354.0,722.0,0.039,0.5482,0.7306,0.7256,0.4536,0.7938,0.7711,0.7265,0.7098,0.7462,1279.0,372.0,435.0,910.0,0.0462,930.0,1011.0,-81.0,2813.0,3066.0,-253.0,821.0,898.0,-77.0,2027.0,2215.0,-188.0,128.0,177.0,50.0,15.0,5.0,45.0,65.0,128.0,192.0,50.0,15.0,177.0,128.0,116.0,3.879172325134277,4.0,4.0,11984.0,3.88851809501648,4.0,4.0,2996.0,OpenML_1471_eeg-eye-state,OpenML_1471_eeg-eye-state,1471,eeg-eye-state,14980,14,14,0,0.7256,0.7938,,0.7265,,128.0,50.0,177.0
0,D_no_mask_pp,False,True,False,False,balanced_acc,val_loss,val_loss,val_bacc,256,B4_D4_K32,0.103188528493484,0.0563054484397379,0.0386028567697322,0.0558280479941172,0.0076151463752349,balanced_bce,4,4,32,256,0.125,256,256,55.70209464430809,,0.517,0.7504,0.7472,0.495,0.823,0.7812,0.7475,0.7243,0.7712,4112,1173,1220,3082,0.0972,0.5293,0.7401,0.7364,0.4738,0.8117,0.772,0.7369,0.7147,0.7601,1020,301,322,754,0.0248,0.5172,0.7503,0.7465,0.4943,0.8238,0.7823,0.7471,0.7277,0.768,1294,357,391,954,0.0299,829.0,898.0,-69.0,2818.0,3092.0,-274.0,816.0,872.0,-56.0,2128.0,2328.0,-200.0,198,267,70,7,5,65,3.8561415220293727,4.0,4.0,11984,3.855807743658211,4.0,4.0,2996,0.517,0.7504,0.7472,0.495,0.823,0.7812,0.7475,0.7243,0.7712,4112.0,1173.0,1220.0,3082.0,0.1437,0.5293,0.7401,0.7364,0.4738,0.8117,0.772,0.7369,0.7147,0.7601,1020.0,301.0,322.0,754.0,0.0382,0.5182,0.7497,0.7459,0.493,0.823,0.7814,0.7464,0.7269,0.7674,1293.0,358.0,392.0,953.0,0.0472,828.0,898.0,-70.0,2819.0,3092.0,-273.0,815.0,872.0,-57.0,2129.0,2328.0,-199.0,135.0,190.0,56.0,13.0,9.0,47.0,69.0,135.0,203.0,56.0,13.0,190.0,135.0,124.0,3.822012662887573,4.0,4.0,11984.0,3.820427179336548,4.0,4.0,2996.0,OpenML_1471_eeg-eye-state,OpenML_1471_eeg-eye-state,1471,eeg-eye-state,14980,14,14,0,0.7459,0.823,,0.7464,,135.0,56.0,190.0
1,A_no_mask_no_pp,False,False,False,False,balanced_acc,val_loss,val_loss,val_bacc,256,B4_D4_K64,0.3611830512215292,0.0022349242400376,0.0084325482866248,0.0091399223489241,0.0128662280073495,balanced_bce,4,4,64,256,0.25,256,256,38.74013056233525,,0.5234,0.7499,0.7476,0.4949,0.8189,0.7904,0.7474,0.7194,0.7751,4067,1218,1180,3122,0.1042,0.5227,0.7514,0.7495,0.4983,0.8213,0.7932,0.7491,0.7194,0.7782,1014,307,289,787,0.0243,0.539,0.737,0.7346,0.4689,0.8036,0.775,0.7344,0.7052,0.7633,1251,400,388,957,0.0306,792.0,891.0,-99.0,2816.0,3053.0,-237.0,818.0,911.0,-93.0,2165.0,2335.0,-170.0,177,242,66,8,6,60,3.803571428571429,4.0,4.0,11984,3.807076101468625,4.0,4.0,2996,,,,,,,,,,,,,,,,,,,,,,,,,,,,,,,,,,,,,,,,,,,,,,,,,,,,,,,,,,,,,,,,,,,,,,,,,,,,,OpenML_1471_eeg-eye-state,OpenML_1471_eeg-eye-state,1471,eeg-eye-state,14980,14,14,0,,,,,,,,
1,B_mask_no_pp,True,False,True,False,balanced_acc,val_loss,val_loss,val_bacc,256,B4_D4_K64,0.3611830512215292,0.0022349242400376,0.0084325482866248,0.0091399223489241,0.0128662280073495,balanced_bce,4,4,64,256,0.25,256,256,33.169254045933485,,0.5427,0.738,0.7357,0.4709,0.8041,0.7571,0.7354,0.7059,0.7645,4007,1278,1234,3068,0.0992,0.5277,0.7505,0.7484,0.4963,0.8191,0.779,0.7481,0.7197,0.7762,1016,305,293,783,0.0262,0.5458,0.737,0.7355,0.47,0.8029,0.7564,0.7349,0.7014,0.7675,1238,413,375,970,0.031,859.0,941.0,-82.0,2769.0,2991.0,-222.0,865.0,973.0,-108.0,2098.0,2285.0,-187.0,130,183,54,8,10,44,3.9548564753004007,4.0,4.0,11984,3.9592790387182912,4.0,4.0,2996,,,,,,,,,,,,,,,,,,,,,,,,,,,,,,,,,,,,,,,,,,,,,,,,,,,,,,,,,,,,,,,,,,,,,,,,,,,,,OpenML_1471_eeg-eye-state,OpenML_1471_eeg-eye-state,1471,eeg-eye-state,14980,14,14,0,,,,,,,,
1,C_mask_pp,True,True,True,False,balanced_acc,val_loss,val_loss,val_bacc,256,B4_D4_K64,0.3611830512215292,0.0022349242400376,0.0084325482866248,0.0091399223489241,0.0128662280073495,balanced_bce,4,4,64,256,0.25,256,256,33.498470690101385,,0.5427,0.738,0.7357,0.4709,0.8041,0.7571,0.7354,0.7059,0.7645,4007,1278,1234,3068,0.1176,0.5277,0.7505,0.7484,0.4963,0.8191,0.779,0.7481,0.7197,0.7762,1016,305,293,783,0.025,0.5458,0.737,0.7355,0.47,0.8029,0.7564,0.7349,0.7014,0.7675,1238,413,375,970,0.0296,859.0,941.0,-82.0,2769.0,2991.0,-222.0,865.0,973.0,-108.0,2098.0,2285.0,-187.0,130,183,54,8,10,44,3.9548564753004007,4.0,4.0,11984,3.9592790387182912,4.0,4.0,2996,0.5427,0.738,0.7357,0.4709,0.8041,0.7571,0.7354,0.7059,0.7645,4007.0,1278.0,1234.0,3068.0,0.1431,0.5277,0.7505,0.7484,0.4963,0.8191,0.779,0.7481,0.7197,0.7762,1016.0,305.0,293.0,783.0,0.038,0.546,0.737,0.7355,0.47,0.8028,0.7562,0.7349,0.7014,0.7675,1238.0,413.0,375.0,970.0,0.0459,859.0,941.0,-82.0,2769.0,2991.0,-222.0,865.0,973.0,-108.0,2098.0,2285.0,-187.0,87.0,130.0,44.0,9.0,13.0,31.0,53.0,87.0,139.0,44.0,9.0,130.0,87.0,80.0,3.922229528427124,4.0,4.0,11984.0,3.9262349605560303,4.0,4.0,2996.0,OpenML_1471_eeg-eye-state,OpenML_1471_eeg-eye-state,1471,eeg-eye-state,14980,14,14,0,0.7355,0.8028,,0.7349,,87.0,44.0,130.0
1,D_no_mask_pp,False,True,False,False,balanced_acc,val_loss,val_loss,val_bacc,256,B4_D4_K64,0.3611830512215292,0.0022349242400376,0.0084325482866248,0.0091399223489241,0.0128662280073495,balanced_bce,4,4,64,256,0.25,256,256,38.27859457582235,,0.5234,0.7499,0.7476,0.4949,0.8189,0.7904,0.7474,0.7194,0.7751,4067,1218,1180,3122,0.1152,0.5227,0.7514,0.7495,0.4983,0.8213,0.7932,0.7491,0.7194,0.7782,1014,307,289,787,0.0238,0.539,0.737,0.7346,0.4689,0.8036,0.775,0.7344,0.7052,0.7633,1251,400,388,957,0.0303,792.0,891.0,-99.0,2816.0,3053.0,-237.0,818.0,911.0,-93.0,2165.0,2335.0,-170.0,177,242,66,8,6,60,3.803571428571429,4.0,4.0,11984,3.807076101468625,4.0,4.0,2996,0.5234,0.7499,0.7476,0.4949,0.8189,0.7904,0.7474,0.7194,0.7751,4067.0,1218.0,1180.0,3122.0,0.1434,0.5227,0.7514,0.7495,0.4983,0.8213,0.7932,0.7491,0.7194,0.7782,1014.0,307.0,289.0,787.0,0.0367,0.539,0.737,0.7346,0.4689,0.8037,0.775,0.7344,0.7052,0.7633,1251.0,400.0,388.0,957.0,0.0459,792.0,891.0,-99.0,2816.0,3053.0,-237.0,818.0,911.0,-93.0,2165.0,2335.0,-170.0,148.0,207.0,60.0,13.0,9.0,51.0,73.0,148.0,220.0,60.0,13.0,207.0,148.0,133.0,3.799816370010376,4.0,4.0,11984.0,3.80273699760437,4.0,4.0,2996.0,OpenML_1471_eeg-eye-state,OpenML_1471_eeg-eye-state,1471,eeg-eye-state,14980,14,14,0,0.7346,0.8037,,0.7344,,148.0,60.0,207.0
2,A_no_mask_no_pp,False,False,False,False,balanced_acc,val_loss,val_loss,val_bacc,256,B4_D4_K64,0.1129379307742241,0.0507786081169438,0.0035017558637067,0.0526452103672908,0.0895309453231298,balanced_bce,4,4,64,256,0.25,256,256,45.44364682212472,,0.5384,0.7317,0.7314,0.461,0.8046,0.7711,0.7301,0.6907,0.7686,3882,1403,1169,3133,0.0944,0.5619,0.7255,0.7247,0.4478,0.7867,0.7502,0.7236,0.6859,0.7604,968,353,305,771,0.0244,0.561,0.7156,0.7141,0.4272,0.7841,0.7489,0.7134,0.6775,0.7486,1203,448,404,941,0.0286,765.0,864.0,-99.0,2679.0,2914.0,-235.0,955.0,1050.0,-95.0,2192.0,2362.0,-170.0,194,269,76,3,17,59,3.981391855807744,4.0,4.0,11984,3.9839786381842455,4.0,4.0,2996,,,,,,,,,,,,,,,,,,,,,,,,,,,,,,,,,,,,,,,,,,,,,,,,,,,,,,,,,,,,,,,,,,,,,,,,,,,,,OpenML_1471_eeg-eye-state,OpenML_1471_eeg-eye-state,1471,eeg-eye-state,14980,14,14,0,,,,,,,,
2,B_mask_no_pp,True,False,True,False,balanced_acc,val_loss,val_loss,val_bacc,256,B4_D4_K64,0.1129379307742241,0.0507786081169438,0.0035017558637067,0.0526452103672908,0.0895309453231298,balanced_bce,4,4,64,256,0.25,256,256,47.64032607525587,,0.5073,0.7486,0.7505,0.4983,0.8254,0.7984,0.7477,0.7004,0.7954,3871,1414,996,3306,0.106,0.5144,0.7451,0.7451,0.4883,0.8174,0.7936,0.7436,0.7041,0.7822,984,337,274,802,0.0308,0.5276,0.7346,0.7363,0.4702,0.8109,0.7875,0.7337,0.6866,0.7812,1189,462,333,1012,0.0329,663.0,722.0,-59.0,2682.0,2887.0,-205.0,952.0,1077.0,-125.0,2294.0,2504.0,-210.0,185,256,72,3,8,64,3.9691255006675568,4.0,4.0,11984,3.9606141522029374,4.0,4.0,2996,,,,,,,,,,,,,,,,,,,,,,,,,,,,,,,,,,,,,,,,,,,,,,,,,,,,,,,,,,,,,,,,,,,,,,,,,,,,,OpenML_1471_eeg-eye-state,OpenML_1471_eeg-eye-state,1471,eeg-eye-state,14980,14,14,0,,,,,,,,
2,C_mask_pp,True,True,True,False,balanced_acc,val_loss,val_loss,val_bacc,256,B4_D4_K64,0.1129379307742241,0.0507786081169438,0.0035017558637067,0.0526452103672908,0.0895309453231298,balanced_bce,4,4,64,256,0.25,256,256,47.01098199561238,,0.5073,0.7486,0.7505,0.4983,0.8254,0.7984,0.7477,0.7004,0.7954,3871,1414,996,3306,0.0985,0.5144,0.7451,0.7451,0.4883,0.8174,0.7936,0.7436,0.7041,0.7822,984,337,274,802,0.0248,0.5276,0.7346,0.7363,0.4702,0.8109,0.7875,0.7337,0.6866,0.7812,1189,462,333,1012,0.0305,663.0,722.0,-59.0,2682.0,2887.0,-205.0,952.0,1077.0,-125.0,2294.0,2504.0,-210.0,185,256,72,3,8,64,3.9691255006675568,4.0,4.0,11984,3.9606141522029374,4.0,4.0,2996,0.5073,0.7486,0.7505,0.4983,0.8254,0.7984,0.7477,0.7004,0.7954,3871.0,1414.0,996.0,3306.0,0.1387,0.5144,0.7451,0.7451,0.4883,0.8174,0.7936,0.7436,0.7041,0.7822,984.0,337.0,274.0,802.0,0.036,0.5283,0.7343,0.736,0.4696,0.8103,0.7871,0.7334,0.6861,0.7811,1188.0,463.0,333.0,1012.0,0.0436,663.0,722.0,-59.0,2683.0,2887.0,-204.0,951.0,1077.0,-126.0,2294.0,2504.0,-210.0,166.0,234.0,69.0,6.0,10.0,59.0,75.0,166.0,240.0,69.0,6.0,234.0,166.0,154.0,3.945927858352661,4.0,4.0,11984.0,3.9389185905456543,4.0,4.0,2996.0,OpenML_1471_eeg-eye-state,OpenML_1471_eeg-eye-state,1471,eeg-eye-state,14980,14,14,0,0.736,0.8103,,0.7334,,166.0,69.0,234.0
2,D_no_mask_pp,False,True,False,False,balanced_acc,val_loss,val_loss,val_bacc,256,B4_D4_K64,0.1129379307742241,0.0507786081169438,0.0035017558637067,0.0526452103672908,0.0895309453231298,balanced_bce,4,4,64,256,0.25,256,256,43.27456601709128,,0.5384,0.7317,0.7314,0.461,0.8046,0.7711,0.7301,0.6907,0.7686,3882,1403,1169,3133,0.0937,0.5619,0.7255,0.7247,0.4478,0.7867,0.7502,0.7236,0.6859,0.7604,968,353,305,771,0.0246,0.561,0.7156,0.7141,0.4272,0.7841,0.7489,0.7134,0.6775,0.7486,1203,448,404,941,0.0297,765.0,864.0,-99.0,2679.0,2914.0,-235.0,955.0,1050.0,-95.0,2192.0,2362.0,-170.0,194,269,76,3,17,59,3.981391855807744,4.0,4.0,11984,3.9839786381842455,4.0,4.0,2996,0.5384,0.7317,0.7314,0.461,0.8046,0.7711,0.7301,0.6907,0.7686,3882.0,1403.0,1169.0,3133.0,0.1316,0.5619,0.7255,0.7247,0.4478,0.7867,0.7502,0.7236,0.6859,0.7604,968.0,353.0,305.0,771.0,0.0325,0.561,0.7156,0.7141,0.4272,0.7841,0.7489,0.7134,0.6775,0.7486,1203.0,448.0,404.0,941.0,0.0397,765.0,864.0,-99.0,2679.0,2914.0,-235.0,955.0,1050.0,-95.0,2192.0,2362.0,-170.0,192.0,267.0,76.0,3.0,17.0,59.0,79.0,192.0,270.0,76.0,3.0,267.0,192.0,186.0,3.981391906738281,4.0,4.0,11984.0,3.983978748321533,4.0,4.0,2996.0,OpenML_1471_eeg-eye-state,OpenML_1471_eeg-eye-state,1471,eeg-eye-state,14980,14,14,0,0.7141,0.7841,,0.7134,,192.0,76.0,267.0
3,A_no_mask_no_pp,False,False,False,False,balanced_acc,val_loss,val_loss,val_bacc,256,B4_D4_K48,0.3548322721532647,0.0087423315880166,0.0306866987670997,0.0046982172723575,0.0062675015176262,balanced_bce,4,4,48,256,0.1875,256,256,52.107805613428354,,0.5672,0.7244,0.7224,0.444,0.7795,0.7099,0.722,0.6894,0.7539,3924,1361,1281,3021,0.0932,0.563,0.7292,0.7281,0.4549,0.7885,0.7202,0.7272,0.6915,0.7621,977,344,305,771,0.0217,0.5758,0.7173,0.7157,0.4304,0.7718,0.7056,0.7151,0.6797,0.7497,1207,444,403,942,0.0273,878.0,976.0,-98.0,2717.0,2947.0,-230.0,917.0,1017.0,-100.0,2079.0,2250.0,-171.0,38,57,20,2,8,12,3.8391188251001336,4.0,4.0,11984,3.846795727636849,4.0,4.0,2996,,,,,,,,,,,,,,,,,,,,,,,,,,,,,,,,,,,,,,,,,,,,,,,,,,,,,,,,,,,,,,,,,,,,,,,,,,,,,OpenML_1471_eeg-eye-state,OpenML_1471_eeg-eye-state,1471,eeg-eye-state,14980,14,14,0,,,,,,,,
3,B_mask_no_pp,True,False,True,False,balanced_acc,val_loss,val_loss,val_bacc,256,B4_D4_K48,0.3548322721532647,0.0087423315880166,0.0306866987670997,0.0046982172723575,0.0062675015176262,balanced_bce,4,4,48,256,0.1875,256,256,41.8227516785264,,0.5659,0.7216,0.7161,0.435,0.7785,0.7401,0.717,0.7008,0.737,4068,1217,1452,2850,0.1178,0.5691,0.7196,0.7151,0.4317,0.7739,0.7354,0.7157,0.6946,0.7388,1004,317,355,721,0.0249,0.5713,0.7109,0.7063,0.4141,0.773,0.7338,0.7069,0.6844,0.7313,1241,410,456,889,0.0303,996.0,1097.0,-101.0,2827.0,3064.0,-237.0,807.0,900.0,-93.0,1961.0,2129.0,-168.0,64,92,29,4,3,26,3.866572096128171,4.0,4.0,11984,3.862483311081442,4.0,4.0,2996,,,,,,,,,,,,,,,,,,,,,,,,,,,,,,,,,,,,,,,,,,,,,,,,,,,,,,,,,,,,,,,,,,,,,,,,,,,,,OpenML_1471_eeg-eye-state,OpenML_1471_eeg-eye-state,1471,eeg-eye-state,14980,14,14,0,,,,,,,,
3,C_mask_pp,True,True,True,False,balanced_acc,val_loss,val_loss,val_bacc,256,B4_D4_K48,0.3548322721532647,0.0087423315880166,0.0306866987670997,0.0046982172723575,0.0062675015176262,balanced_bce,4,4,48,256,0.1875,256,256,40.62578529119492,,0.5659,0.7216,0.7161,0.435,0.7785,0.7401,0.717,0.7008,0.737,4068,1217,1452,2850,0.1022,0.5691,0.7196,0.7151,0.4317,0.7739,0.7354,0.7157,0.6946,0.7388,1004,317,355,721,0.0274,0.5713,0.7109,0.7063,0.4141,0.773,0.7338,0.7069,0.6844,0.7313,1241,410,456,889,0.029,996.0,1097.0,-101.0,2827.0,3064.0,-237.0,807.0,900.0,-93.0,1961.0,2129.0,-168.0,64,92,29,4,3,26,3.866572096128171,4.0,4.0,11984,3.862483311081442,4.0,4.0,2996,0.5659,0.7216,0.7161,0.435,0.7785,0.7401,0.717,0.7008,0.737,4068.0,1217.0,1452.0,2850.0,0.1304,0.5691,0.7196,0.7151,0.4317,0.7739,0.7354,0.7157,0.6946,0.7388,1004.0,317.0,355.0,721.0,0.0342,0.5713,0.7106,0.706,0.4135,0.773,0.7338,0.7066,0.6838,0.7311,1240.0,411.0,456.0,889.0,0.0407,996.0,1097.0,-101.0,2828.0,3064.0,-236.0,806.0,900.0,-94.0,1961.0,2129.0,-168.0,43.0,66.0,24.0,6.0,9.0,15.0,30.0,43.0,72.0,24.0,6.0,66.0,43.0,41.0,3.856391906738281,4.0,4.0,11984.0,3.854806423187256,4.0,4.0,2996.0,OpenML_1471_eeg-eye-state,OpenML_1471_eeg-eye-state,1471,eeg-eye-state,14980,14,14,0,0.706,0.773,,0.7066,,43.0,24.0,66.0
3,D_no_mask_pp,False,True,False,False,balanced_acc,val_loss,val_loss,val_bacc,256,B4_D4_K48,0.3548322721532647,0.0087423315880166,0.0306866987670997,0.0046982172723575,0.0062675015176262,balanced_bce,4,4,48,256,0.1875,256,256,49.84162313863635,,0.5672,0.7244,0.7224,0.444,0.7795,0.7099,0.722,0.6894,0.7539,3924,1361,1281,3021,0.1034,0.563,0.7292,0.7281,0.4549,0.7885,0.7202,0.7272,0.6915,0.7621,977,344,305,771,0.0221,0.5758,0.7173,0.7157,0.4304,0.7718,0.7056,0.7151,0.6797,0.7497,1207,444,403,942,0.027,878.0,976.0,-98.0,2717.0,2947.0,-230.0,917.0,1017.0,-100.0,2079.0,2250.0,-171.0,38,57,20,2,8,12,3.8391188251001336,4.0,4.0,11984,3.846795727636849,4.0,4.0,2996,0.5672,0.7244,0.7224,0.444,0.7795,0.7099,0.722,0.6894,0.7539,3924.0,1361.0,1281.0,3021.0,0.1271,0.563,0.7292,0.7281,0.4549,0.7885,0.7202,0.7272,0.6915,0.7621,977.0,344.0,305.0,771.0,0.0323,0.5758,0.7173,0.7157,0.4304,0.7718,0.7056,0.7151,0.6797,0.7497,1207.0,444.0,403.0,942.0,0.0438,878.0,976.0,-98.0,2717.0,2947.0,-230.0,917.0,1017.0,-100.0,2079.0,2250.0,-171.0,33.0,52.0,20.0,2.0,11.0,9.0,22.0,33.0,54.0,20.0,2.0,52.0,33.0,33.0,3.839118719100952,4.0,4.0,11984.0,3.8467957973480233,4.0,4.0,2996.0,OpenML_1471_eeg-eye-state,OpenML_1471_eeg-eye-state,1471,eeg-eye-state,14980,14,14,0,0.7157,0.7718,,0.7151,,33.0,20.0,52.0
4,A_no_mask_no_pp,False,False,False,False,balanced_acc,val_loss,val_loss,val_bacc,256,B4_D4_K64,0.3522309746418191,0.0285181224436896,0.0079338923628336,0.0055333355121344,0.0046914601467042,balanced_bce,4,4,64,256,0.25,256,256,48.814740013331175,,0.5107,0.7595,0.7583,0.5154,0.8255,0.7975,0.7575,0.7252,0.7889,4067,1218,1088,3214,0.2674,0.5235,0.7501,0.7475,0.495,0.8147,0.7859,0.7475,0.7214,0.7735,1021,300,299,777,0.0324,0.5145,0.7513,0.7482,0.4969,0.8197,0.7957,0.7484,0.7256,0.7719,1286,365,380,965,0.0393,708.0,789.0,-81.0,2781.0,3046.0,-265.0,853.0,918.0,-65.0,2249.0,2437.0,-188.0,122,171,50,7,5,45,3.887349799732977,4.0,4.0,11984,3.891188251001335,4.0,4.0,2996,,,,,,,,,,,,,,,,,,,,,,,,,,,,,,,,,,,,,,,,,,,,,,,,,,,,,,,,,,,,,,,,,,,,,,,,,,,,,OpenML_1471_eeg-eye-state,OpenML_1471_eeg-eye-state,1471,eeg-eye-state,14980,14,14,0,,,,,,,,
4,B_mask_no_pp,True,False,True,False,balanced_acc,val_loss,val_loss,val_bacc,256,B4_D4_K64,0.3522309746418191,0.0285181224436896,0.0079338923628336,0.0055333355121344,0.0046914601467042,balanced_bce,4,4,64,256,0.25,256,256,55.50076647475362,,0.5158,0.7582,0.756,0.5117,0.8231,0.7852,0.7558,0.7287,0.7826,4108,1177,1141,3161,0.0876,0.5379,0.7459,0.7411,0.4847,0.8037,0.7608,0.742,0.7278,0.7595,1042,279,330,746,0.0221,0.5296,0.7487,0.7459,0.4919,0.8097,0.7726,0.746,0.7206,0.7715,1276,375,378,967,0.0271,763.0,811.0,-48.0,2832.0,3066.0,-234.0,802.0,898.0,-96.0,2194.0,2415.0,-221.0,86,123,38,5,7,31,3.8538050734312415,4.0,4.0,11984,3.85781041388518,4.0,4.0,2996,,,,,,,,,,,,,,,,,,,,,,,,,,,,,,,,,,,,,,,,,,,,,,,,,,,,,,,,,,,,,,,,,,,,,,,,,,,,,OpenML_1471_eeg-eye-state,OpenML_1471_eeg-eye-state,1471,eeg-eye-state,14980,14,14,0,,,,,,,,
4,C_mask_pp,True,True,True,False,balanced_acc,val_loss,val_loss,val_bacc,256,B4_D4_K64,0.3522309746418191,0.0285181224436896,0.0079338923628336,0.0055333355121344,0.0046914601467042,balanced_bce,4,4,64,256,0.25,256,256,54.35449296236038,,0.5158,0.7582,0.756,0.5117,0.8231,0.7852,0.7558,0.7287,0.7826,4108,1177,1141,3161,0.0992,0.5379,0.7459,0.7411,0.4847,0.8037,0.7608,0.742,0.7278,0.7595,1042,279,330,746,0.0166,0.5296,0.7487,0.7459,0.4919,0.8097,0.7726,0.746,0.7206,0.7715,1276,375,378,967,0.021,763.0,811.0,-48.0,2832.0,3066.0,-234.0,802.0,898.0,-96.0,2194.0,2415.0,-221.0,86,123,38,5,7,31,3.8538050734312415,4.0,4.0,11984,3.85781041388518,4.0,4.0,2996,0.5158,0.7582,0.756,0.5117,0.8231,0.7852,0.7558,0.7287,0.7826,4108.0,1177.0,1141.0,3161.0,0.1305,0.5379,0.7459,0.7411,0.4847,0.8037,0.7608,0.742,0.7278,0.7595,1042.0,279.0,330.0,746.0,0.0331,0.5296,0.7487,0.7459,0.4919,0.8097,0.7726,0.746,0.7206,0.7715,1276.0,375.0,378.0,967.0,0.0422,763.0,811.0,-48.0,2832.0,3066.0,-234.0,802.0,898.0,-96.0,2194.0,2415.0,-221.0,79.0,116.0,38.0,5.0,11.0,27.0,43.0,79.0,121.0,38.0,5.0,116.0,79.0,75.0,3.853805065155029,4.0,4.0,11984.0,3.857810497283936,4.0,4.0,2996.0,OpenML_1471_eeg-eye-state,OpenML_1471_eeg-eye-state,1471,eeg-eye-state,14980,14,14,0,0.7459,0.8097,,0.746,,79.0,38.0,116.0
4,D_no_mask_pp,False,True,False,False,balanced_acc,val_loss,val_loss,val_bacc,256,B4_D4_K64,0.3522309746418191,0.0285181224436896,0.0079338923628336,0.0055333355121344,0.0046914601467042,balanced_bce,4,4,64,256,0.25,256,256,49.08798427134752,,0.5107,0.7595,0.7583,0.5154,0.8255,0.7975,0.7575,0.7252,0.7889,4067,1218,1088,3214,0.221,0.5235,0.7501,0.7475,0.495,0.8147,0.7859,0.7475,0.7214,0.7735,1021,300,299,777,0.0232,0.5145,0.7513,0.7482,0.4969,0.8197,0.7957,0.7484,0.7256,0.7719,1286,365,380,965,0.0282,708.0,789.0,-81.0,2781.0,3046.0,-265.0,853.0,918.0,-65.0,2249.0,2437.0,-188.0,122,171,50,7,5,45,3.887349799732977,4.0,4.0,11984,3.891188251001335,4.0,4.0,2996,0.5107,0.7595,0.7583,0.5154,0.8255,0.7975,0.7575,0.7252,0.7889,4067.0,1218.0,1088.0,3214.0,0.122,0.5235,0.7501,0.7475,0.495,0.8147,0.7859,0.7475,0.7214,0.7735,1021.0,300.0,299.0,777.0,0.0313,0.5145,0.7513,0.7482,0.4969,0.8197,0.7957,0.7484,0.7256,0.7719,1286.0,365.0,380.0,965.0,0.0386,708.0,789.0,-81.0,2781.0,3046.0,-265.0,853.0,918.0,-65.0,2249.0,2437.0,-188.0,100.0,146.0,47.0,7.0,11.0,36.0,54.0,100.0,153.0,47.0,7.0,146.0,100.0,93.0,3.880507230758667,4.0,4.0,11984.0,3.885847806930542,4.0,4.0,2996.0,OpenML_1471_eeg-eye-state,OpenML_1471_eeg-eye-state,1471,eeg-eye-state,14980,14,14,0,0.7482,0.8197,,0.7484,,100.0,47.0,146.0
0,A_no_mask_no_pp,False,False,False,False,balanced_acc,val_loss,val_loss,val_bacc,256,B3_D4_K24,0.1762417085442977,0.0952752038129598,0.0018196975564334,0.0083763765760064,0.0912376023992653,balanced_bce,3,4,24,81,0.2962962962962963,230,256,22.7368003167212,,0.4209,0.7765,0.8245,0.5915,0.8783,0.6764,0.7646,0.5725,0.9665,1730,713,60,955,0.0346,0.4163,0.7838,0.8332,0.6073,0.8756,0.6571,0.7724,0.5803,0.9732,436,175,12,242,0.0094,0.4375,0.7687,0.8087,0.5632,0.8693,0.6639,0.7549,0.5661,0.9477,544,220,30,287,0.0121,30.0,48.0,-18.0,1186.0,1294.0,-108.0,493.0,538.0,-45.0,668.0,713.0,-45.0,29,44,16,14,4,12,2.620171177423086,2.0,4.0,4323,2.67900092506938,3.0,4.0,1081,,,,,,,,,,,,,,,,,,,,,,,,,,,,,,,,,,,,,,,,,,,,,,,,,,,,,,,,,,,,,,,,,,,,,,,,,,,,,OpenML_1489_phoneme,OpenML_1489_phoneme,1489,phoneme,5404,5,5,0,,,,,,,,
0,B_mask_no_pp,True,False,True,False,balanced_acc,val_loss,val_loss,val_bacc,256,B3_D4_K24,0.1762417085442977,0.0952752038129598,0.0018196975564334,0.0083763765760064,0.0912376023992653,balanced_bce,3,4,24,81,0.2962962962962963,230,256,20.98217172175646,,0.404,0.7909,0.8241,0.5937,0.8921,0.737,0.7758,0.5946,0.9493,1817,626,97,918,0.0355,0.4243,0.7838,0.8171,0.5806,0.8765,0.6969,0.7686,0.5861,0.9454,450,161,26,228,0.0091,0.4402,0.7761,0.8112,0.5688,0.8754,0.7172,0.7611,0.5761,0.9439,555,209,33,284,0.012,64.0,71.0,-7.0,1262.0,1367.0,-105.0,417.0,465.0,-48.0,634.0,690.0,-56.0,29,46,18,7,8,10,3.3826046726810084,4.0,4.0,4323,3.396854764107308,4.0,4.0,1081,,,,,,,,,,,,,,,,,,,,,,,,,,,,,,,,,,,,,,,,,,,,,,,,,,,,,,,,,,,,,,,,,,,,,,,,,,,,,OpenML_1489_phoneme,OpenML_1489_phoneme,1489,phoneme,5404,5,5,0,,,,,,,,
0,C_mask_pp,True,True,True,False,balanced_acc,val_loss,val_loss,val_bacc,256,B3_D4_K24,0.1762417085442977,0.0952752038129598,0.0018196975564334,0.0083763765760064,0.0912376023992653,balanced_bce,3,4,24,81,0.2962962962962963,230,256,21.432371839880943,,0.404,0.7909,0.8241,0.5937,0.8921,0.737,0.7758,0.5946,0.9493,1817,626,97,918,0.0403,0.4243,0.7838,0.8171,0.5806,0.8765,0.6969,0.7686,0.5861,0.9454,450,161,26,228,0.0106,0.4402,0.7761,0.8112,0.5688,0.8754,0.7172,0.7611,0.5761,0.9439,555,209,33,284,0.0128,64.0,71.0,-7.0,1262.0,1367.0,-105.0,417.0,465.0,-48.0,634.0,690.0,-56.0,29,46,18,7,8,10,3.3826046726810084,4.0,4.0,4323,3.396854764107308,4.0,4.0,1081,0.404,0.7909,0.8241,0.5937,0.8921,0.737,0.7758,0.5946,0.9493,1817.0,626.0,97.0,918.0,0.1127,0.4243,0.7838,0.8171,0.5806,0.8765,0.6969,0.7686,0.5861,0.9454,450.0,161.0,26.0,228.0,0.0156,0.4402,0.7761,0.8112,0.5688,0.8754,0.7172,0.7611,0.5761,0.9439,555.0,209.0,33.0,284.0,0.0198,64.0,71.0,-7.0,1262.0,1367.0,-105.0,417.0,465.0,-48.0,634.0,690.0,-56.0,26.0,43.0,18.0,6.0,11.0,7.0,24.0,26.0,49.0,18.0,6.0,43.0,26.0,24.0,3.3826045989990234,4.0,4.0,4323.0,3.396854877471924,4.0,4.0,1081.0,OpenML_1489_phoneme,OpenML_1489_phoneme,1489,phoneme,5404,5,5,0,0.8112,0.8754,,0.7611,,26.0,18.0,43.0
0,D_no_mask_pp,False,True,False,False,balanced_acc,val_loss,val_loss,val_bacc,256,B3_D4_K24,0.1762417085442977,0.0952752038129598,0.0018196975564334,0.0083763765760064,0.0912376023992653,balanced_bce,3,4,24,81,0.2962962962962963,230,256,20.635837968438864,,0.4209,0.7765,0.8245,0.5915,0.8783,0.6764,0.7646,0.5725,0.9665,1730,713,60,955,0.0325,0.4163,0.7838,0.8332,0.6073,0.8756,0.6571,0.7724,0.5803,0.9732,436,175,12,242,0.0208,0.4375,0.7687,0.8087,0.5632,0.8693,0.6639,0.7549,0.5661,0.9477,544,220,30,287,0.0112,30.0,48.0,-18.0,1186.0,1294.0,-108.0,493.0,538.0,-45.0,668.0,713.0,-45.0,29,44,16,14,4,12,2.620171177423086,2.0,4.0,4323,2.67900092506938,3.0,4.0,1081,0.4209,0.7765,0.8245,0.5915,0.8783,0.6764,0.7646,0.5725,0.9665,1730.0,713.0,60.0,955.0,0.0526,0.4163,0.7838,0.8332,0.6073,0.8756,0.6571,0.7724,0.5803,0.9732,436.0,175.0,12.0,242.0,0.0136,0.4375,0.7687,0.8087,0.5632,0.8693,0.6639,0.7549,0.5661,0.9477,544.0,220.0,30.0,287.0,0.018,30.0,48.0,-18.0,1186.0,1294.0,-108.0,493.0,538.0,-45.0,668.0,713.0,-45.0,29.0,44.0,16.0,14.0,4.0,12.0,30.0,29.0,58.0,16.0,14.0,44.0,29.0,29.0,2.620171070098877,2.0,4.0,4323.0,2.6790008544921875,3.0,4.0,1081.0,OpenML_1489_phoneme,OpenML_1489_phoneme,1489,phoneme,5404,5,5,0,0.8087,0.8693,,0.7549,,29.0,16.0,44.0
1,A_no_mask_no_pp,False,False,False,False,balanced_acc,val_loss,val_loss,val_bacc,256,B4_D4_K64,0.8789510403949892,0.011987879770679,0.0083691174855943,0.0649259523650507,0.0065809699890022,balanced_bce,4,4,64,256,0.25,230,256,14.06196916475892,,0.4803,0.7195,0.7894,0.5297,0.8424,0.6318,0.7124,0.5118,0.973,1515,928,42,973,0.0356,0.4631,0.7272,0.8,0.5495,0.8539,0.6615,0.7206,0.5188,0.9845,381,230,6,248,0.0092,0.4875,0.7114,0.7783,0.509,0.8337,0.6077,0.7038,0.5042,0.9612,471,293,19,298,0.012,23.0,36.0,-13.0,1044.0,1134.0,-90.0,635.0,698.0,-63.0,675.0,725.0,-50.0,19,32,14,3,12,2,3.727272727272727,4.0,4.0,4323,3.7086031452358927,4.0,4.0,1081,,,,,,,,,,,,,,,,,,,,,,,,,,,,,,,,,,,,,,,,,,,,,,,,,,,,,,,,,,,,,,,,,,,,,,,,,,,,,OpenML_1489_phoneme,OpenML_1489_phoneme,1489,phoneme,5404,5,5,0,,,,,,,,
1,B_mask_no_pp,True,False,True,False,balanced_acc,val_loss,val_loss,val_bacc,256,B4_D4_K64,0.8789510403949892,0.011987879770679,0.0083691174855943,0.0649259523650507,0.0065809699890022,balanced_bce,4,4,64,256,0.25,230,256,16.752812016755342,,0.4932,0.7548,0.7968,0.5411,0.8369,0.5894,0.7414,0.5504,0.9428,1698,745,103,912,0.037,0.4704,0.7699,0.8141,0.5729,0.8579,0.6228,0.7572,0.5666,0.9558,432,179,20,234,0.0091,0.4935,0.7539,0.8028,0.5515,0.8435,0.5993,0.7422,0.5478,0.9544,523,241,25,292,0.0125,78.0,83.0,-5.0,1175.0,1266.0,-91.0,504.0,566.0,-62.0,620.0,678.0,-58.0,14,22,9,2,6,3,3.22530650011566,3.0,4.0,4323,3.231267345050879,3.0,4.0,1081,,,,,,,,,,,,,,,,,,,,,,,,,,,,,,,,,,,,,,,,,,,,,,,,,,,,,,,,,,,,,,,,,,,,,,,,,,,,,OpenML_1489_phoneme,OpenML_1489_phoneme,1489,phoneme,5404,5,5,0,,,,,,,,
1,C_mask_pp,True,True,True,False,balanced_acc,val_loss,val_loss,val_bacc,256,B4_D4_K64,0.8789510403949892,0.011987879770679,0.0083691174855943,0.0649259523650507,0.0065809699890022,balanced_bce,4,4,64,256,0.25,230,256,16.03680084273219,,0.4932,0.7548,0.7968,0.5411,0.8369,0.5894,0.7414,0.5504,0.9428,1698,745,103,912,0.0374,0.4704,0.7699,0.8141,0.5729,0.8579,0.6228,0.7572,0.5666,0.9558,432,179,20,234,0.0104,0.4935,0.7539,0.8028,0.5515,0.8435,0.5993,0.7422,0.5478,0.9544,523,241,25,292,0.013,78.0,83.0,-5.0,1175.0,1266.0,-91.0,504.0,566.0,-62.0,620.0,678.0,-58.0,14,22,9,2,6,3,3.22530650011566,3.0,4.0,4323,3.231267345050879,3.0,4.0,1081,0.4932,0.7548,0.7968,0.5411,0.8369,0.5894,0.7414,0.5504,0.9428,1698.0,745.0,103.0,912.0,0.0541,0.4704,0.7699,0.8141,0.5729,0.8579,0.6228,0.7572,0.5666,0.9558,432.0,179.0,20.0,234.0,0.0144,0.4935,0.7539,0.8028,0.5515,0.8435,0.5993,0.7422,0.5478,0.9544,523.0,241.0,25.0,292.0,0.018,78.0,83.0,-5.0,1175.0,1266.0,-91.0,504.0,566.0,-62.0,620.0,678.0,-58.0,12.0,20.0,9.0,2.0,7.0,2.0,11.0,12.0,22.0,9.0,2.0,20.0,12.0,12.0,3.225306510925293,3.0,4.0,4323.0,3.2312674522399902,3.0,4.0,1081.0,OpenML_1489_phoneme,OpenML_1489_phoneme,1489,phoneme,5404,5,5,0,0.8028,0.8435,,0.7422,,12.0,9.0,20.0
1,D_no_mask_pp,False,True,False,False,balanced_acc,val_loss,val_loss,val_bacc,256,B4_D4_K64,0.8789510403949892,0.011987879770679,0.0083691174855943,0.0649259523650507,0.0065809699890022,balanced_bce,4,4,64,256,0.25,230,256,14.414151266217232,,0.4803,0.7195,0.7894,0.5297,0.8424,0.6318,0.7124,0.5118,0.973,1515,928,42,973,0.0338,0.4631,0.7272,0.8,0.5495,0.8539,0.6615,0.7206,0.5188,0.9845,381,230,6,248,0.0204,0.4875,0.7114,0.7783,0.509,0.8337,0.6077,0.7038,0.5042,0.9612,471,293,19,298,0.0157,23.0,36.0,-13.0,1044.0,1134.0,-90.0,635.0,698.0,-63.0,675.0,725.0,-50.0,19,32,14,3,12,2,3.727272727272727,4.0,4.0,4323,3.7086031452358927,4.0,4.0,1081,0.4803,0.7195,0.7894,0.5297,0.8424,0.6318,0.7124,0.5118,0.973,1515.0,928.0,42.0,973.0,0.054,0.4631,0.7272,0.8,0.5495,0.8539,0.6615,0.7206,0.5188,0.9845,381.0,230.0,6.0,248.0,0.0144,0.4875,0.7114,0.7783,0.509,0.8337,0.6077,0.7038,0.5042,0.9612,471.0,293.0,19.0,298.0,0.0179,23.0,36.0,-13.0,1044.0,1134.0,-90.0,635.0,698.0,-63.0,675.0,725.0,-50.0,18.0,31.0,14.0,3.0,12.0,2.0,17.0,18.0,34.0,14.0,3.0,31.0,18.0,16.0,3.727272748947144,4.0,4.0,4323.0,3.7086031436920166,4.0,4.0,1081.0,OpenML_1489_phoneme,OpenML_1489_phoneme,1489,phoneme,5404,5,5,0,0.7783,0.8337,,0.7038,,18.0,14.0,31.0
2,A_no_mask_no_pp,False,False,False,False,balanced_acc,val_loss,val_loss,val_bacc,256,B4_D4_K24,0.2146897492649185,0.0295201059904041,0.0095986565171089,0.017720547294256,0.0219393012143736,balanced_bce,4,4,24,256,0.09375,230,256,19.955597907304764,,0.4343,0.786,0.8232,0.591,0.8831,0.7117,0.7718,0.5871,0.9532,1791,652,88,927,0.0364,0.4498,0.7884,0.8215,0.5889,0.87,0.6932,0.7732,0.5917,0.9477,453,158,25,229,0.0103,0.4585,0.7706,0.8082,0.5627,0.867,0.6672,0.7561,0.5689,0.9448,548,216,32,285,0.0129,56.0,63.0,-7.0,1243.0,1338.0,-95.0,436.0,494.0,-58.0,642.0,698.0,-56.0,113,157,45,22,9,36,3.446680545917187,4.0,4.0,4323,3.477335800185014,4.0,4.0,1081,,,,,,,,,,,,,,,,,,,,,,,,,,,,,,,,,,,,,,,,,,,,,,,,,,,,,,,,,,,,,,,,,,,,,,,,,,,,,OpenML_1489_phoneme,OpenML_1489_phoneme,1489,phoneme,5404,5,5,0,,,,,,,,
2,B_mask_no_pp,True,False,True,False,balanced_acc,val_loss,val_loss,val_bacc,256,B4_D4_K24,0.2146897492649185,0.0295201059904041,0.0095986565171089,0.017720547294256,0.0219393012143736,balanced_bce,4,4,24,256,0.09375,230,256,19.623697984963652,,0.4077,0.8088,0.8322,0.6131,0.8904,0.7113,0.7917,0.6221,0.9437,1895,548,113,902,0.0324,0.3968,0.8162,0.8388,0.6264,0.8982,0.7504,0.7991,0.6323,0.9466,479,132,27,227,0.0087,0.4062,0.8085,0.8405,0.6252,0.896,0.7149,0.7934,0.6165,0.9573,583,181,26,291,0.0111,87.0,86.0,1.0,1312.0,1416.0,-104.0,367.0,416.0,-49.0,611.0,675.0,-64.0,79,106,28,23,1,27,3.0416377515614155,3.0,4.0,4323,3.017576318223867,3.0,4.0,1081,,,,,,,,,,,,,,,,,,,,,,,,,,,,,,,,,,,,,,,,,,,,,,,,,,,,,,,,,,,,,,,,,,,,,,,,,,,,,OpenML_1489_phoneme,OpenML_1489_phoneme,1489,phoneme,5404,5,5,0,,,,,,,,
2,C_mask_pp,True,True,True,False,balanced_acc,val_loss,val_loss,val_bacc,256,B4_D4_K24,0.2146897492649185,0.0295201059904041,0.0095986565171089,0.017720547294256,0.0219393012143736,balanced_bce,4,4,24,256,0.09375,230,256,19.32963493093848,,0.4077,0.8088,0.8322,0.6131,0.8904,0.7113,0.7917,0.6221,0.9437,1895,548,113,902,0.0361,0.3968,0.8162,0.8388,0.6264,0.8982,0.7504,0.7991,0.6323,0.9466,479,132,27,227,0.0098,0.4062,0.8085,0.8405,0.6252,0.896,0.7149,0.7934,0.6165,0.9573,583,181,26,291,0.013,87.0,86.0,1.0,1312.0,1416.0,-104.0,367.0,416.0,-49.0,611.0,675.0,-64.0,79,106,28,23,1,27,3.0416377515614155,3.0,4.0,4323,3.017576318223867,3.0,4.0,1081,0.4077,0.8088,0.8322,0.6131,0.8904,0.7113,0.7917,0.6221,0.9437,1895.0,548.0,113.0,902.0,0.0574,0.3968,0.8162,0.8388,0.6264,0.8982,0.7504,0.7991,0.6323,0.9466,479.0,132.0,27.0,227.0,0.0168,0.4062,0.8085,0.8405,0.6252,0.896,0.7149,0.7934,0.6165,0.9573,583.0,181.0,26.0,291.0,0.019,87.0,86.0,1.0,1312.0,1416.0,-104.0,367.0,416.0,-49.0,611.0,675.0,-64.0,52.0,72.0,21.0,24.0,1.0,20.0,45.0,52.0,96.0,21.0,24.0,72.0,52.0,48.0,3.0397872924804688,3.0,4.0,4323.0,3.013875961303711,3.0,4.0,1081.0,OpenML_1489_phoneme,OpenML_1489_phoneme,1489,phoneme,5404,5,5,0,0.8405,0.896,,0.7934,,52.0,21.0,72.0
2,D_no_mask_pp,False,True,False,False,balanced_acc,val_loss,val_loss,val_bacc,256,B4_D4_K24,0.2146897492649185,0.0295201059904041,0.0095986565171089,0.017720547294256,0.0219393012143736,balanced_bce,4,4,24,256,0.09375,230,256,20.367548547685143,,0.4343,0.786,0.8232,0.591,0.8831,0.7117,0.7718,0.5871,0.9532,1791,652,88,927,0.0517,0.4498,0.7884,0.8215,0.5889,0.87,0.6932,0.7732,0.5917,0.9477,453,158,25,229,0.0129,0.4585,0.7706,0.8082,0.5627,0.867,0.6672,0.7561,0.5689,0.9448,548,216,32,285,0.0159,56.0,63.0,-7.0,1243.0,1338.0,-95.0,436.0,494.0,-58.0,642.0,698.0,-56.0,113,157,45,22,9,36,3.446680545917187,4.0,4.0,4323,3.477335800185014,4.0,4.0,1081,0.4343,0.786,0.8232,0.591,0.8831,0.7117,0.7718,0.5871,0.9532,1791.0,652.0,88.0,927.0,0.0529,0.4498,0.7884,0.8215,0.5889,0.87,0.6932,0.7732,0.5917,0.9477,453.0,158.0,25.0,229.0,0.0149,0.4596,0.7697,0.8066,0.5599,0.866,0.6661,0.755,0.568,0.9432,548.0,216.0,33.0,284.0,0.0179,55.0,63.0,-8.0,1243.0,1338.0,-95.0,436.0,494.0,-58.0,643.0,698.0,-55.0,61.0,91.0,31.0,16.0,13.0,18.0,47.0,61.0,107.0,31.0,16.0,91.0,61.0,53.0,3.424473762512207,4.0,4.0,4323.0,3.4523589611053467,4.0,4.0,1081.0,OpenML_1489_phoneme,OpenML_1489_phoneme,1489,phoneme,5404,5,5,0,0.8066,0.866,,0.755,,61.0,31.0,91.0
3,A_no_mask_no_pp,False,False,False,False,balanced_acc,val_loss,val_loss,val_bacc,256,B3_D4_K48,0.2206680079452573,0.0868001353966084,0.0293492878212114,0.0190480604511136,0.0028497607137747,balanced_bce,3,4,48,81,0.5925925925925926,230,256,22.066899720579386,,0.4167,0.7895,0.8188,0.5849,0.8848,0.7104,0.7733,0.5945,0.9422,1827,616,112,903,0.0349,0.3961,0.8092,0.8316,0.6125,0.8908,0.7324,0.7919,0.6233,0.9425,475,136,29,225,0.0103,0.4322,0.7817,0.8142,0.5752,0.8766,0.7056,0.7661,0.5835,0.943,562,202,34,283,0.0118,78.0,83.0,-5.0,1265.0,1352.0,-87.0,414.0,480.0,-66.0,620.0,678.0,-58.0,41,63,23,4,6,17,3.960212815174647,4.0,4.0,4323,3.971322849213691,4.0,4.0,1081,,,,,,,,,,,,,,,,,,,,,,,,,,,,,,,,,,,,,,,,,,,,,,,,,,,,,,,,,,,,,,,,,,,,,,,,,,,,,OpenML_1489_phoneme,OpenML_1489_phoneme,1489,phoneme,5404,5,5,0,,,,,,,,
3,B_mask_no_pp,True,False,True,False,balanced_acc,val_loss,val_loss,val_bacc,256,B3_D4_K48,0.2206680079452573,0.0868001353966084,0.0293492878212114,0.0190480604511136,0.0028497607137747,balanced_bce,3,4,48,81,0.5925925925925926,230,256,21.868378177285194,,0.4133,0.799,0.8252,0.5984,0.8867,0.7188,0.7823,0.6078,0.9428,1861,582,113,902,0.0364,0.3751,0.8289,0.849,0.6476,0.9077,0.7645,0.8118,0.6514,0.9495,489,122,26,228,0.0101,0.4271,0.7872,0.8163,0.5802,0.8856,0.725,0.7709,0.5916,0.9406,570,194,36,281,0.0125,77.0,87.0,-10.0,1291.0,1372.0,-81.0,388.0,460.0,-72.0,621.0,674.0,-53.0,39,60,22,9,6,16,3.74647235715938,4.0,4.0,4323,3.761332099907493,4.0,4.0,1081,,,,,,,,,,,,,,,,,,,,,,,,,,,,,,,,,,,,,,,,,,,,,,,,,,,,,,,,,,,,,,,,,,,,,,,,,,,,,OpenML_1489_phoneme,OpenML_1489_phoneme,1489,phoneme,5404,5,5,0,,,,,,,,
3,C_mask_pp,True,True,True,False,balanced_acc,val_loss,val_loss,val_bacc,256,B3_D4_K48,0.2206680079452573,0.0868001353966084,0.0293492878212114,0.0190480604511136,0.0028497607137747,balanced_bce,3,4,48,81,0.5925925925925926,230,256,21.711232915520668,,0.4133,0.799,0.8252,0.5984,0.8867,0.7188,0.7823,0.6078,0.9428,1861,582,113,902,0.0366,0.3751,0.8289,0.849,0.6476,0.9077,0.7645,0.8118,0.6514,0.9495,489,122,26,228,0.009,0.4271,0.7872,0.8163,0.5802,0.8856,0.725,0.7709,0.5916,0.9406,570,194,36,281,0.0122,77.0,87.0,-10.0,1291.0,1372.0,-81.0,388.0,460.0,-72.0,621.0,674.0,-53.0,39,60,22,9,6,16,3.74647235715938,4.0,4.0,4323,3.761332099907493,4.0,4.0,1081,0.4133,0.799,0.8252,0.5984,0.8867,0.7188,0.7823,0.6078,0.9428,1861.0,582.0,113.0,902.0,0.0641,0.3751,0.8289,0.849,0.6476,0.9077,0.7645,0.8118,0.6514,0.9495,489.0,122.0,26.0,228.0,0.0153,0.4271,0.7872,0.8163,0.5802,0.8856,0.725,0.7709,0.5916,0.9406,570.0,194.0,36.0,281.0,0.0192,77.0,87.0,-10.0,1291.0,1372.0,-81.0,388.0,460.0,-72.0,621.0,674.0,-53.0,36.0,56.0,21.0,10.0,7.0,14.0,31.0,36.0,66.0,21.0,10.0,56.0,36.0,33.0,3.673837661743164,4.0,4.0,4323.0,3.6910269260406494,4.0,4.0,1081.0,OpenML_1489_phoneme,OpenML_1489_phoneme,1489,phoneme,5404,5,5,0,0.8163,0.8856,,0.7709,,36.0,21.0,56.0
3,D_no_mask_pp,False,True,False,False,balanced_acc,val_loss,val_loss,val_bacc,256,B3_D4_K48,0.2206680079452573,0.0868001353966084,0.0293492878212114,0.0190480604511136,0.0028497607137747,balanced_bce,3,4,48,81,0.5925925925925926,230,256,21.16901656612754,,0.4167,0.7895,0.8188,0.5849,0.8848,0.7104,0.7733,0.5945,0.9422,1827,616,112,903,0.0352,0.3961,0.8092,0.8316,0.6125,0.8908,0.7324,0.7919,0.6233,0.9425,475,136,29,225,0.0089,0.4322,0.7817,0.8142,0.5752,0.8766,0.7056,0.7661,0.5835,0.943,562,202,34,283,0.012,78.0,83.0,-5.0,1265.0,1352.0,-87.0,414.0,480.0,-66.0,620.0,678.0,-58.0,41,63,23,4,6,17,3.960212815174647,4.0,4.0,4323,3.971322849213691,4.0,4.0,1081,0.4167,0.7895,0.8188,0.5849,0.8848,0.7104,0.7733,0.5945,0.9422,1827.0,616.0,112.0,903.0,0.0608,0.3961,0.8092,0.8316,0.6125,0.8908,0.7324,0.7919,0.6233,0.9425,475.0,136.0,29.0,225.0,0.0174,0.4322,0.7817,0.8142,0.5752,0.8766,0.7056,0.7661,0.5835,0.943,562.0,202.0,34.0,283.0,0.0215,78.0,83.0,-5.0,1265.0,1352.0,-87.0,414.0,480.0,-66.0,620.0,678.0,-58.0,34.0,54.0,21.0,3.0,9.0,12.0,24.0,34.0,57.0,21.0,3.0,54.0,34.0,32.0,3.959750175476074,4.0,4.0,4323.0,3.971322774887085,4.0,4.0,1081.0,OpenML_1489_phoneme,OpenML_1489_phoneme,1489,phoneme,5404,5,5,0,0.8142,0.8766,,0.7661,,34.0,21.0,54.0
4,A_no_mask_no_pp,False,False,False,False,balanced_acc,val_loss,val_loss,val_bacc,256,B4_D4_K24,0.2098564774543807,0.0104952634139628,0.012623193741348,0.0125527668976111,0.0050402240773998,balanced_bce,4,4,24,256,0.09375,230,256,18.15192012116313,,0.4314,0.7921,0.8143,0.5792,0.8773,0.6915,0.774,0.601,0.9327,1858,585,134,881,0.0369,0.4076,0.8254,0.85,0.647,0.8877,0.6909,0.8092,0.6435,0.9545,483,128,23,231,0.009,0.4564,0.7641,0.7907,0.5326,0.8676,0.6944,0.7466,0.5646,0.9235,555,209,46,271,0.0114,88.0,111.0,-23.0,1303.0,1375.0,-72.0,376.0,457.0,-81.0,610.0,650.0,-40.0,98,137,40,16,10,30,3.5264862364099003,4.0,4.0,4323,3.549491211840888,4.0,4.0,1081,,,,,,,,,,,,,,,,,,,,,,,,,,,,,,,,,,,,,,,,,,,,,,,,,,,,,,,,,,,,,,,,,,,,,,,,,,,,,OpenML_1489_phoneme,OpenML_1489_phoneme,1489,phoneme,5404,5,5,0,,,,,,,,
4,B_mask_no_pp,True,False,True,False,balanced_acc,val_loss,val_loss,val_bacc,256,B4_D4_K24,0.2098564774543807,0.0104952634139628,0.012623193741348,0.0125527668976111,0.0050402240773998,balanced_bce,4,4,24,256,0.09375,230,256,18.536951813846827,,0.4444,0.7649,0.7956,0.5409,0.8705,0.6742,0.7487,0.5646,0.9303,1762,681,132,883,0.0334,0.4263,0.7942,0.8244,0.5954,0.8869,0.7084,0.7784,0.6,0.9464,459,152,26,228,0.0094,0.4802,0.7391,0.7748,0.5012,0.8463,0.6474,0.724,0.5342,0.9228,526,238,44,273,0.011,88.0,106.0,-18.0,1236.0,1303.0,-67.0,443.0,529.0,-86.0,610.0,655.0,-45.0,119,162,44,24,6,38,3.547767753874624,4.0,4.0,4323,3.530989824236818,4.0,4.0,1081,,,,,,,,,,,,,,,,,,,,,,,,,,,,,,,,,,,,,,,,,,,,,,,,,,,,,,,,,,,,,,,,,,,,,,,,,,,,,OpenML_1489_phoneme,OpenML_1489_phoneme,1489,phoneme,5404,5,5,0,,,,,,,,
4,C_mask_pp,True,True,True,False,balanced_acc,val_loss,val_loss,val_bacc,256,B4_D4_K24,0.2098564774543807,0.0104952634139628,0.012623193741348,0.0125527668976111,0.0050402240773998,balanced_bce,4,4,24,256,0.09375,230,256,18.752728514373302,,0.4444,0.7649,0.7956,0.5409,0.8705,0.6742,0.7487,0.5646,0.9303,1762,681,132,883,0.0353,0.4263,0.7942,0.8244,0.5954,0.8869,0.7084,0.7784,0.6,0.9464,459,152,26,228,0.01,0.4802,0.7391,0.7748,0.5012,0.8463,0.6474,0.724,0.5342,0.9228,526,238,44,273,0.0118,88.0,106.0,-18.0,1236.0,1303.0,-67.0,443.0,529.0,-86.0,610.0,655.0,-45.0,119,162,44,24,6,38,3.547767753874624,4.0,4.0,4323,3.530989824236818,4.0,4.0,1081,0.4444,0.7649,0.7956,0.5409,0.8705,0.6742,0.7487,0.5646,0.9303,1762.0,681.0,132.0,883.0,0.0543,0.4263,0.7942,0.8244,0.5954,0.8869,0.7084,0.7784,0.6,0.9464,459.0,152.0,26.0,228.0,0.015,0.4804,0.7401,0.7764,0.5041,0.8465,0.6475,0.7251,0.5352,0.9244,526.0,238.0,43.0,274.0,0.0193,89.0,106.0,-17.0,1236.0,1303.0,-67.0,443.0,529.0,-86.0,609.0,655.0,-46.0,81.0,116.0,36.0,21.0,7.0,29.0,57.0,81.0,137.0,36.0,21.0,116.0,81.0,69.0,3.4943325519561768,3.0,4.0,4323.0,3.483811378479004,3.0,4.0,1081.0,OpenML_1489_phoneme,OpenML_1489_phoneme,1489,phoneme,5404,5,5,0,0.7764,0.8465,,0.7251,,81.0,36.0,116.0
4,D_no_mask_pp,False,True,False,False,balanced_acc,val_loss,val_loss,val_bacc,256,B4_D4_K24,0.2098564774543807,0.0104952634139628,0.012623193741348,0.0125527668976111,0.0050402240773998,balanced_bce,4,4,24,256,0.09375,230,256,17.73423795029521,,0.4314,0.7921,0.8143,0.5792,0.8773,0.6915,0.774,0.601,0.9327,1858,585,134,881,0.0406,0.4076,0.8254,0.85,0.647,0.8877,0.6909,0.8092,0.6435,0.9545,483,128,23,231,0.0105,0.4564,0.7641,0.7907,0.5326,0.8676,0.6944,0.7466,0.5646,0.9235,555,209,46,271,0.0127,88.0,111.0,-23.0,1303.0,1375.0,-72.0,376.0,457.0,-81.0,610.0,650.0,-40.0,98,137,40,16,10,30,3.5264862364099003,4.0,4.0,4323,3.549491211840888,4.0,4.0,1081,0.4314,0.7921,0.8143,0.5792,0.8773,0.6915,0.774,0.601,0.9327,1858.0,585.0,134.0,881.0,0.0552,0.4076,0.8254,0.85,0.647,0.8877,0.6909,0.8092,0.6435,0.9545,483.0,128.0,23.0,231.0,0.0156,0.4564,0.7641,0.7907,0.5326,0.8676,0.6944,0.7466,0.5646,0.9235,555.0,209.0,46.0,271.0,0.0191,88.0,111.0,-23.0,1303.0,1375.0,-72.0,376.0,457.0,-81.0,610.0,650.0,-40.0,71.0,103.0,33.0,19.0,10.0,23.0,52.0,71.0,122.0,33.0,19.0,103.0,71.0,57.0,3.521859884262085,4.0,4.0,4323.0,3.541165590286255,4.0,4.0,1081.0,OpenML_1489_phoneme,OpenML_1489_phoneme,1489,phoneme,5404,5,5,0,0.7907,0.8676,,0.7466,,71.0,33.0,103.0
0,A_no_mask_no_pp,False,False,False,False,balanced_acc,val_loss,val_loss,val_bacc,56,B4_D4_K16,0.6598807643356294,0.0081916844734454,0.0439494212980258,0.0689915838851484,0.0120661187929771,balanced_bce,4,4,16,256,0.0625,45,56,10.606571823358536,,0.4534,0.8044,0.8115,0.5969,0.8734,0.7357,0.7923,0.669,0.9028,353,94,38,190,0.1019,0.4547,0.8462,0.8452,0.6708,0.8652,0.7355,0.8333,0.7385,0.9135,95,17,9,48,0.002,0.5111,0.7536,0.7553,0.4885,0.8248,0.6184,0.7383,0.6067,0.8607,105,35,17,54,0.0024,21.0,29.0,-8.0,248.0,258.0,-10.0,59.0,77.0,-18.0,136.0,142.0,-6.0,26,40,15,0,9,6,4.0,4.0,4.0,844,4.0,4.0,4.0,211,,,,,,,,,,,,,,,,,,,,,,,,,,,,,,,,,,,,,,,,,,,,,,,,,,,,,,,,,,,,,,,,,,,,,,,,,,,,,OpenML_1494_qsar-biodeg,OpenML_1494_qsar-biodeg,1494,qsar-biodeg,1055,41,41,0,,,,,,,,
0,B_mask_no_pp,True,False,True,False,balanced_acc,val_loss,val_loss,val_bacc,56,B4_D4_K16,0.6598807643356294,0.0081916844734454,0.0439494212980258,0.0689915838851484,0.0120661187929771,balanced_bce,4,4,16,256,0.0625,45,56,10.727976202964784,,0.4608,0.8133,0.8258,0.6219,0.8629,0.693,0.8029,0.6747,0.9191,352,95,31,197,0.0075,0.4428,0.8225,0.8316,0.6353,0.868,0.7279,0.8114,0.6901,0.9184,90,22,8,49,0.0023,0.5528,0.7393,0.7342,0.4503,0.8012,0.6154,0.7211,0.593,0.84,105,35,20,51,0.0024,11.0,23.0,-12.0,247.0,262.0,-15.0,60.0,73.0,-13.0,146.0,148.0,-2.0,29,45,17,0,8,9,4.0,4.0,4.0,844,4.0,4.0,4.0,211,,,,,,,,,,,,,,,,,,,,,,,,,,,,,,,,,,,,,,,,,,,,,,,,,,,,,,,,,,,,,,,,,,,,,,,,,,,,,OpenML_1494_qsar-biodeg,OpenML_1494_qsar-biodeg,1494,qsar-biodeg,1055,41,41,0,,,,,,,,
0,C_mask_pp,True,True,True,False,balanced_acc,val_loss,val_loss,val_bacc,56,B4_D4_K16,0.6598807643356294,0.0081916844734454,0.0439494212980258,0.0689915838851484,0.0120661187929771,balanced_bce,4,4,16,256,0.0625,45,56,10.74300268664956,,0.4608,0.8133,0.8258,0.6219,0.8629,0.693,0.8029,0.6747,0.9191,352,95,31,197,0.0075,0.4428,0.8225,0.8316,0.6353,0.868,0.7279,0.8114,0.6901,0.9184,90,22,8,49,0.0023,0.5528,0.7393,0.7342,0.4503,0.8012,0.6154,0.7211,0.593,0.84,105,35,20,51,0.0025,11.0,23.0,-12.0,247.0,262.0,-15.0,60.0,73.0,-13.0,146.0,148.0,-2.0,29,45,17,0,8,9,4.0,4.0,4.0,844,4.0,4.0,4.0,211,0.4608,0.8133,0.8258,0.6219,0.8629,0.693,0.8029,0.6747,0.9191,352.0,95.0,31.0,197.0,0.0105,0.4428,0.8225,0.8316,0.6353,0.868,0.7279,0.8114,0.6901,0.9184,90.0,22.0,8.0,49.0,0.0034,0.5528,0.7393,0.7342,0.4503,0.8012,0.6154,0.7211,0.593,0.84,105.0,35.0,20.0,51.0,0.0038,11.0,23.0,-12.0,247.0,262.0,-15.0,60.0,73.0,-13.0,146.0,148.0,-2.0,19.0,30.0,12.0,2.0,7.0,5.0,14.0,19.0,32.0,12.0,2.0,30.0,19.0,18.0,3.668246507644653,4.0,4.0,844.0,3.7014217376708975,4.0,4.0,211.0,OpenML_1494_qsar-biodeg,OpenML_1494_qsar-biodeg,1494,qsar-biodeg,1055,41,41,0,0.7342,0.8012,,0.7211,,19.0,12.0,30.0
0,D_no_mask_pp,False,True,False,False,balanced_acc,val_loss,val_loss,val_bacc,56,B4_D4_K16,0.6598807643356294,0.0081916844734454,0.0439494212980258,0.0689915838851484,0.0120661187929771,balanced_bce,4,4,16,256,0.0625,45,56,10.319602321833372,,0.4534,0.8044,0.8115,0.5969,0.8734,0.7357,0.7923,0.669,0.9028,353,94,38,190,0.0218,0.4547,0.8462,0.8452,0.6708,0.8652,0.7355,0.8333,0.7385,0.9135,95,17,9,48,0.0022,0.5111,0.7536,0.7553,0.4885,0.8248,0.6184,0.7383,0.6067,0.8607,105,35,17,54,0.0024,21.0,29.0,-8.0,248.0,258.0,-10.0,59.0,77.0,-18.0,136.0,142.0,-6.0,26,40,15,0,9,6,4.0,4.0,4.0,844,4.0,4.0,4.0,211,0.4534,0.8044,0.8115,0.5969,0.8734,0.7357,0.7923,0.669,0.9028,353.0,94.0,38.0,190.0,0.011,0.4547,0.8462,0.8452,0.6708,0.8652,0.7355,0.8333,0.7385,0.9135,95.0,17.0,9.0,48.0,0.0033,0.5101,0.7536,0.7553,0.4885,0.8255,0.6187,0.7383,0.6067,0.8607,105.0,35.0,17.0,54.0,0.0038,21.0,29.0,-8.0,248.0,258.0,-10.0,59.0,77.0,-18.0,136.0,142.0,-6.0,17.0,28.0,12.0,2.0,9.0,3.0,14.0,17.0,30.0,12.0,2.0,28.0,17.0,17.0,3.503554582595825,4.0,4.0,844.0,3.521327018737793,4.0,4.0,211.0,OpenML_1494_qsar-biodeg,OpenML_1494_qsar-biodeg,1494,qsar-biodeg,1055,41,41,0,0.7553,0.8255,,0.7383,,17.0,12.0,28.0
1,A_no_mask_no_pp,False,False,False,False,balanced_acc,val_loss,val_loss,val_bacc,56,B3_D4_K36,0.3542681771882966,0.037331854077356,0.0056230053964361,0.0040998368260533,0.0049441576743621,balanced_bce,3,4,36,81,0.4444444444444444,45,56,13.448498614132404,,0.4933,0.8148,0.8279,0.6259,0.8432,0.671,0.8046,0.6758,0.9215,352,95,30,198,0.0067,0.4522,0.8343,0.8405,0.6551,0.9013,0.7524,0.8229,0.7101,0.92,92,20,8,49,0.002,0.4845,0.8152,0.8295,0.6279,0.8728,0.6843,0.8051,0.6739,0.9244,110,30,9,62,0.0023,21.0,22.0,-1.0,242.0,260.0,-18.0,65.0,75.0,-10.0,136.0,149.0,-13.0,34,51,18,3,3,15,3.542654028436019,4.0,4.0,844,3.5687203791469195,4.0,4.0,211,,,,,,,,,,,,,,,,,,,,,,,,,,,,,,,,,,,,,,,,,,,,,,,,,,,,,,,,,,,,,,,,,,,,,,,,,,,,,OpenML_1494_qsar-biodeg,OpenML_1494_qsar-biodeg,1494,qsar-biodeg,1055,41,41,0,,,,,,,,
1,B_mask_no_pp,True,False,True,False,balanced_acc,val_loss,val_loss,val_bacc,56,B3_D4_K36,0.3542681771882966,0.037331854077356,0.0056230053964361,0.0040998368260533,0.0049441576743621,balanced_bce,3,4,36,81,0.4444444444444444,45,56,17.505201168358326,,0.445,0.8281,0.8251,0.632,0.8643,0.7303,0.8139,0.7154,0.8988,373,74,42,186,0.0079,0.3793,0.8698,0.863,0.7147,0.9102,0.8023,0.8568,0.7869,0.9167,99,13,9,48,0.0022,0.486,0.7867,0.7838,0.5478,0.8382,0.7004,0.7706,0.6548,0.874,111,29,16,55,0.0023,26.0,33.0,-7.0,262.0,274.0,-12.0,45.0,61.0,-16.0,131.0,138.0,-7.0,38,58,21,2,5,16,3.7239336492891,4.0,4.0,844,3.715639810426541,4.0,4.0,211,,,,,,,,,,,,,,,,,,,,,,,,,,,,,,,,,,,,,,,,,,,,,,,,,,,,,,,,,,,,,,,,,,,,,,,,,,,,,OpenML_1494_qsar-biodeg,OpenML_1494_qsar-biodeg,1494,qsar-biodeg,1055,41,41,0,,,,,,,,
1,C_mask_pp,True,True,True,False,balanced_acc,val_loss,val_loss,val_bacc,56,B3_D4_K36,0.3542681771882966,0.037331854077356,0.0056230053964361,0.0040998368260533,0.0049441576743621,balanced_bce,3,4,36,81,0.4444444444444444,45,56,18.003801476210356,,0.445,0.8281,0.8251,0.632,0.8643,0.7303,0.8139,0.7154,0.8988,373,74,42,186,0.0074,0.3793,0.8698,0.863,0.7147,0.9102,0.8023,0.8568,0.7869,0.9167,99,13,9,48,0.0023,0.486,0.7867,0.7838,0.5478,0.8382,0.7004,0.7706,0.6548,0.874,111,29,16,55,0.0024,26.0,33.0,-7.0,262.0,274.0,-12.0,45.0,61.0,-16.0,131.0,138.0,-7.0,38,58,21,2,5,16,3.7239336492891,4.0,4.0,844,3.715639810426541,4.0,4.0,211,0.445,0.8281,0.8251,0.632,0.8643,0.7303,0.8139,0.7154,0.8988,373.0,74.0,42.0,186.0,0.012,0.3793,0.8698,0.863,0.7147,0.9102,0.8023,0.8568,0.7869,0.9167,99.0,13.0,9.0,48.0,0.0033,0.486,0.7867,0.7838,0.5478,0.8382,0.7004,0.7706,0.6548,0.874,111.0,29.0,16.0,55.0,0.0038,26.0,33.0,-7.0,262.0,274.0,-12.0,45.0,61.0,-16.0,131.0,138.0,-7.0,27.0,43.0,17.0,2.0,8.0,9.0,19.0,27.0,45.0,17.0,2.0,43.0,27.0,21.0,3.723933696746826,4.0,4.0,844.0,3.71563982963562,4.0,4.0,211.0,OpenML_1494_qsar-biodeg,OpenML_1494_qsar-biodeg,1494,qsar-biodeg,1055,41,41,0,0.7838,0.8382,,0.7706,,27.0,17.0,43.0
1,D_no_mask_pp,False,True,False,False,balanced_acc,val_loss,val_loss,val_bacc,56,B3_D4_K36,0.3542681771882966,0.037331854077356,0.0056230053964361,0.0040998368260533,0.0049441576743621,balanced_bce,3,4,36,81,0.4444444444444444,45,56,13.664854474365711,,0.4933,0.8148,0.8279,0.6259,0.8432,0.671,0.8046,0.6758,0.9215,352,95,30,198,0.007,0.4522,0.8343,0.8405,0.6551,0.9013,0.7524,0.8229,0.7101,0.92,92,20,8,49,0.0022,0.4845,0.8152,0.8295,0.6279,0.8728,0.6843,0.8051,0.6739,0.9244,110,30,9,62,0.0022,21.0,22.0,-1.0,242.0,260.0,-18.0,65.0,75.0,-10.0,136.0,149.0,-13.0,34,51,18,3,3,15,3.542654028436019,4.0,4.0,844,3.5687203791469195,4.0,4.0,211,0.4933,0.8148,0.8279,0.6259,0.8432,0.671,0.8046,0.6758,0.9215,352.0,95.0,30.0,198.0,0.0151,0.4522,0.8343,0.8405,0.6551,0.9013,0.7524,0.8229,0.7101,0.92,92.0,20.0,8.0,49.0,0.0068,0.484,0.8152,0.8295,0.6279,0.8731,0.6846,0.8051,0.6739,0.9244,110.0,30.0,9.0,62.0,0.0038,21.0,22.0,-1.0,242.0,260.0,-18.0,65.0,75.0,-10.0,136.0,149.0,-13.0,17.0,28.0,12.0,5.0,8.0,4.0,17.0,17.0,33.0,12.0,5.0,28.0,17.0,16.0,3.475118398666382,4.0,4.0,844.0,3.5118484497070312,4.0,4.0,211.0,OpenML_1494_qsar-biodeg,OpenML_1494_qsar-biodeg,1494,qsar-biodeg,1055,41,41,0,0.8295,0.8731,,0.8051,,17.0,12.0,28.0
2,A_no_mask_no_pp,False,False,False,False,balanced_acc,val_loss,val_loss,val_bacc,56,B4_D4_K64,0.1542116258325123,0.0638198178387532,0.0514966705343449,0.0020414499965199,0.0196454064677168,balanced_bce,4,4,64,256,0.25,45,56,16.194265238940716,,0.5363,0.7689,0.7761,0.5271,0.8204,0.6318,0.756,0.6233,0.8799,337,110,46,182,0.0742,0.4431,0.8521,0.8712,0.7074,0.9044,0.7666,0.8442,0.7162,0.9579,91,21,4,53,0.0062,0.5375,0.7725,0.8077,0.5817,0.8571,0.6637,0.7668,0.6075,0.9423,98,42,6,65,0.0024,40.0,42.0,-2.0,239.0,246.0,-7.0,68.0,89.0,-21.0,117.0,129.0,-12.0,62,87,26,0,6,20,4.0,4.0,4.0,844,4.0,4.0,4.0,211,,,,,,,,,,,,,,,,,,,,,,,,,,,,,,,,,,,,,,,,,,,,,,,,,,,,,,,,,,,,,,,,,,,,,,,,,,,,,OpenML_1494_qsar-biodeg,OpenML_1494_qsar-biodeg,1494,qsar-biodeg,1055,41,41,0,,,,,,,,
2,B_mask_no_pp,True,False,True,False,balanced_acc,val_loss,val_loss,val_bacc,56,B4_D4_K64,0.1542116258325123,0.0638198178387532,0.0514966705343449,0.0020414499965199,0.0196454064677168,balanced_bce,4,4,64,256,0.25,45,56,17.695583771914244,,0.4974,0.8119,0.7978,0.5868,0.8319,0.6739,0.7929,0.7078,0.8704,376,71,56,172,0.0071,0.4388,0.8698,0.8716,0.7223,0.8959,0.7416,0.8589,0.7692,0.9327,97,15,7,50,0.0023,0.4456,0.8626,0.8617,0.7046,0.8968,0.7585,0.8505,0.7625,0.9237,121,19,10,61,0.0025,46.0,49.0,-3.0,255.0,279.0,-24.0,52.0,56.0,-4.0,111.0,122.0,-11.0,85,117,33,4,4,29,3.938388625592417,4.0,4.0,844,3.938388625592417,4.0,4.0,211,,,,,,,,,,,,,,,,,,,,,,,,,,,,,,,,,,,,,,,,,,,,,,,,,,,,,,,,,,,,,,,,,,,,,,,,,,,,,OpenML_1494_qsar-biodeg,OpenML_1494_qsar-biodeg,1494,qsar-biodeg,1055,41,41,0,,,,,,,,
2,C_mask_pp,True,True,True,False,balanced_acc,val_loss,val_loss,val_bacc,56,B4_D4_K64,0.1542116258325123,0.0638198178387532,0.0514966705343449,0.0020414499965199,0.0196454064677168,balanced_bce,4,4,64,256,0.25,45,56,18.26880117878318,,0.4974,0.8119,0.7978,0.5868,0.8319,0.6739,0.7929,0.7078,0.8704,376,71,56,172,0.0075,0.4388,0.8698,0.8716,0.7223,0.8959,0.7416,0.8589,0.7692,0.9327,97,15,7,50,0.0024,0.4456,0.8626,0.8617,0.7046,0.8968,0.7585,0.8505,0.7625,0.9237,121,19,10,61,0.0023,46.0,49.0,-3.0,255.0,279.0,-24.0,52.0,56.0,-4.0,111.0,122.0,-11.0,85,117,33,4,4,29,3.938388625592417,4.0,4.0,844,3.938388625592417,4.0,4.0,211,0.4974,0.8119,0.7978,0.5868,0.8319,0.6739,0.7929,0.7078,0.8704,376.0,71.0,56.0,172.0,0.0113,0.4388,0.8698,0.8716,0.7223,0.8959,0.7416,0.8589,0.7692,0.9327,97.0,15.0,7.0,50.0,0.0036,0.4456,0.8626,0.8617,0.7046,0.8968,0.7585,0.8505,0.7625,0.9237,121.0,19.0,10.0,61.0,0.0034,46.0,49.0,-3.0,255.0,279.0,-24.0,52.0,56.0,-4.0,111.0,122.0,-11.0,12.0,20.0,9.0,6.0,7.0,2.0,15.0,12.0,26.0,9.0,6.0,20.0,12.0,11.0,3.13981032371521,3.0,4.0,844.0,3.1753554344177246,3.0,4.0,211.0,OpenML_1494_qsar-biodeg,OpenML_1494_qsar-biodeg,1494,qsar-biodeg,1055,41,41,0,0.8617,0.8968,,0.8505,,12.0,9.0,20.0
2,D_no_mask_pp,False,True,False,False,balanced_acc,val_loss,val_loss,val_bacc,56,B4_D4_K64,0.1542116258325123,0.0638198178387532,0.0514966705343449,0.0020414499965199,0.0196454064677168,balanced_bce,4,4,64,256,0.25,45,56,16.190844260156155,,0.5363,0.7689,0.7761,0.5271,0.8204,0.6318,0.756,0.6233,0.8799,337,110,46,182,0.0112,0.4431,0.8521,0.8712,0.7074,0.9044,0.7666,0.8442,0.7162,0.9579,91,21,4,53,0.0021,0.5375,0.7725,0.8077,0.5817,0.8571,0.6637,0.7668,0.6075,0.9423,98,42,6,65,0.0024,40.0,42.0,-2.0,239.0,246.0,-7.0,68.0,89.0,-21.0,117.0,129.0,-12.0,62,87,26,0,6,20,4.0,4.0,4.0,844,4.0,4.0,4.0,211,0.5363,0.7689,0.7761,0.5271,0.8204,0.6318,0.756,0.6233,0.8799,337.0,110.0,46.0,182.0,0.0111,0.4431,0.8521,0.8712,0.7074,0.9044,0.7666,0.8442,0.7162,0.9579,91.0,21.0,4.0,53.0,0.0039,0.5375,0.7725,0.8077,0.5817,0.8571,0.6637,0.7668,0.6075,0.9423,98.0,42.0,6.0,65.0,0.0041,40.0,42.0,-2.0,239.0,246.0,-7.0,68.0,89.0,-21.0,117.0,129.0,-12.0,11.0,19.0,9.0,3.0,8.0,1.0,12.0,11.0,22.0,9.0,3.0,19.0,11.0,9.0,3.300947904586792,4.0,4.0,844.0,3.402843713760376,4.0,4.0,211.0,OpenML_1494_qsar-biodeg,OpenML_1494_qsar-biodeg,1494,qsar-biodeg,1055,41,41,0,0.8077,0.8571,,0.7668,,11.0,9.0,19.0
3,A_no_mask_no_pp,False,False,False,False,balanced_acc,val_loss,val_loss,val_bacc,56,B3_D4_K36,0.8644484648608949,0.0105110538236448,0.0968683642406389,0.0184274935358566,0.072592507439464,balanced_bce,3,4,36,81,0.4444444444444444,45,56,9.342263657599688,,0.5697,0.7378,0.7064,0.4132,0.7694,0.5604,0.7066,0.6123,0.8013,359,88,89,139,0.0072,0.4672,0.8225,0.7971,0.5997,0.8381,0.6747,0.7997,0.7455,0.8596,98,14,16,41,0.0023,0.5308,0.7725,0.7418,0.4871,0.7822,0.5962,0.7435,0.6667,0.8239,117,23,25,46,0.0024,64.0,73.0,-9.0,242.0,261.0,-19.0,65.0,74.0,-9.0,93.0,98.0,-5.0,14,26,13,2,13,0,3.761848341232227,4.0,4.0,844,3.767772511848341,4.0,4.0,211,,,,,,,,,,,,,,,,,,,,,,,,,,,,,,,,,,,,,,,,,,,,,,,,,,,,,,,,,,,,,,,,,,,,,,,,,,,,,OpenML_1494_qsar-biodeg,OpenML_1494_qsar-biodeg,1494,qsar-biodeg,1055,41,41,0,,,,,,,,
3,B_mask_no_pp,True,False,True,False,balanced_acc,val_loss,val_loss,val_bacc,56,B3_D4_K36,0.8644484648608949,0.0105110538236448,0.0968683642406389,0.0184274935358566,0.072592507439464,balanced_bce,3,4,36,81,0.4444444444444444,45,56,10.13660391047597,,0.5215,0.7867,0.7745,0.5367,0.825,0.6356,0.7672,0.6667,0.8582,363,84,60,168,0.009,0.5083,0.8107,0.8184,0.6099,0.8568,0.6539,0.7988,0.6761,0.9082,89,23,9,48,0.003,0.523,0.7773,0.7558,0.5065,0.8184,0.638,0.7531,0.6622,0.8394,115,25,22,49,0.003,38.0,51.0,-13.0,248.0,274.0,-26.0,59.0,61.0,-2.0,119.0,120.0,-1.0,17,30,14,1,12,2,3.843601895734597,4.0,4.0,844,3.815165876777251,4.0,4.0,211,,,,,,,,,,,,,,,,,,,,,,,,,,,,,,,,,,,,,,,,,,,,,,,,,,,,,,,,,,,,,,,,,,,,,,,,,,,,,OpenML_1494_qsar-biodeg,OpenML_1494_qsar-biodeg,1494,qsar-biodeg,1055,41,41,0,,,,,,,,
3,C_mask_pp,True,True,True,False,balanced_acc,val_loss,val_loss,val_bacc,56,B3_D4_K36,0.8644484648608949,0.0105110538236448,0.0968683642406389,0.0184274935358566,0.072592507439464,balanced_bce,3,4,36,81,0.4444444444444444,45,56,10.110521357506514,,0.5215,0.7867,0.7745,0.5367,0.825,0.6356,0.7672,0.6667,0.8582,363,84,60,168,0.008,0.5083,0.8107,0.8184,0.6099,0.8568,0.6539,0.7988,0.6761,0.9082,89,23,9,48,0.0023,0.523,0.7773,0.7558,0.5065,0.8184,0.638,0.7531,0.6622,0.8394,115,25,22,49,0.0025,38.0,51.0,-13.0,248.0,274.0,-26.0,59.0,61.0,-2.0,119.0,120.0,-1.0,17,30,14,1,12,2,3.843601895734597,4.0,4.0,844,3.815165876777251,4.0,4.0,211,0.5215,0.7867,0.7745,0.5367,0.825,0.6356,0.7672,0.6667,0.8582,363.0,84.0,60.0,168.0,0.015,0.5083,0.8107,0.8184,0.6099,0.8568,0.6539,0.7988,0.6761,0.9082,89.0,23.0,9.0,48.0,0.0047,0.523,0.7773,0.7558,0.5065,0.8184,0.638,0.7531,0.6622,0.8394,115.0,25.0,22.0,49.0,0.0054,38.0,51.0,-13.0,248.0,274.0,-26.0,59.0,61.0,-2.0,119.0,120.0,-1.0,10.0,18.0,9.0,4.0,9.0,0.0,13.0,10.0,22.0,9.0,4.0,18.0,10.0,9.0,3.63981032371521,4.0,4.0,844.0,3.682464361190796,4.0,4.0,211.0,OpenML_1494_qsar-biodeg,OpenML_1494_qsar-biodeg,1494,qsar-biodeg,1055,41,41,0,0.7558,0.8184,,0.7531,,10.0,9.0,18.0
3,D_no_mask_pp,False,True,False,False,balanced_acc,val_loss,val_loss,val_bacc,56,B3_D4_K36,0.8644484648608949,0.0105110538236448,0.0968683642406389,0.0184274935358566,0.072592507439464,balanced_bce,3,4,36,81,0.4444444444444444,45,56,9.072925500571728,,0.5697,0.7378,0.7064,0.4132,0.7694,0.5604,0.7066,0.6123,0.8013,359,88,89,139,0.0113,0.4672,0.8225,0.7971,0.5997,0.8381,0.6747,0.7997,0.7455,0.8596,98,14,16,41,0.0023,0.5308,0.7725,0.7418,0.4871,0.7822,0.5962,0.7435,0.6667,0.8239,117,23,25,46,0.0024,64.0,73.0,-9.0,242.0,261.0,-19.0,65.0,74.0,-9.0,93.0,98.0,-5.0,14,26,13,2,13,0,3.761848341232227,4.0,4.0,844,3.767772511848341,4.0,4.0,211,0.5697,0.7378,0.7064,0.4132,0.7694,0.5604,0.7066,0.6123,0.8013,359.0,88.0,89.0,139.0,0.0129,0.4672,0.8225,0.7971,0.5997,0.8381,0.6747,0.7997,0.7455,0.8596,98.0,14.0,16.0,41.0,0.0037,0.5308,0.7725,0.7418,0.4871,0.7822,0.5962,0.7435,0.6667,0.8239,117.0,23.0,25.0,46.0,0.0039,64.0,73.0,-9.0,242.0,261.0,-19.0,65.0,74.0,-9.0,93.0,98.0,-5.0,7.0,12.0,6.0,6.0,6.0,0.0,12.0,7.0,18.0,6.0,6.0,12.0,7.0,6.0,3.5189573764801025,4.0,4.0,844.0,3.535545110702514,4.0,4.0,211.0,OpenML_1494_qsar-biodeg,OpenML_1494_qsar-biodeg,1494,qsar-biodeg,1055,41,41,0,0.7418,0.7822,,0.7435,,7.0,6.0,12.0
4,A_no_mask_no_pp,False,False,False,False,balanced_acc,val_loss,val_loss,val_bacc,56,B4_D4_K16,0.3447477687356512,0.0262348487803815,0.0185411864234631,0.0401441188730261,0.0024924359522338,balanced_bce,4,4,16,256,0.0625,45,56,9.256386183202268,,0.4136,0.837,0.8318,0.6479,0.8877,0.7718,0.8225,0.7323,0.9002,379,68,42,186,0.032,0.421,0.8284,0.8318,0.6397,0.8842,0.7869,0.8159,0.7059,0.9109,92,20,9,48,0.0024,0.4813,0.8104,0.8016,0.5889,0.8494,0.6906,0.7931,0.6962,0.8788,116,24,16,55,0.0026,26.0,33.0,-7.0,263.0,287.0,-24.0,44.0,48.0,-4.0,131.0,138.0,-7.0,146,199,54,4,2,52,3.887440758293839,4.0,4.0,844,3.919431279620853,4.0,4.0,211,,,,,,,,,,,,,,,,,,,,,,,,,,,,,,,,,,,,,,,,,,,,,,,,,,,,,,,,,,,,,,,,,,,,,,,,,,,,,OpenML_1494_qsar-biodeg,OpenML_1494_qsar-biodeg,1494,qsar-biodeg,1055,41,41,0,,,,,,,,
4,B_mask_no_pp,True,False,True,False,balanced_acc,val_loss,val_loss,val_bacc,56,B4_D4_K16,0.3447477687356512,0.0262348487803815,0.0185411864234631,0.0401441188730261,0.0024924359522338,balanced_bce,4,4,16,256,0.0625,45,56,10.57180805876851,,0.4789,0.7733,0.7891,0.5492,0.8366,0.6839,0.7631,0.6221,0.8995,331,116,37,191,0.0073,0.4627,0.7811,0.8004,0.5697,0.851,0.7072,0.7718,0.6282,0.9121,83,29,8,49,0.0024,0.4828,0.7678,0.7729,0.5215,0.8298,0.6407,0.754,0.6222,0.876,106,34,15,56,0.0025,22.0,29.0,-7.0,225.0,248.0,-23.0,82.0,87.0,-5.0,135.0,142.0,-7.0,116,160,45,3,3,42,3.9218009478672986,4.0,4.0,844,3.8720379146919433,4.0,4.0,211,,,,,,,,,,,,,,,,,,,,,,,,,,,,,,,,,,,,,,,,,,,,,,,,,,,,,,,,,,,,,,,,,,,,,,,,,,,,,OpenML_1494_qsar-biodeg,OpenML_1494_qsar-biodeg,1494,qsar-biodeg,1055,41,41,0,,,,,,,,
4,C_mask_pp,True,True,True,False,balanced_acc,val_loss,val_loss,val_bacc,56,B4_D4_K16,0.3447477687356512,0.0262348487803815,0.0185411864234631,0.0401441188730261,0.0024924359522338,balanced_bce,4,4,16,256,0.0625,45,56,10.166557602584362,,0.4789,0.7733,0.7891,0.5492,0.8366,0.6839,0.7631,0.6221,0.8995,331,116,37,191,0.0079,0.4627,0.7811,0.8004,0.5697,0.851,0.7072,0.7718,0.6282,0.9121,83,29,8,49,0.0024,0.4828,0.7678,0.7729,0.5215,0.8298,0.6407,0.754,0.6222,0.876,106,34,15,56,0.0028,22.0,29.0,-7.0,225.0,248.0,-23.0,82.0,87.0,-5.0,135.0,142.0,-7.0,116,160,45,3,3,42,3.9218009478672986,4.0,4.0,844,3.8720379146919433,4.0,4.0,211,0.4789,0.7733,0.7891,0.5492,0.8366,0.6839,0.7631,0.6221,0.8995,331.0,116.0,37.0,191.0,0.0111,0.4627,0.7811,0.8004,0.5697,0.851,0.7072,0.7718,0.6282,0.9121,83.0,29.0,8.0,49.0,0.0034,0.4828,0.7678,0.7729,0.5215,0.8298,0.6407,0.754,0.6222,0.876,106.0,34.0,15.0,56.0,0.004,22.0,29.0,-7.0,225.0,248.0,-23.0,82.0,87.0,-5.0,135.0,142.0,-7.0,29.0,46.0,18.0,6.0,11.0,7.0,24.0,29.0,52.0,18.0,6.0,46.0,29.0,24.0,3.7109005451202393,4.0,4.0,844.0,3.654028415679932,4.0,4.0,211.0,OpenML_1494_qsar-biodeg,OpenML_1494_qsar-biodeg,1494,qsar-biodeg,1055,41,41,0,0.7729,0.8298,,0.754,,29.0,18.0,46.0
4,D_no_mask_pp,False,True,False,False,balanced_acc,val_loss,val_loss,val_bacc,56,B4_D4_K16,0.3447477687356512,0.0262348487803815,0.0185411864234631,0.0401441188730261,0.0024924359522338,balanced_bce,4,4,16,256,0.0625,45,56,8.854359827935696,,0.4136,0.837,0.8318,0.6479,0.8877,0.7718,0.8225,0.7323,0.9002,379,68,42,186,0.0527,0.421,0.8284,0.8318,0.6397,0.8842,0.7869,0.8159,0.7059,0.9109,92,20,9,48,0.0027,0.4813,0.8104,0.8016,0.5889,0.8494,0.6906,0.7931,0.6962,0.8788,116,24,16,55,0.0025,26.0,33.0,-7.0,263.0,287.0,-24.0,44.0,48.0,-4.0,131.0,138.0,-7.0,146,199,54,4,2,52,3.887440758293839,4.0,4.0,844,3.919431279620853,4.0,4.0,211,0.4136,0.837,0.8318,0.6479,0.8877,0.7718,0.8225,0.7323,0.9002,379.0,68.0,42.0,186.0,0.0118,0.421,0.8284,0.8318,0.6397,0.8842,0.7869,0.8159,0.7059,0.9109,92.0,20.0,9.0,48.0,0.0041,0.4834,0.8152,0.8052,0.5975,0.8485,0.689,0.7977,0.7051,0.8797,117.0,23.0,16.0,55.0,0.0036,26.0,33.0,-7.0,262.0,287.0,-25.0,45.0,48.0,-3.0,131.0,138.0,-7.0,52.0,82.0,31.0,12.0,13.0,18.0,43.0,52.0,94.0,31.0,12.0,82.0,52.0,40.0,3.8080568313598633,4.0,4.0,844.0,3.8246445655822754,4.0,4.0,211.0,OpenML_1494_qsar-biodeg,OpenML_1494_qsar-biodeg,1494,qsar-biodeg,1055,41,41,0,0.8052,0.8485,,0.7977,,52.0,31.0,82.0
0,A_no_mask_no_pp,False,False,False,False,balanced_acc,val_loss,val_loss,val_bacc,103,B4_D4_K48,0.2055677181886004,0.0085299897484969,0.0024012741383623,0.0697203102221573,0.0076498965234402,balanced_bce,4,4,48,256,0.1875,82,103,10.340339228510857,,0.1821,0.9396,0.9538,0.8791,0.9538,0.8515,0.9357,0.8515,1.0,736,75,0,430,0.0182,0.1931,0.9325,0.9483,0.8664,0.9483,0.8372,0.9284,0.8372,1.0,182,21,0,108,0.0044,0.2227,0.9177,0.937,0.8406,0.939,0.8133,0.9134,0.8084,1.0,222,32,0,135,0.0044,0.0,0.0,0.0,514.0,554.0,-40.0,43.0,54.0,-11.0,295.0,322.0,-27.0,203,273,71,7,5,66,3.814432989690722,4.0,4.0,1552,3.848329048843188,4.0,4.0,389,,,,,,,,,,,,,,,,,,,,,,,,,,,,,,,,,,,,,,,,,,,,,,,,,,,,,,,,,,,,,,,,,,,,,,,,,,,,,OpenML_1504_steel-plates-fault,OpenML_1504_steel-plates-fault,1504,steel-plates-fault,1941,33,33,0,,,,,,,,
0,B_mask_no_pp,True,False,True,False,balanced_acc,val_loss,val_loss,val_bacc,103,B4_D4_K48,0.2055677181886004,0.0085299897484969,0.0024012741383623,0.0697203102221573,0.0076498965234402,balanced_bce,4,4,48,256,0.1875,82,103,10.523051779717209,,0.1756,0.9396,0.9538,0.8791,0.9538,0.8515,0.9357,0.8515,1.0,736,75,0,430,0.0139,0.1901,0.9325,0.9483,0.8664,0.9483,0.8372,0.9284,0.8372,1.0,182,21,0,108,0.0043,0.2154,0.9203,0.939,0.845,0.939,0.8133,0.916,0.8133,1.0,223,31,0,135,0.0053,0.0,0.0,0.0,513.0,554.0,-41.0,44.0,54.0,-10.0,295.0,322.0,-27.0,147,200,54,5,8,46,3.3402061855670104,4.0,4.0,1552,3.4138817480719794,4.0,4.0,389,,,,,,,,,,,,,,,,,,,,,,,,,,,,,,,,,,,,,,,,,,,,,,,,,,,,,,,,,,,,,,,,,,,,,,,,,,,,,OpenML_1504_steel-plates-fault,OpenML_1504_steel-plates-fault,1504,steel-plates-fault,1941,33,33,0,,,,,,,,
0,C_mask_pp,True,True,True,False,balanced_acc,val_loss,val_loss,val_bacc,103,B4_D4_K48,0.2055677181886004,0.0085299897484969,0.0024012741383623,0.0697203102221573,0.0076498965234402,balanced_bce,4,4,48,256,0.1875,82,103,10.310886278748512,,0.1756,0.9396,0.9538,0.8791,0.9538,0.8515,0.9357,0.8515,1.0,736,75,0,430,0.0288,0.1901,0.9325,0.9483,0.8664,0.9483,0.8372,0.9284,0.8372,1.0,182,21,0,108,0.0043,0.2154,0.9203,0.939,0.845,0.939,0.8133,0.916,0.8133,1.0,223,31,0,135,0.0045,0.0,0.0,0.0,513.0,554.0,-41.0,44.0,54.0,-10.0,295.0,322.0,-27.0,147,200,54,5,8,46,3.3402061855670104,4.0,4.0,1552,3.4138817480719794,4.0,4.0,389,0.1756,0.9396,0.9538,0.8791,0.9538,0.8515,0.9357,0.8515,1.0,736.0,75.0,0.0,430.0,0.0193,0.1901,0.9325,0.9483,0.8664,0.9483,0.8372,0.9284,0.8372,1.0,182.0,21.0,0.0,108.0,0.0073,0.2154,0.9203,0.939,0.845,0.939,0.8133,0.916,0.8133,1.0,223.0,31.0,0.0,135.0,0.0072,0.0,0.0,0.0,513.0,554.0,-41.0,44.0,54.0,-10.0,295.0,322.0,-27.0,13.0,19.0,7.0,6.0,4.0,3.0,13.0,13.0,25.0,7.0,6.0,19.0,13.0,12.0,3.2519330978393555,4.0,4.0,1552.0,3.326478242874145,4.0,4.0,389.0,OpenML_1504_steel-plates-fault,OpenML_1504_steel-plates-fault,1504,steel-plates-fault,1941,33,33,0,0.939,0.939,,0.916,,13.0,7.0,19.0
0,D_no_mask_pp,False,True,False,False,balanced_acc,val_loss,val_loss,val_bacc,103,B4_D4_K48,0.2055677181886004,0.0085299897484969,0.0024012741383623,0.0697203102221573,0.0076498965234402,balanced_bce,4,4,48,256,0.1875,82,103,10.88889142498374,,0.1821,0.9396,0.9538,0.8791,0.9538,0.8515,0.9357,0.8515,1.0,736,75,0,430,0.0172,0.1931,0.9325,0.9483,0.8664,0.9483,0.8372,0.9284,0.8372,1.0,182,21,0,108,0.0046,0.2227,0.9177,0.937,0.8406,0.939,0.8133,0.9134,0.8084,1.0,222,32,0,135,0.0046,0.0,0.0,0.0,514.0,554.0,-40.0,43.0,54.0,-11.0,295.0,322.0,-27.0,203,273,71,7,5,66,3.814432989690722,4.0,4.0,1552,3.848329048843188,4.0,4.0,389,0.1821,0.9396,0.9538,0.8791,0.9538,0.8515,0.9357,0.8515,1.0,736.0,75.0,0.0,430.0,0.0194,0.1931,0.9325,0.9483,0.8664,0.9483,0.8372,0.9284,0.8372,1.0,182.0,21.0,0.0,108.0,0.0069,0.2216,0.9203,0.939,0.845,0.939,0.8133,0.916,0.8133,1.0,223.0,31.0,0.0,135.0,0.0072,0.0,0.0,0.0,513.0,554.0,-41.0,44.0,54.0,-10.0,295.0,322.0,-27.0,21.0,31.0,11.0,13.0,4.0,7.0,24.0,21.0,44.0,11.0,13.0,31.0,21.0,13.0,3.7152061462402335,4.0,4.0,1552.0,3.735218524932861,4.0,4.0,389.0,OpenML_1504_steel-plates-fault,OpenML_1504_steel-plates-fault,1504,steel-plates-fault,1941,33,33,0,0.939,0.939,,0.916,,21.0,11.0,31.0
1,A_no_mask_no_pp,False,False,False,False,balanced_acc,val_loss,val_loss,val_bacc,103,B4_D4_K32,0.2303216137291786,0.0010994932440602,0.0024862315049439,0.0441975452761365,0.0057302569296296,balanced_bce,4,4,32,256,0.125,82,103,11.572452131658792,,0.1989,0.9339,0.9494,0.8689,0.9494,0.8398,0.9299,0.8398,1.0,729,82,0,430,0.0134,0.1818,0.9421,0.9557,0.8838,0.9557,0.8571,0.9383,0.8571,1.0,185,18,0,108,0.0045,0.2022,0.9306,0.9469,0.863,0.9469,0.8333,0.9265,0.8333,1.0,227,27,0,135,0.0048,0.0,0.0,0.0,502.0,544.0,-42.0,55.0,64.0,-9.0,295.0,322.0,-27.0,238,318,81,2,3,78,4.0,4.0,4.0,1552,4.0,4.0,4.0,389,,,,,,,,,,,,,,,,,,,,,,,,,,,,,,,,,,,,,,,,,,,,,,,,,,,,,,,,,,,,,,,,,,,,,,,,,,,,,OpenML_1504_steel-plates-fault,OpenML_1504_steel-plates-fault,1504,steel-plates-fault,1941,33,33,0,,,,,,,,
1,B_mask_no_pp,True,False,True,False,balanced_acc,val_loss,val_loss,val_bacc,103,B4_D4_K32,0.2303216137291786,0.0010994932440602,0.0024862315049439,0.0441975452761365,0.0057302569296296,balanced_bce,4,4,32,256,0.125,82,103,13.461504567414522,,0.1898,0.9339,0.9494,0.8689,0.9494,0.8398,0.9299,0.8398,1.0,729,82,0,430,0.0205,0.1756,0.9421,0.9557,0.8838,0.9557,0.8571,0.9383,0.8571,1.0,185,18,0,108,0.0046,0.1948,0.9306,0.9469,0.863,0.9469,0.8333,0.9265,0.8333,1.0,227,27,0,135,0.0048,0.0,0.0,0.0,502.0,544.0,-42.0,55.0,64.0,-9.0,295.0,322.0,-27.0,226,302,77,3,3,74,3.901417525773196,4.0,4.0,1552,3.904884318766067,4.0,4.0,389,,,,,,,,,,,,,,,,,,,,,,,,,,,,,,,,,,,,,,,,,,,,,,,,,,,,,,,,,,,,,,,,,,,,,,,,,,,,,OpenML_1504_steel-plates-fault,OpenML_1504_steel-plates-fault,1504,steel-plates-fault,1941,33,33,0,,,,,,,,
1,C_mask_pp,True,True,True,False,balanced_acc,val_loss,val_loss,val_bacc,103,B4_D4_K32,0.2303216137291786,0.0010994932440602,0.0024862315049439,0.0441975452761365,0.0057302569296296,balanced_bce,4,4,32,256,0.125,82,103,13.203399527817965,,0.1898,0.9339,0.9494,0.8689,0.9494,0.8398,0.9299,0.8398,1.0,729,82,0,430,0.0164,0.1756,0.9421,0.9557,0.8838,0.9557,0.8571,0.9383,0.8571,1.0,185,18,0,108,0.0042,0.1948,0.9306,0.9469,0.863,0.9469,0.8333,0.9265,0.8333,1.0,227,27,0,135,0.0073,0.0,0.0,0.0,502.0,544.0,-42.0,55.0,64.0,-9.0,295.0,322.0,-27.0,226,302,77,3,3,74,3.901417525773196,4.0,4.0,1552,3.904884318766067,4.0,4.0,389,0.1898,0.9339,0.9494,0.8689,0.9494,0.8398,0.9299,0.8398,1.0,729.0,82.0,0.0,430.0,0.0202,0.1756,0.9421,0.9557,0.8838,0.9557,0.8571,0.9383,0.8571,1.0,185.0,18.0,0.0,108.0,0.006,0.1948,0.9306,0.9469,0.863,0.9469,0.8333,0.9265,0.8333,1.0,227.0,27.0,0.0,135.0,0.0075,0.0,0.0,0.0,502.0,544.0,-42.0,55.0,64.0,-9.0,295.0,322.0,-27.0,14.0,21.0,8.0,8.0,4.0,4.0,16.0,14.0,29.0,8.0,8.0,21.0,14.0,9.0,3.729381561279297,4.0,4.0,1552.0,3.794344425201416,4.0,4.0,389.0,OpenML_1504_steel-plates-fault,OpenML_1504_steel-plates-fault,1504,steel-plates-fault,1941,33,33,0,0.9469,0.9469,,0.9265,,14.0,8.0,21.0
1,D_no_mask_pp,False,True,False,False,balanced_acc,val_loss,val_loss,val_bacc,103,B4_D4_K32,0.2303216137291786,0.0010994932440602,0.0024862315049439,0.0441975452761365,0.0057302569296296,balanced_bce,4,4,32,256,0.125,82,103,11.88366336375475,,0.1989,0.9339,0.9494,0.8689,0.9494,0.8398,0.9299,0.8398,1.0,729,82,0,430,0.0132,0.1818,0.9421,0.9557,0.8838,0.9557,0.8571,0.9383,0.8571,1.0,185,18,0,108,0.004,0.2022,0.9306,0.9469,0.863,0.9469,0.8333,0.9265,0.8333,1.0,227,27,0,135,0.0048,0.0,0.0,0.0,502.0,544.0,-42.0,55.0,64.0,-9.0,295.0,322.0,-27.0,238,318,81,2,3,78,4.0,4.0,4.0,1552,4.0,4.0,4.0,389,0.1989,0.9339,0.9494,0.8689,0.9494,0.8398,0.9299,0.8398,1.0,729.0,82.0,0.0,430.0,0.0193,0.1818,0.9421,0.9557,0.8838,0.9557,0.8571,0.9383,0.8571,1.0,185.0,18.0,0.0,108.0,0.0065,0.2022,0.9306,0.9469,0.863,0.9469,0.8333,0.9265,0.8333,1.0,227.0,27.0,0.0,135.0,0.0068,0.0,0.0,0.0,502.0,544.0,-42.0,55.0,64.0,-9.0,295.0,322.0,-27.0,16.0,27.0,12.0,6.0,9.0,3.0,18.0,16.0,33.0,12.0,6.0,27.0,16.0,10.0,3.920103073120117,4.0,4.0,1552.0,3.9537274837493896,4.0,4.0,389.0,OpenML_1504_steel-plates-fault,OpenML_1504_steel-plates-fault,1504,steel-plates-fault,1941,33,33,0,0.9469,0.9469,,0.9265,,16.0,12.0,27.0
2,A_no_mask_no_pp,False,False,False,False,balanced_acc,val_loss,val_loss,val_bacc,103,B3_D4_K24,0.3812591843874494,0.0035773926973501,0.0185475688827257,0.0838555491952632,0.0526396854195886,balanced_bce,3,4,24,81,0.2962962962962963,82,103,7.868696227669716,,0.1846,0.9396,0.9538,0.8791,0.9538,0.8515,0.9357,0.8515,1.0,736,75,0,430,0.0129,0.2586,0.91,0.931,0.8274,0.931,0.7941,0.9056,0.7941,1.0,175,28,0,108,0.0043,0.1889,0.9383,0.9528,0.8768,0.9528,0.8491,0.9344,0.8491,1.0,230,24,0,135,0.0045,0.0,0.0,0.0,506.0,561.0,-55.0,51.0,47.0,4.0,295.0,322.0,-27.0,56,84,29,2,3,26,3.827319587628866,4.0,4.0,1552,3.794344473007712,4.0,4.0,389,,,,,,,,,,,,,,,,,,,,,,,,,,,,,,,,,,,,,,,,,,,,,,,,,,,,,,,,,,,,,,,,,,,,,,,,,,,,,OpenML_1504_steel-plates-fault,OpenML_1504_steel-plates-fault,1504,steel-plates-fault,1941,33,33,0,,,,,,,,
2,B_mask_no_pp,True,False,True,False,balanced_acc,val_loss,val_loss,val_bacc,103,B3_D4_K24,0.3812591843874494,0.0035773926973501,0.0185475688827257,0.0838555491952632,0.0526396854195886,balanced_bce,3,4,24,81,0.2962962962962963,82,103,10.005001787096262,,0.1755,0.9396,0.9538,0.8791,0.9538,0.8515,0.9357,0.8515,1.0,736,75,0,430,0.018,0.2247,0.91,0.931,0.8274,0.931,0.7941,0.9056,0.7941,1.0,175,28,0,108,0.0041,0.1776,0.9383,0.9528,0.8768,0.9528,0.8491,0.9344,0.8491,1.0,230,24,0,135,0.0044,0.0,0.0,0.0,506.0,561.0,-55.0,51.0,47.0,4.0,295.0,322.0,-27.0,40,61,22,6,5,17,3.6913659793814433,4.0,4.0,1552,3.709511568123393,4.0,4.0,389,,,,,,,,,,,,,,,,,,,,,,,,,,,,,,,,,,,,,,,,,,,,,,,,,,,,,,,,,,,,,,,,,,,,,,,,,,,,,OpenML_1504_steel-plates-fault,OpenML_1504_steel-plates-fault,1504,steel-plates-fault,1941,33,33,0,,,,,,,,
2,C_mask_pp,True,True,True,False,balanced_acc,val_loss,val_loss,val_bacc,103,B3_D4_K24,0.3812591843874494,0.0035773926973501,0.0185475688827257,0.0838555491952632,0.0526396854195886,balanced_bce,3,4,24,81,0.2962962962962963,82,103,10.413185313344002,,0.1755,0.9396,0.9538,0.8791,0.9538,0.8515,0.9357,0.8515,1.0,736,75,0,430,0.0196,0.2247,0.91,0.931,0.8274,0.931,0.7941,0.9056,0.7941,1.0,175,28,0,108,0.0039,0.1776,0.9383,0.9528,0.8768,0.9528,0.8491,0.9344,0.8491,1.0,230,24,0,135,0.0043,0.0,0.0,0.0,506.0,561.0,-55.0,51.0,47.0,4.0,295.0,322.0,-27.0,40,61,22,6,5,17,3.6913659793814433,4.0,4.0,1552,3.709511568123393,4.0,4.0,389,0.1755,0.9396,0.9538,0.8791,0.9538,0.8515,0.9357,0.8515,1.0,736.0,75.0,0.0,430.0,0.0199,0.2247,0.91,0.931,0.8274,0.931,0.7941,0.9056,0.7941,1.0,175.0,28.0,0.0,108.0,0.0071,0.1776,0.9383,0.9528,0.8768,0.9528,0.8491,0.9344,0.8491,1.0,230.0,24.0,0.0,135.0,0.0075,0.0,0.0,0.0,506.0,561.0,-55.0,51.0,47.0,4.0,295.0,322.0,-27.0,7.0,12.0,6.0,6.0,6.0,0.0,12.0,7.0,18.0,6.0,6.0,12.0,7.0,7.0,3.3936855792999268,3.0,4.0,1552.0,3.4035990238189697,4.0,4.0,389.0,OpenML_1504_steel-plates-fault,OpenML_1504_steel-plates-fault,1504,steel-plates-fault,1941,33,33,0,0.9528,0.9528,,0.9344,,7.0,6.0,12.0
2,D_no_mask_pp,False,True,False,False,balanced_acc,val_loss,val_loss,val_bacc,103,B3_D4_K24,0.3812591843874494,0.0035773926973501,0.0185475688827257,0.0838555491952632,0.0526396854195886,balanced_bce,3,4,24,81,0.2962962962962963,82,103,8.659305460751057,,0.1846,0.9396,0.9538,0.8791,0.9538,0.8515,0.9357,0.8515,1.0,736,75,0,430,0.0149,0.2586,0.91,0.931,0.8274,0.931,0.7941,0.9056,0.7941,1.0,175,28,0,108,0.0043,0.1889,0.9383,0.9528,0.8768,0.9528,0.8491,0.9344,0.8491,1.0,230,24,0,135,0.005,0.0,0.0,0.0,506.0,561.0,-55.0,51.0,47.0,4.0,295.0,322.0,-27.0,56,84,29,2,3,26,3.827319587628866,4.0,4.0,1552,3.794344473007712,4.0,4.0,389,0.1846,0.9396,0.9538,0.8791,0.9538,0.8515,0.9357,0.8515,1.0,736.0,75.0,0.0,430.0,0.0189,0.2586,0.91,0.931,0.8274,0.931,0.7941,0.9056,0.7941,1.0,175.0,28.0,0.0,108.0,0.0067,0.1889,0.9383,0.9528,0.8768,0.9528,0.8491,0.9344,0.8491,1.0,230.0,24.0,0.0,135.0,0.007,0.0,0.0,0.0,506.0,561.0,-55.0,51.0,47.0,4.0,295.0,322.0,-27.0,6.0,10.0,5.0,5.0,5.0,0.0,10.0,6.0,15.0,5.0,5.0,10.0,6.0,5.0,3.558634042739868,4.0,4.0,1552.0,3.483290433883667,4.0,4.0,389.0,OpenML_1504_steel-plates-fault,OpenML_1504_steel-plates-fault,1504,steel-plates-fault,1941,33,33,0,0.9528,0.9528,,0.9344,,6.0,5.0,10.0
3,A_no_mask_no_pp,False,False,False,False,balanced_acc,val_loss,val_loss,val_bacc,103,B3_D4_K48,0.3131638015096243,0.0149955362495678,0.0171403807793818,0.0757900916619032,0.0018642098828295,balanced_bce,3,4,48,81,0.5925925925925926,82,103,8.181087616831064,,0.1914,0.9299,0.9464,0.8617,0.9464,0.8317,0.9257,0.8317,1.0,724,87,0,430,0.0159,0.149,0.9518,0.9631,0.9018,0.9631,0.878,0.9484,0.878,1.0,188,15,0,108,0.0042,0.1797,0.9357,0.9508,0.8722,0.9508,0.8438,0.9317,0.8438,1.0,229,25,0,135,0.0044,0.0,0.0,0.0,495.0,536.0,-41.0,62.0,72.0,-10.0,295.0,322.0,-27.0,41,61,21,5,2,19,3.439432989690722,4.0,4.0,1552,3.4138817480719794,4.0,4.0,389,,,,,,,,,,,,,,,,,,,,,,,,,,,,,,,,,,,,,,,,,,,,,,,,,,,,,,,,,,,,,,,,,,,,,,,,,,,,,OpenML_1504_steel-plates-fault,OpenML_1504_steel-plates-fault,1504,steel-plates-fault,1941,33,33,0,,,,,,,,
3,B_mask_no_pp,True,False,True,False,balanced_acc,val_loss,val_loss,val_bacc,103,B3_D4_K48,0.3131638015096243,0.0149955362495678,0.0171403807793818,0.0757900916619032,0.0018642098828295,balanced_bce,3,4,48,81,0.5925925925925926,82,103,10.197360545396805,,0.2034,0.9299,0.9464,0.8617,0.9464,0.8317,0.9257,0.8317,1.0,724,87,0,430,0.0226,0.1604,0.9518,0.9631,0.9018,0.9631,0.878,0.9484,0.878,1.0,188,15,0,108,0.0041,0.1892,0.9357,0.9508,0.8722,0.9508,0.8438,0.9317,0.8438,1.0,229,25,0,135,0.0044,0.0,0.0,0.0,495.0,536.0,-41.0,62.0,72.0,-10.0,295.0,322.0,-27.0,56,83,28,6,1,27,3.39819587628866,3.0,4.0,1552,3.4318766066838045,4.0,4.0,389,,,,,,,,,,,,,,,,,,,,,,,,,,,,,,,,,,,,,,,,,,,,,,,,,,,,,,,,,,,,,,,,,,,,,,,,,,,,,OpenML_1504_steel-plates-fault,OpenML_1504_steel-plates-fault,1504,steel-plates-fault,1941,33,33,0,,,,,,,,
3,C_mask_pp,True,True,True,False,balanced_acc,val_loss,val_loss,val_bacc,103,B3_D4_K48,0.3131638015096243,0.0149955362495678,0.0171403807793818,0.0757900916619032,0.0018642098828295,balanced_bce,3,4,48,81,0.5925925925925926,82,103,10.345180794596672,,0.2034,0.9299,0.9464,0.8617,0.9464,0.8317,0.9257,0.8317,1.0,724,87,0,430,0.0234,0.1604,0.9518,0.9631,0.9018,0.9631,0.878,0.9484,0.878,1.0,188,15,0,108,0.0043,0.1892,0.9357,0.9508,0.8722,0.9508,0.8438,0.9317,0.8438,1.0,229,25,0,135,0.0047,0.0,0.0,0.0,495.0,536.0,-41.0,62.0,72.0,-10.0,295.0,322.0,-27.0,56,83,28,6,1,27,3.39819587628866,3.0,4.0,1552,3.4318766066838045,4.0,4.0,389,0.2034,0.9299,0.9464,0.8617,0.9464,0.8317,0.9257,0.8317,1.0,724.0,87.0,0.0,430.0,0.0208,0.1604,0.9518,0.9631,0.9018,0.9631,0.878,0.9484,0.878,1.0,188.0,15.0,0.0,108.0,0.0075,0.1892,0.9357,0.9508,0.8722,0.9508,0.8438,0.9317,0.8438,1.0,229.0,25.0,0.0,135.0,0.0074,0.0,0.0,0.0,495.0,536.0,-41.0,62.0,72.0,-10.0,295.0,322.0,-27.0,8.0,13.0,6.0,6.0,5.0,1.0,12.0,8.0,19.0,6.0,6.0,13.0,8.0,8.0,3.3878865242004395,3.0,4.0,1552.0,3.4267351627349854,4.0,4.0,389.0,OpenML_1504_steel-plates-fault,OpenML_1504_steel-plates-fault,1504,steel-plates-fault,1941,33,33,0,0.9508,0.9508,,0.9317,,8.0,6.0,13.0
3,D_no_mask_pp,False,True,False,False,balanced_acc,val_loss,val_loss,val_bacc,103,B3_D4_K48,0.3131638015096243,0.0149955362495678,0.0171403807793818,0.0757900916619032,0.0018642098828295,balanced_bce,3,4,48,81,0.5925925925925926,82,103,7.954616632312536,,0.1914,0.9299,0.9464,0.8617,0.9464,0.8317,0.9257,0.8317,1.0,724,87,0,430,0.0171,0.149,0.9518,0.9631,0.9018,0.9631,0.878,0.9484,0.878,1.0,188,15,0,108,0.0046,0.1797,0.9357,0.9508,0.8722,0.9508,0.8438,0.9317,0.8438,1.0,229,25,0,135,0.0047,0.0,0.0,0.0,495.0,536.0,-41.0,62.0,72.0,-10.0,295.0,322.0,-27.0,41,61,21,5,2,19,3.439432989690722,4.0,4.0,1552,3.4138817480719794,4.0,4.0,389,0.1914,0.9299,0.9464,0.8617,0.9464,0.8317,0.9257,0.8317,1.0,724.0,87.0,0.0,430.0,0.0185,0.149,0.9518,0.9631,0.9018,0.9631,0.878,0.9484,0.878,1.0,188.0,15.0,0.0,108.0,0.0061,0.1797,0.9357,0.9508,0.8722,0.9508,0.8438,0.9317,0.8438,1.0,229.0,25.0,0.0,135.0,0.0074,0.0,0.0,0.0,495.0,536.0,-41.0,62.0,72.0,-10.0,295.0,322.0,-27.0,7.0,12.0,6.0,5.0,6.0,0.0,11.0,7.0,17.0,6.0,5.0,12.0,7.0,5.0,3.4394330978393555,4.0,4.0,1552.0,3.413881778717041,4.0,4.0,389.0,OpenML_1504_steel-plates-fault,OpenML_1504_steel-plates-fault,1504,steel-plates-fault,1941,33,33,0,0.9508,0.9508,,0.9317,,7.0,6.0,12.0
4,A_no_mask_no_pp,False,False,False,False,balanced_acc,val_loss,val_loss,val_bacc,103,B4_D4_K48,0.3243168598234458,0.002548811269499,0.0050583961726095,0.0823419562817395,0.0928705856467214,balanced_bce,4,4,48,256,0.1875,82,103,11.630870569497349,,0.175,0.938,0.9525,0.8761,0.9525,0.8481,0.934,0.8481,1.0,734,77,0,430,0.0256,0.192,0.9293,0.9458,0.8607,0.9458,0.8308,0.9251,0.8308,1.0,181,22,0,108,0.0057,0.1945,0.928,0.9449,0.8584,0.9449,0.8282,0.9239,0.8282,1.0,226,28,0,135,0.0062,0.0,0.0,0.0,508.0,553.0,-45.0,49.0,55.0,-6.0,295.0,322.0,-27.0,166,221,56,8,1,55,3.1752577319587627,4.0,4.0,1552,3.179948586118252,4.0,4.0,389,,,,,,,,,,,,,,,,,,,,,,,,,,,,,,,,,,,,,,,,,,,,,,,,,,,,,,,,,,,,,,,,,,,,,,,,,,,,,OpenML_1504_steel-plates-fault,OpenML_1504_steel-plates-fault,1504,steel-plates-fault,1941,33,33,0,,,,,,,,
4,B_mask_no_pp,True,False,True,False,balanced_acc,val_loss,val_loss,val_bacc,103,B4_D4_K48,0.3243168598234458,0.002548811269499,0.0050583961726095,0.0823419562817395,0.0928705856467214,balanced_bce,4,4,48,256,0.1875,82,103,11.5367701202631,,0.1887,0.938,0.9525,0.8761,0.9525,0.8481,0.934,0.8481,1.0,734,77,0,430,0.0144,0.2111,0.9293,0.9458,0.8607,0.9458,0.8308,0.9251,0.8308,1.0,181,22,0,108,0.0042,0.2156,0.928,0.9449,0.8584,0.9449,0.8282,0.9239,0.8282,1.0,226,28,0,135,0.0046,0.0,0.0,0.0,508.0,553.0,-45.0,49.0,55.0,-6.0,295.0,322.0,-27.0,103,142,40,10,4,36,3.436855670103093,4.0,4.0,1552,3.3958868894601544,3.0,4.0,389,,,,,,,,,,,,,,,,,,,,,,,,,,,,,,,,,,,,,,,,,,,,,,,,,,,,,,,,,,,,,,,,,,,,,,,,,,,,,OpenML_1504_steel-plates-fault,OpenML_1504_steel-plates-fault,1504,steel-plates-fault,1941,33,33,0,,,,,,,,
4,C_mask_pp,True,True,True,False,balanced_acc,val_loss,val_loss,val_bacc,103,B4_D4_K48,0.3243168598234458,0.002548811269499,0.0050583961726095,0.0823419562817395,0.0928705856467214,balanced_bce,4,4,48,256,0.1875,82,103,11.434163454920052,,0.1887,0.938,0.9525,0.8761,0.9525,0.8481,0.934,0.8481,1.0,734,77,0,430,0.026,0.2111,0.9293,0.9458,0.8607,0.9458,0.8308,0.9251,0.8308,1.0,181,22,0,108,0.0046,0.2156,0.928,0.9449,0.8584,0.9449,0.8282,0.9239,0.8282,1.0,226,28,0,135,0.0048,0.0,0.0,0.0,508.0,553.0,-45.0,49.0,55.0,-6.0,295.0,322.0,-27.0,103,142,40,10,4,36,3.436855670103093,4.0,4.0,1552,3.3958868894601544,3.0,4.0,389,0.1887,0.938,0.9525,0.8761,0.9525,0.8481,0.934,0.8481,1.0,734.0,77.0,0.0,430.0,0.0188,0.2111,0.9293,0.9458,0.8607,0.9458,0.8308,0.9251,0.8308,1.0,181.0,22.0,0.0,108.0,0.0069,0.2139,0.928,0.9449,0.8584,0.9449,0.8282,0.9239,0.8282,1.0,226.0,28.0,0.0,135.0,0.0074,0.0,0.0,0.0,508.0,553.0,-45.0,49.0,55.0,-6.0,295.0,322.0,-27.0,6.0,10.0,5.0,6.0,5.0,0.0,11.0,6.0,16.0,5.0,6.0,10.0,6.0,6.0,3.360180377960205,4.0,4.0,1552.0,3.2956297397613525,3.0,4.0,389.0,OpenML_1504_steel-plates-fault,OpenML_1504_steel-plates-fault,1504,steel-plates-fault,1941,33,33,0,0.9449,0.9449,,0.9239,,6.0,5.0,10.0
4,D_no_mask_pp,False,True,False,False,balanced_acc,val_loss,val_loss,val_bacc,103,B4_D4_K48,0.3243168598234458,0.002548811269499,0.0050583961726095,0.0823419562817395,0.0928705856467214,balanced_bce,4,4,48,256,0.1875,82,103,11.949301078915596,,0.175,0.938,0.9525,0.8761,0.9525,0.8481,0.934,0.8481,1.0,734,77,0,430,0.0278,0.192,0.9293,0.9458,0.8607,0.9458,0.8308,0.9251,0.8308,1.0,181,22,0,108,0.0037,0.1945,0.928,0.9449,0.8584,0.9449,0.8282,0.9239,0.8282,1.0,226,28,0,135,0.0045,0.0,0.0,0.0,508.0,553.0,-45.0,49.0,55.0,-6.0,295.0,322.0,-27.0,166,221,56,8,1,55,3.1752577319587627,4.0,4.0,1552,3.179948586118252,4.0,4.0,389,0.175,0.938,0.9525,0.8761,0.9525,0.8481,0.934,0.8481,1.0,734.0,77.0,0.0,430.0,0.0183,0.192,0.9293,0.9458,0.8607,0.9458,0.8308,0.9251,0.8308,1.0,181.0,22.0,0.0,108.0,0.0067,0.1945,0.928,0.9449,0.8584,0.9449,0.8282,0.9239,0.8282,1.0,226.0,28.0,0.0,135.0,0.0066,0.0,0.0,0.0,508.0,553.0,-45.0,49.0,55.0,-6.0,295.0,322.0,-27.0,8.0,12.0,5.0,8.0,4.0,1.0,13.0,8.0,20.0,5.0,8.0,12.0,8.0,8.0,3.107603073120117,4.0,4.0,1552.0,3.105398416519165,3.0,4.0,389.0,OpenML_1504_steel-plates-fault,OpenML_1504_steel-plates-fault,1504,steel-plates-fault,1941,33,33,0,0.9449,0.9449,,0.9239,,8.0,5.0,12.0
0,A_no_mask_no_pp,False,False,False,False,balanced_acc,val_loss,val_loss,val_bacc,512,B4_D4_K24,0.3757623650780647,0.0138591669074562,0.0036085824811703,0.001049264671113,0.0011396868343452,balanced_bce,4,4,24,256,0.09375,512,512,109.67366963997485,,0.5067,0.7628,0.7655,0.5255,0.832,0.7575,0.7605,0.6958,0.8242,12468,4220,2660,9651,0.4104,0.5116,0.7637,0.7665,0.5273,0.8269,0.7477,0.7615,0.697,0.8248,3122,1050,663,2415,0.1015,0.501,0.7663,0.7696,0.5334,0.8379,0.7631,0.7642,0.6984,0.8293,3900,1315,803,3045,0.1251,1857.0,1997.0,-140.0,8568.0,9346.0,-778.0,2905.0,3170.0,-265.0,6606.0,7236.0,-630.0,59,83,25,17,6,19,3.4300256558801623,3.0,4.0,36249,3.428666004634227,3.0,4.0,9063,,,,,,,,,,,,,,,,,,,,,,,,,,,,,,,,,,,,,,,,,,,,,,,,,,,,,,,,,,,,,,,,,,,,,,,,,,,,,OpenML_151_electricity,OpenML_151_electricity,151,electricity,45312,8,7,1,,,,,,,,
0,B_mask_no_pp,True,False,True,False,balanced_acc,val_loss,val_loss,val_bacc,512,B4_D4_K24,0.3757623650780647,0.0138591669074562,0.0036085824811703,0.001049264671113,0.0011396868343452,balanced_bce,4,4,24,256,0.09375,512,512,118.2788564004004,,0.5112,0.7628,0.7639,0.5228,0.8225,0.7639,0.76,0.7004,0.8175,12629,4059,2820,9491,0.3083,0.512,0.7633,0.7648,0.5245,0.8225,0.7607,0.7607,0.6998,0.8196,3149,1023,693,2385,0.0712,0.5026,0.7705,0.7716,0.5381,0.8304,0.7746,0.7677,0.7093,0.8239,3987,1228,852,2996,0.0879,1968.0,2127.0,-159.0,8642.0,9480.0,-838.0,2831.0,3036.0,-205.0,6495.0,7106.0,-611.0,62,88,27,12,6,21,3.5325388286573425,4.0,4.0,36249,3.534480856228622,4.0,4.0,9063,,,,,,,,,,,,,,,,,,,,,,,,,,,,,,,,,,,,,,,,,,,,,,,,,,,,,,,,,,,,,,,,,,,,,,,,,,,,,OpenML_151_electricity,OpenML_151_electricity,151,electricity,45312,8,7,1,,,,,,,,
0,C_mask_pp,True,True,True,False,balanced_acc,val_loss,val_loss,val_bacc,512,B4_D4_K24,0.3757623650780647,0.0138591669074562,0.0036085824811703,0.001049264671113,0.0011396868343452,balanced_bce,4,4,24,256,0.09375,512,512,119.81509391218424,,0.5112,0.7628,0.7639,0.5228,0.8225,0.7639,0.76,0.7004,0.8175,12629,4059,2820,9491,0.3061,0.512,0.7633,0.7648,0.5245,0.8225,0.7607,0.7607,0.6998,0.8196,3149,1023,693,2385,0.0784,0.5026,0.7705,0.7716,0.5381,0.8304,0.7746,0.7677,0.7093,0.8239,3987,1228,852,2996,0.0932,1968.0,2127.0,-159.0,8642.0,9480.0,-838.0,2831.0,3036.0,-205.0,6495.0,7106.0,-611.0,62,88,27,12,6,21,3.5325388286573425,4.0,4.0,36249,3.534480856228622,4.0,4.0,9063,0.5112,0.7628,0.7639,0.5228,0.8225,0.7639,0.76,0.7004,0.8175,12629.0,4059.0,2820.0,9491.0,0.7182,0.512,0.7633,0.7648,0.5245,0.8225,0.7607,0.7607,0.6998,0.8196,3149.0,1023.0,693.0,2385.0,0.1682,0.5026,0.7705,0.7716,0.5381,0.8304,0.7746,0.7677,0.7093,0.8239,3987.0,1228.0,852.0,2996.0,0.2036,1968.0,2127.0,-159.0,8642.0,9480.0,-838.0,2831.0,3036.0,-205.0,6495.0,7106.0,-611.0,20.0,31.0,12.0,12.0,6.0,6.0,24.0,20.0,43.0,12.0,12.0,31.0,20.0,19.0,2.972440719604492,3.0,4.0,36249.0,2.9747323989868164,3.0,4.0,9063.0,OpenML_151_electricity,OpenML_151_electricity,151,electricity,45312,8,7,1,0.7716,0.8304,,0.7677,,20.0,12.0,31.0
0,D_no_mask_pp,False,True,False,False,balanced_acc,val_loss,val_loss,val_bacc,512,B4_D4_K24,0.3757623650780647,0.0138591669074562,0.0036085824811703,0.001049264671113,0.0011396868343452,balanced_bce,4,4,24,256,0.09375,512,512,107.83285909891129,,0.5067,0.7628,0.7655,0.5255,0.832,0.7575,0.7605,0.6958,0.8242,12468,4220,2660,9651,0.3346,0.5116,0.7637,0.7665,0.5273,0.8269,0.7477,0.7615,0.697,0.8248,3122,1050,663,2415,0.0696,0.501,0.7663,0.7696,0.5334,0.8379,0.7631,0.7642,0.6984,0.8293,3900,1315,803,3045,0.0879,1857.0,1997.0,-140.0,8568.0,9346.0,-778.0,2905.0,3170.0,-265.0,6606.0,7236.0,-630.0,59,83,25,17,6,19,3.4300256558801623,3.0,4.0,36249,3.428666004634227,3.0,4.0,9063,0.5067,0.7628,0.7655,0.5255,0.832,0.7575,0.7605,0.6958,0.8242,12468.0,4220.0,2660.0,9651.0,0.4331,0.5116,0.7637,0.7665,0.5273,0.8269,0.7477,0.7615,0.697,0.8248,3122.0,1050.0,663.0,2415.0,0.1098,0.501,0.7663,0.7696,0.5334,0.8379,0.7631,0.7642,0.6984,0.8293,3900.0,1315.0,803.0,3045.0,0.1318,1857.0,1997.0,-140.0,8568.0,9346.0,-778.0,2905.0,3170.0,-265.0,6606.0,7236.0,-630.0,21.0,34.0,14.0,10.0,9.0,5.0,24.0,21.0,44.0,14.0,10.0,34.0,21.0,18.0,3.089271545410156,3.0,4.0,36249.0,3.092243194580078,3.0,4.0,9063.0,OpenML_151_electricity,OpenML_151_electricity,151,electricity,45312,8,7,1,0.7696,0.8379,,0.7642,,21.0,14.0,34.0
1,A_no_mask_no_pp,False,False,False,False,balanced_acc,val_loss,val_loss,val_bacc,512,B3_D4_K36,0.3652260816664822,0.0049968981197706,0.0011123879921612,0.0020311618086222,0.0028221888606821,balanced_bce,3,4,36,81,0.4444444444444444,512,512,110.84390329942109,,0.4914,0.7726,0.7722,0.5403,0.8395,0.7783,0.7693,0.716,0.8202,12929,3759,2835,9476,0.2894,0.4888,0.7742,0.7737,0.5434,0.8414,0.7851,0.7709,0.7181,0.8211,3241,931,706,2372,0.0732,0.4944,0.7667,0.7666,0.5288,0.8373,0.7757,0.7635,0.7086,0.816,4004,1211,903,2945,0.0911,1932.0,2129.0,-197.0,8925.0,9688.0,-763.0,2548.0,2828.0,-280.0,6531.0,7104.0,-573.0,45,68,24,6,4,20,3.269331567767386,3.0,4.0,36249,3.2677921218139687,3.0,4.0,9063,,,,,,,,,,,,,,,,,,,,,,,,,,,,,,,,,,,,,,,,,,,,,,,,,,,,,,,,,,,,,,,,,,,,,,,,,,,,,OpenML_151_electricity,OpenML_151_electricity,151,electricity,45312,8,7,1,,,,,,,,
1,B_mask_no_pp,True,False,True,False,balanced_acc,val_loss,val_loss,val_bacc,512,B3_D4_K36,0.3652260816664822,0.0049968981197706,0.0011123879921612,0.0020311618086222,0.0028221888606821,balanced_bce,3,4,36,81,0.4444444444444444,512,512,108.2320281676948,,0.4922,0.7792,0.7818,0.5578,0.8415,0.7661,0.7769,0.7147,0.8374,12763,3925,2478,9833,0.3,0.4924,0.779,0.7807,0.5561,0.8403,0.7695,0.7765,0.7171,0.8338,3210,962,640,2438,0.0772,0.4956,0.7728,0.7756,0.5455,0.8397,0.7632,0.7706,0.7069,0.8329,3948,1267,792,3056,0.0892,1686.0,1838.0,-152.0,8815.0,9553.0,-738.0,2658.0,2963.0,-305.0,6777.0,7395.0,-618.0,35,54,20,4,6,14,3.466247344754338,4.0,4.0,36249,3.479642502482622,4.0,4.0,9063,,,,,,,,,,,,,,,,,,,,,,,,,,,,,,,,,,,,,,,,,,,,,,,,,,,,,,,,,,,,,,,,,,,,,,,,,,,,,OpenML_151_electricity,OpenML_151_electricity,151,electricity,45312,8,7,1,,,,,,,,
1,C_mask_pp,True,True,True,False,balanced_acc,val_loss,val_loss,val_bacc,512,B3_D4_K36,0.3652260816664822,0.0049968981197706,0.0011123879921612,0.0020311618086222,0.0028221888606821,balanced_bce,3,4,36,81,0.4444444444444444,512,512,108.57633261755107,,0.4922,0.7792,0.7818,0.5578,0.8415,0.7661,0.7769,0.7147,0.8374,12763,3925,2478,9833,0.3049,0.4924,0.779,0.7807,0.5561,0.8403,0.7695,0.7765,0.7171,0.8338,3210,962,640,2438,0.1075,0.4956,0.7728,0.7756,0.5455,0.8397,0.7632,0.7706,0.7069,0.8329,3948,1267,792,3056,0.118,1686.0,1838.0,-152.0,8815.0,9553.0,-738.0,2658.0,2963.0,-305.0,6777.0,7395.0,-618.0,35,54,20,4,6,14,3.466247344754338,4.0,4.0,36249,3.479642502482622,4.0,4.0,9063,0.4922,0.7792,0.7818,0.5578,0.8415,0.7661,0.7769,0.7147,0.8374,12763.0,3925.0,2478.0,9833.0,0.462,0.4924,0.779,0.7807,0.5561,0.8403,0.7695,0.7765,0.7171,0.8338,3210.0,962.0,640.0,2438.0,0.1157,0.4956,0.7728,0.7756,0.5455,0.8397,0.7632,0.7706,0.7069,0.8329,3948.0,1267.0,792.0,3056.0,0.1317,1686.0,1838.0,-152.0,8815.0,9553.0,-738.0,2658.0,2963.0,-305.0,6777.0,7395.0,-618.0,22.0,36.0,15.0,6.0,9.0,6.0,21.0,22.0,42.0,15.0,6.0,36.0,22.0,20.0,3.4394052028656006,4.0,4.0,36249.0,3.4573540687561035,4.0,4.0,9063.0,OpenML_151_electricity,OpenML_151_electricity,151,electricity,45312,8,7,1,0.7756,0.8397,,0.7706,,22.0,15.0,36.0
1,D_no_mask_pp,False,True,False,False,balanced_acc,val_loss,val_loss,val_bacc,512,B3_D4_K36,0.3652260816664822,0.0049968981197706,0.0011123879921612,0.0020311618086222,0.0028221888606821,balanced_bce,3,4,36,81,0.4444444444444444,512,512,111.88093342259526,,0.4914,0.7726,0.7722,0.5403,0.8395,0.7783,0.7693,0.716,0.8202,12929,3759,2835,9476,0.3688,0.4888,0.7742,0.7737,0.5434,0.8414,0.7851,0.7709,0.7181,0.8211,3241,931,706,2372,0.0724,0.4944,0.7667,0.7666,0.5288,0.8373,0.7757,0.7635,0.7086,0.816,4004,1211,903,2945,0.0947,1932.0,2129.0,-197.0,8925.0,9688.0,-763.0,2548.0,2828.0,-280.0,6531.0,7104.0,-573.0,45,68,24,6,4,20,3.269331567767386,3.0,4.0,36249,3.2677921218139687,3.0,4.0,9063,0.4914,0.7726,0.7722,0.5403,0.8395,0.7783,0.7693,0.716,0.8202,12929.0,3759.0,2835.0,9476.0,0.4311,0.4888,0.7742,0.7737,0.5434,0.8414,0.7851,0.7709,0.7181,0.8211,3241.0,931.0,706.0,2372.0,0.1139,0.4944,0.7667,0.7666,0.5288,0.8373,0.7757,0.7635,0.7086,0.816,4004.0,1211.0,903.0,2945.0,0.1601,1932.0,2129.0,-197.0,8925.0,9688.0,-763.0,2548.0,2828.0,-280.0,6531.0,7104.0,-573.0,29.0,46.0,18.0,9.0,8.0,10.0,27.0,29.0,55.0,18.0,9.0,46.0,29.0,28.0,3.2683660984039307,3.0,4.0,36249.0,3.26690936088562,3.0,4.0,9063.0,OpenML_151_electricity,OpenML_151_electricity,151,electricity,45312,8,7,1,0.7666,0.8373,,0.7635,,29.0,18.0,46.0
2,A_no_mask_no_pp,False,False,False,False,balanced_acc,val_loss,val_loss,val_bacc,512,B4_D4_K48,0.1570816226664269,0.0287503377983942,0.0025946295060185,0.0207802874974323,0.0178917247376017,balanced_bce,4,4,48,256,0.1875,512,512,87.89578818529844,,0.4715,0.789,0.7859,0.5699,0.8555,0.8058,0.7848,0.7444,0.8235,13450,3238,2882,9429,0.2996,0.4768,0.7859,0.7823,0.5631,0.8501,0.8002,0.7815,0.743,0.8187,3365,807,745,2333,0.0725,0.473,0.7904,0.7875,0.5728,0.8548,0.8052,0.7863,0.7457,0.8251,4207,1008,892,2956,0.0899,1990.0,2137.0,-147.0,9243.0,10085.0,-842.0,2230.0,2431.0,-201.0,6473.0,7096.0,-623.0,154,212,59,12,11,48,3.8827277993875695,4.0,4.0,36249,3.885137371731215,4.0,4.0,9063,,,,,,,,,,,,,,,,,,,,,,,,,,,,,,,,,,,,,,,,,,,,,,,,,,,,,,,,,,,,,,,,,,,,,,,,,,,,,OpenML_151_electricity,OpenML_151_electricity,151,electricity,45312,8,7,1,,,,,,,,
2,B_mask_no_pp,True,False,True,False,balanced_acc,val_loss,val_loss,val_bacc,512,B4_D4_K48,0.1570816226664269,0.0287503377983942,0.0025946295060185,0.0207802874974323,0.0178917247376017,balanced_bce,4,4,48,256,0.1875,512,512,71.70825179293752,,0.4807,0.7745,0.7691,0.5384,0.8492,0.8068,0.7692,0.7351,0.8035,13436,3252,3286,9025,0.3005,0.4825,0.7774,0.7713,0.5436,0.8477,0.8042,0.7718,0.7413,0.8034,3387,785,829,2249,0.0738,0.486,0.7724,0.7677,0.5347,0.8461,0.8038,0.7673,0.7298,0.8042,4166,1049,1014,2834,0.0955,2272.0,2457.0,-185.0,9270.0,10049.0,-779.0,2203.0,2467.0,-264.0,6191.0,6776.0,-585.0,153,216,64,9,18,46,3.860851333829898,4.0,4.0,36249,3.860200816506676,4.0,4.0,9063,,,,,,,,,,,,,,,,,,,,,,,,,,,,,,,,,,,,,,,,,,,,,,,,,,,,,,,,,,,,,,,,,,,,,,,,,,,,,OpenML_151_electricity,OpenML_151_electricity,151,electricity,45312,8,7,1,,,,,,,,
2,C_mask_pp,True,True,True,False,balanced_acc,val_loss,val_loss,val_bacc,512,B4_D4_K48,0.1570816226664269,0.0287503377983942,0.0025946295060185,0.0207802874974323,0.0178917247376017,balanced_bce,4,4,48,256,0.1875,512,512,71.21559055149555,,0.4807,0.7745,0.7691,0.5384,0.8492,0.8068,0.7692,0.7351,0.8035,13436,3252,3286,9025,0.3679,0.4825,0.7774,0.7713,0.5436,0.8477,0.8042,0.7718,0.7413,0.8034,3387,785,829,2249,0.0743,0.486,0.7724,0.7677,0.5347,0.8461,0.8038,0.7673,0.7298,0.8042,4166,1049,1014,2834,0.0964,2272.0,2457.0,-185.0,9270.0,10049.0,-779.0,2203.0,2467.0,-264.0,6191.0,6776.0,-585.0,153,216,64,9,18,46,3.860851333829898,4.0,4.0,36249,3.860200816506676,4.0,4.0,9063,0.4807,0.7745,0.7691,0.5384,0.8492,0.8068,0.7692,0.7351,0.8035,13436.0,3252.0,3286.0,9025.0,0.4926,0.4825,0.7774,0.7713,0.5436,0.8477,0.8042,0.7718,0.7413,0.8034,3387.0,785.0,829.0,2249.0,0.1146,0.486,0.7724,0.7677,0.5347,0.846,0.8038,0.7673,0.7298,0.8042,4166.0,1049.0,1014.0,2834.0,0.1373,2272.0,2457.0,-185.0,9270.0,10049.0,-779.0,2203.0,2467.0,-264.0,6191.0,6776.0,-585.0,93.0,145.0,53.0,8.0,30.0,23.0,61.0,93.0,153.0,53.0,8.0,145.0,93.0,88.0,3.855140924453736,4.0,4.0,36249.0,3.856008052825928,4.0,4.0,9063.0,OpenML_151_electricity,OpenML_151_electricity,151,electricity,45312,8,7,1,0.7677,0.846,,0.7673,,93.0,53.0,145.0
2,D_no_mask_pp,False,True,False,False,balanced_acc,val_loss,val_loss,val_bacc,512,B4_D4_K48,0.1570816226664269,0.0287503377983942,0.0025946295060185,0.0207802874974323,0.0178917247376017,balanced_bce,4,4,48,256,0.1875,512,512,88.06046703457832,,0.4715,0.789,0.7859,0.5699,0.8555,0.8058,0.7848,0.7444,0.8235,13450,3238,2882,9429,0.2941,0.4768,0.7859,0.7823,0.5631,0.8501,0.8002,0.7815,0.743,0.8187,3365,807,745,2333,0.0722,0.473,0.7904,0.7875,0.5728,0.8548,0.8052,0.7863,0.7457,0.8251,4207,1008,892,2956,0.0901,1990.0,2137.0,-147.0,9243.0,10085.0,-842.0,2230.0,2431.0,-201.0,6473.0,7096.0,-623.0,154,212,59,12,11,48,3.8827277993875695,4.0,4.0,36249,3.885137371731215,4.0,4.0,9063,0.4715,0.789,0.7859,0.5699,0.8555,0.8058,0.7848,0.7444,0.8235,13450.0,3238.0,2882.0,9429.0,0.5322,0.4768,0.7859,0.7823,0.5631,0.8501,0.8002,0.7815,0.743,0.8187,3365.0,807.0,745.0,2333.0,0.1072,0.473,0.7904,0.7875,0.5728,0.8548,0.8052,0.7863,0.7457,0.8251,4207.0,1008.0,892.0,2956.0,0.1365,1990.0,2137.0,-147.0,9243.0,10085.0,-842.0,2230.0,2431.0,-201.0,6473.0,7096.0,-623.0,90.0,137.0,48.0,12.0,26.0,22.0,60.0,90.0,149.0,48.0,12.0,137.0,90.0,88.0,3.829953908920288,4.0,4.0,36249.0,3.833609104156494,4.0,4.0,9063.0,OpenML_151_electricity,OpenML_151_electricity,151,electricity,45312,8,7,1,0.7875,0.8548,,0.7863,,90.0,48.0,137.0
3,A_no_mask_no_pp,False,False,False,False,balanced_acc,val_loss,val_loss,val_bacc,512,B4_D4_K48,0.224123610735003,0.0359181613813014,0.0019536513492969,0.0087056069408365,0.0027077346459944,balanced_bce,4,4,48,256,0.1875,512,512,94.84139828011394,,0.4758,0.785,0.7768,0.5576,0.8498,0.8021,0.7784,0.7592,0.8024,13867,2821,3415,8896,0.2952,0.4845,0.7812,0.7728,0.5498,0.8432,0.7939,0.7745,0.7555,0.7986,3458,714,872,2206,0.0733,0.4732,0.7885,0.7808,0.5651,0.8518,0.8041,0.7823,0.7617,0.8068,4336,879,1038,2810,0.1267,2377.0,2543.0,-166.0,9531.0,10409.0,-878.0,1942.0,2107.0,-165.0,6086.0,6690.0,-604.0,138,187,50,8,4,46,3.6820050208281607,4.0,4.0,36249,3.682665783956747,4.0,4.0,9063,,,,,,,,,,,,,,,,,,,,,,,,,,,,,,,,,,,,,,,,,,,,,,,,,,,,,,,,,,,,,,,,,,,,,,,,,,,,,OpenML_151_electricity,OpenML_151_electricity,151,electricity,45312,8,7,1,,,,,,,,
3,B_mask_no_pp,True,False,True,False,balanced_acc,val_loss,val_loss,val_bacc,512,B4_D4_K48,0.224123610735003,0.0359181613813014,0.0019536513492969,0.0087056069408365,0.0027077346459944,balanced_bce,4,4,48,256,0.1875,512,512,99.3975091315806,,0.4688,0.7776,0.7795,0.5536,0.8553,0.7991,0.7751,0.7148,0.8335,12796,3892,2557,9754,0.4313,0.4738,0.7745,0.7768,0.5481,0.8525,0.793,0.7721,0.71,0.8325,3176,996,639,2439,0.0781,0.4615,0.7816,0.7839,0.5622,0.86,0.8053,0.7793,0.7183,0.8384,4009,1206,773,3075,0.0966,1784.0,1918.0,-134.0,8787.0,9620.0,-833.0,2686.0,2896.0,-210.0,6679.0,7315.0,-636.0,142,195,54,13,9,45,3.794642610830644,4.0,4.0,36249,3.79388723380779,4.0,4.0,9063,,,,,,,,,,,,,,,,,,,,,,,,,,,,,,,,,,,,,,,,,,,,,,,,,,,,,,,,,,,,,,,,,,,,,,,,,,,,,OpenML_151_electricity,OpenML_151_electricity,151,electricity,45312,8,7,1,,,,,,,,
3,C_mask_pp,True,True,True,False,balanced_acc,val_loss,val_loss,val_bacc,512,B4_D4_K48,0.224123610735003,0.0359181613813014,0.0019536513492969,0.0087056069408365,0.0027077346459944,balanced_bce,4,4,48,256,0.1875,512,512,97.70129984617232,,0.4688,0.7776,0.7795,0.5536,0.8553,0.7991,0.7751,0.7148,0.8335,12796,3892,2557,9754,0.427,0.4738,0.7745,0.7768,0.5481,0.8525,0.793,0.7721,0.71,0.8325,3176,996,639,2439,0.0776,0.4615,0.7816,0.7839,0.5622,0.86,0.8053,0.7793,0.7183,0.8384,4009,1206,773,3075,0.0927,1784.0,1918.0,-134.0,8787.0,9620.0,-833.0,2686.0,2896.0,-210.0,6679.0,7315.0,-636.0,142,195,54,13,9,45,3.794642610830644,4.0,4.0,36249,3.79388723380779,4.0,4.0,9063,0.4688,0.7776,0.7795,0.5536,0.8553,0.7991,0.7751,0.7148,0.8335,12796.0,3892.0,2557.0,9754.0,0.4437,0.4738,0.7745,0.7768,0.5481,0.8525,0.793,0.7721,0.71,0.8325,3176.0,996.0,639.0,2439.0,0.1028,0.4615,0.7816,0.7839,0.5622,0.86,0.8053,0.7793,0.7183,0.8384,4009.0,1206.0,773.0,3075.0,0.1393,1784.0,1918.0,-134.0,8787.0,9620.0,-833.0,2686.0,2896.0,-210.0,6679.0,7315.0,-636.0,73.0,112.0,40.0,16.0,21.0,19.0,56.0,73.0,128.0,40.0,16.0,112.0,73.0,72.0,3.362630605697632,3.0,4.0,36249.0,3.3606972694396973,3.0,4.0,9063.0,OpenML_151_electricity,OpenML_151_electricity,151,electricity,45312,8,7,1,0.7839,0.86,,0.7793,,73.0,40.0,112.0
3,D_no_mask_pp,False,True,False,False,balanced_acc,val_loss,val_loss,val_bacc,512,B4_D4_K48,0.224123610735003,0.0359181613813014,0.0019536513492969,0.0087056069408365,0.0027077346459944,balanced_bce,4,4,48,256,0.1875,512,512,92.64580937102436,,0.4758,0.785,0.7768,0.5576,0.8498,0.8021,0.7784,0.7592,0.8024,13867,2821,3415,8896,0.3056,0.4845,0.7812,0.7728,0.5498,0.8432,0.7939,0.7745,0.7555,0.7986,3458,714,872,2206,0.0713,0.4732,0.7885,0.7808,0.5651,0.8518,0.8041,0.7823,0.7617,0.8068,4336,879,1038,2810,0.0929,2377.0,2543.0,-166.0,9531.0,10409.0,-878.0,1942.0,2107.0,-165.0,6086.0,6690.0,-604.0,138,187,50,8,4,46,3.6820050208281607,4.0,4.0,36249,3.682665783956747,4.0,4.0,9063,0.4758,0.785,0.7768,0.5576,0.8498,0.8021,0.7784,0.7592,0.8024,13867.0,2821.0,3415.0,8896.0,0.4393,0.4845,0.7812,0.7728,0.5498,0.8432,0.7939,0.7745,0.7555,0.7986,3458.0,714.0,872.0,2206.0,0.114,0.4732,0.7885,0.7808,0.5651,0.8518,0.8041,0.7823,0.7617,0.8068,4336.0,879.0,1038.0,2810.0,0.1398,2377.0,2543.0,-166.0,9531.0,10409.0,-878.0,1942.0,2107.0,-165.0,6086.0,6690.0,-604.0,60.0,88.0,29.0,9.0,12.0,17.0,38.0,60.0,97.0,29.0,9.0,88.0,60.0,58.0,3.6584181785583496,4.0,4.0,36249.0,3.6591637134552,4.0,4.0,9063.0,OpenML_151_electricity,OpenML_151_electricity,151,electricity,45312,8,7,1,0.7808,0.8518,,0.7823,,60.0,29.0,88.0
4,A_no_mask_no_pp,False,False,False,False,balanced_acc,val_loss,val_loss,val_bacc,512,B3_D4_K36,0.1910213794165013,0.015466827592756,0.0238615805671117,0.0063785958787989,0.0015705423385592,balanced_bce,3,4,36,81,0.4444444444444444,512,512,61.83356416225433,,0.5408,0.7548,0.7439,0.4941,0.8078,0.7338,0.7462,0.7289,0.7714,13610,3078,4034,8277,0.293,0.5353,0.7599,0.7491,0.5046,0.8136,0.7405,0.7514,0.7358,0.7753,3423,749,992,2086,0.0727,0.5396,0.7592,0.7494,0.5039,0.8108,0.7307,0.7513,0.7314,0.7776,4248,967,1215,2633,0.0908,2819.0,3042.0,-223.0,9362.0,10187.0,-825.0,2111.0,2329.0,-218.0,5644.0,6191.0,-547.0,63,95,33,4,4,29,3.898507545035725,4.0,4.0,36249,3.898157343043143,4.0,4.0,9063,,,,,,,,,,,,,,,,,,,,,,,,,,,,,,,,,,,,,,,,,,,,,,,,,,,,,,,,,,,,,,,,,,,,,,,,,,,,,OpenML_151_electricity,OpenML_151_electricity,151,electricity,45312,8,7,1,,,,,,,,
4,B_mask_no_pp,True,False,True,False,balanced_acc,val_loss,val_loss,val_bacc,512,B3_D4_K36,0.1910213794165013,0.015466827592756,0.0238615805671117,0.0063785958787989,0.0015705423385592,balanced_bce,3,4,36,81,0.4444444444444444,512,512,87.31471445783973,,0.4994,0.7696,0.7654,0.5296,0.8337,0.7563,0.7648,0.7248,0.8036,13243,3445,3236,9075,0.3036,0.4983,0.7734,0.7691,0.5372,0.8362,0.7528,0.7686,0.7296,0.8065,3327,845,798,2280,0.0786,0.4871,0.7825,0.7783,0.5557,0.8448,0.773,0.7778,0.7408,0.814,4205,1010,961,2887,0.0964,2275.0,2438.0,-163.0,9038.0,9916.0,-878.0,2435.0,2600.0,-165.0,6188.0,6795.0,-607.0,38,59,22,8,7,15,3.443046704736682,4.0,4.0,36249,3.440582588546839,4.0,4.0,9063,,,,,,,,,,,,,,,,,,,,,,,,,,,,,,,,,,,,,,,,,,,,,,,,,,,,,,,,,,,,,,,,,,,,,,,,,,,,,OpenML_151_electricity,OpenML_151_electricity,151,electricity,45312,8,7,1,,,,,,,,
4,C_mask_pp,True,True,True,False,balanced_acc,val_loss,val_loss,val_bacc,512,B3_D4_K36,0.1910213794165013,0.015466827592756,0.0238615805671117,0.0063785958787989,0.0015705423385592,balanced_bce,3,4,36,81,0.4444444444444444,512,512,86.54489023983479,,0.4994,0.7696,0.7654,0.5296,0.8337,0.7563,0.7648,0.7248,0.8036,13243,3445,3236,9075,0.2948,0.4983,0.7734,0.7691,0.5372,0.8362,0.7528,0.7686,0.7296,0.8065,3327,845,798,2280,0.0756,0.4871,0.7825,0.7783,0.5557,0.8448,0.773,0.7778,0.7408,0.814,4205,1010,961,2887,0.0934,2275.0,2438.0,-163.0,9038.0,9916.0,-878.0,2435.0,2600.0,-165.0,6188.0,6795.0,-607.0,38,59,22,8,7,15,3.443046704736682,4.0,4.0,36249,3.440582588546839,4.0,4.0,9063,0.4994,0.7696,0.7654,0.5296,0.8337,0.7563,0.7648,0.7248,0.8036,13243.0,3445.0,3236.0,9075.0,0.4423,0.4983,0.7734,0.7691,0.5372,0.8362,0.7528,0.7686,0.7296,0.8065,3327.0,845.0,798.0,2280.0,0.1121,0.4871,0.7825,0.7783,0.5557,0.8448,0.773,0.7778,0.7408,0.814,4205.0,1010.0,961.0,2887.0,0.1438,2275.0,2438.0,-163.0,9038.0,9916.0,-878.0,2435.0,2600.0,-165.0,6188.0,6795.0,-607.0,25.0,40.0,16.0,11.0,8.0,8.0,27.0,25.0,51.0,16.0,11.0,40.0,25.0,25.0,3.355292558670044,4.0,4.0,36249.0,3.354077100753784,4.0,4.0,9063.0,OpenML_151_electricity,OpenML_151_electricity,151,electricity,45312,8,7,1,0.7783,0.8448,,0.7778,,25.0,16.0,40.0
4,D_no_mask_pp,False,True,False,False,balanced_acc,val_loss,val_loss,val_bacc,512,B3_D4_K36,0.1910213794165013,0.015466827592756,0.0238615805671117,0.0063785958787989,0.0015705423385592,balanced_bce,3,4,36,81,0.4444444444444444,512,512,62.21529586613178,,0.5408,0.7548,0.7439,0.4941,0.8078,0.7338,0.7462,0.7289,0.7714,13610,3078,4034,8277,0.2833,0.5353,0.7599,0.7491,0.5046,0.8136,0.7405,0.7514,0.7358,0.7753,3423,749,992,2086,0.0752,0.5396,0.7592,0.7494,0.5039,0.8108,0.7307,0.7513,0.7314,0.7776,4248,967,1215,2633,0.0869,2819.0,3042.0,-223.0,9362.0,10187.0,-825.0,2111.0,2329.0,-218.0,5644.0,6191.0,-547.0,63,95,33,4,4,29,3.898507545035725,4.0,4.0,36249,3.898157343043143,4.0,4.0,9063,0.5408,0.7548,0.7439,0.4941,0.8078,0.7338,0.7462,0.7289,0.7714,13610.0,3078.0,4034.0,8277.0,0.4425,0.5353,0.7599,0.7491,0.5046,0.8136,0.7405,0.7514,0.7358,0.7753,3423.0,749.0,992.0,2086.0,0.113,0.5396,0.7592,0.7494,0.5039,0.8108,0.7307,0.7513,0.7314,0.7776,4248.0,967.0,1215.0,2633.0,0.1403,2819.0,3042.0,-223.0,9362.0,10187.0,-825.0,2111.0,2329.0,-218.0,5644.0,6191.0,-547.0,23.0,37.0,15.0,5.0,8.0,7.0,20.0,23.0,42.0,15.0,5.0,37.0,23.0,23.0,3.649645566940308,4.0,4.0,36249.0,3.648791790008545,4.0,4.0,9063.0,OpenML_151_electricity,OpenML_151_electricity,151,electricity,45312,8,7,1,0.7494,0.8108,,0.7513,,23.0,15.0,37.0
0,A_no_mask_no_pp,False,False,False,False,balanced_acc,val_loss,val_loss,val_bacc,512,B4_D4_K24,0.4146658180299709,0.0015403179933409,0.0070044906264889,0.0178322663924794,0.0381642107451738,balanced_bce,4,4,24,256,0.09375,512,512,73.96089963242412,,0.424,0.7605,0.7922,0.5072,0.8698,0.6825,0.7266,0.4997,0.9405,17393,6386,1100,6379,0.323,0.4213,0.7663,0.8008,0.522,0.8758,0.6933,0.7334,0.5069,0.9461,4368,1577,249,1621,0.0784,0.4293,0.758,0.7895,0.5024,0.8669,0.6796,0.724,0.4968,0.9392,5418,2013,351,1987,0.0974,749.0,851.0,-102.0,11975.0,13025.0,-1050.0,4373.0,4809.0,-436.0,4392.0,4758.0,-366.0,90,123,34,5,2,32,3.892022624318584,4.0,4.0,39073,3.89384788617054,4.0,4.0,9769,,,,,,,,,,,,,,,,,,,,,,,,,,,,,,,,,,,,,,,,,,,,,,,,,,,,,,,,,,,,,,,,,,,,,,,,,,,,,OpenML_1590_adult,OpenML_1590_adult,1590,adult,48842,14,7,7,,,,,,,,
0,B_mask_no_pp,True,False,True,False,balanced_acc,val_loss,val_loss,val_bacc,512,B4_D4_K24,0.4146658180299709,0.0015403179933409,0.0070044906264889,0.0178322663924794,0.0381642107451738,balanced_bce,4,4,24,256,0.09375,512,512,107.52829691767693,,0.4385,0.7825,0.8063,0.5369,0.8828,0.6857,0.7469,0.5281,0.9424,18085,5694,1106,6373,0.4522,0.436,0.7863,0.8115,0.546,0.8875,0.6949,0.7514,0.5332,0.9454,4537,1408,262,1608,0.0806,0.441,0.7821,0.805,0.5349,0.8825,0.6891,0.7463,0.5278,0.9412,5655,1776,353,1985,0.1027,753.0,844.0,-91.0,12430.0,13548.0,-1118.0,3918.0,4286.0,-368.0,4388.0,4765.0,-377.0,52,72,21,1,2,19,3.9554423770890383,4.0,4.0,39073,3.954447742860068,4.0,4.0,9769,,,,,,,,,,,,,,,,,,,,,,,,,,,,,,,,,,,,,,,,,,,,,,,,,,,,,,,,,,,,,,,,,,,,,,,,,,,,,OpenML_1590_adult,OpenML_1590_adult,1590,adult,48842,14,7,7,,,,,,,,
0,C_mask_pp,True,True,True,False,balanced_acc,val_loss,val_loss,val_bacc,512,B4_D4_K24,0.4146658180299709,0.0015403179933409,0.0070044906264889,0.0178322663924794,0.0381642107451738,balanced_bce,4,4,24,256,0.09375,512,512,108.61334267631172,,0.4385,0.7825,0.8063,0.5369,0.8828,0.6857,0.7469,0.5281,0.9424,18085,5694,1106,6373,0.4618,0.436,0.7863,0.8115,0.546,0.8875,0.6949,0.7514,0.5332,0.9454,4537,1408,262,1608,0.0788,0.441,0.7821,0.805,0.5349,0.8825,0.6891,0.7463,0.5278,0.9412,5655,1776,353,1985,0.0992,753.0,844.0,-91.0,12430.0,13548.0,-1118.0,3918.0,4286.0,-368.0,4388.0,4765.0,-377.0,52,72,21,1,2,19,3.9554423770890383,4.0,4.0,39073,3.954447742860068,4.0,4.0,9769,0.4385,0.7825,0.8063,0.5369,0.8828,0.6857,0.7469,0.5281,0.9424,18085.0,5694.0,1106.0,6373.0,0.4867,0.436,0.7863,0.8115,0.546,0.8875,0.6949,0.7514,0.5332,0.9454,4537.0,1408.0,262.0,1608.0,0.1163,0.441,0.7821,0.805,0.5349,0.8825,0.6891,0.7463,0.5278,0.9412,5655.0,1776.0,353.0,1985.0,0.153,753.0,844.0,-91.0,12430.0,13548.0,-1118.0,3918.0,4286.0,-368.0,4388.0,4765.0,-377.0,20.0,30.0,11.0,2.0,5.0,6.0,13.0,20.0,32.0,11.0,2.0,30.0,20.0,20.0,3.9108848571777344,4.0,4.0,39073.0,3.908895492553711,4.0,4.0,9769.0,OpenML_1590_adult,OpenML_1590_adult,1590,adult,48842,14,7,7,0.805,0.8825,,0.7463,,20.0,11.0,30.0
0,D_no_mask_pp,False,True,False,False,balanced_acc,val_loss,val_loss,val_bacc,512,B4_D4_K24,0.4146658180299709,0.0015403179933409,0.0070044906264889,0.0178322663924794,0.0381642107451738,balanced_bce,4,4,24,256,0.09375,512,512,73.9296815097332,,0.424,0.7605,0.7922,0.5072,0.8698,0.6825,0.7266,0.4997,0.9405,17393,6386,1100,6379,0.3203,0.4213,0.7663,0.8008,0.522,0.8758,0.6933,0.7334,0.5069,0.9461,4368,1577,249,1621,0.0881,0.4293,0.758,0.7895,0.5024,0.8669,0.6796,0.724,0.4968,0.9392,5418,2013,351,1987,0.0967,749.0,851.0,-102.0,11975.0,13025.0,-1050.0,4373.0,4809.0,-436.0,4392.0,4758.0,-366.0,90,123,34,5,2,32,3.892022624318584,4.0,4.0,39073,3.89384788617054,4.0,4.0,9769,0.424,0.7605,0.7922,0.5072,0.8698,0.6825,0.7266,0.4997,0.9405,17393.0,6386.0,1100.0,6379.0,0.4794,0.4213,0.7663,0.8008,0.522,0.8758,0.6933,0.7334,0.5069,0.9461,4368.0,1577.0,249.0,1621.0,0.116,0.4293,0.758,0.7895,0.5024,0.8669,0.6796,0.724,0.4968,0.9392,5418.0,2013.0,351.0,1987.0,0.1471,749.0,851.0,-102.0,11975.0,13025.0,-1050.0,4373.0,4809.0,-436.0,4392.0,4758.0,-366.0,39.0,60.0,22.0,7.0,13.0,9.0,29.0,39.0,67.0,22.0,7.0,60.0,39.0,38.0,3.494945287704468,4.0,4.0,39073.0,3.499948740005493,4.0,4.0,9769.0,OpenML_1590_adult,OpenML_1590_adult,1590,adult,48842,14,7,7,0.7895,0.8669,,0.724,,39.0,22.0,60.0
1,A_no_mask_no_pp,False,False,False,False,balanced_acc,val_loss,val_loss,val_bacc,512,B4_D4_K24,0.1194054198352657,0.0045835086646886,0.0152167981663648,0.0461267567334043,0.0066690924831666,balanced_bce,4,4,24,256,0.09375,512,512,64.01161519810557,,0.4751,0.755,0.7954,0.5101,0.874,0.6584,0.7236,0.4932,0.9472,17072,6707,951,6528,0.3054,0.4784,0.7509,0.7886,0.4986,0.8735,0.6665,0.7186,0.4883,0.9425,4258,1687,260,1610,0.0789,0.4739,0.7576,0.7982,0.5151,0.8757,0.6632,0.7263,0.4964,0.9486,5353,2078,290,2048,0.1038,661.0,691.0,-30.0,11719.0,12814.0,-1095.0,4629.0,5020.0,-391.0,4480.0,4918.0,-438.0,102,139,38,7,5,33,3.961456760422798,4.0,4.0,39073,3.956597399938581,4.0,4.0,9769,,,,,,,,,,,,,,,,,,,,,,,,,,,,,,,,,,,,,,,,,,,,,,,,,,,,,,,,,,,,,,,,,,,,,,,,,,,,,OpenML_1590_adult,OpenML_1590_adult,1590,adult,48842,14,7,7,,,,,,,,
1,B_mask_no_pp,True,False,True,False,balanced_acc,val_loss,val_loss,val_bacc,512,B4_D4_K24,0.1194054198352657,0.0045835086646886,0.0152167981663648,0.0461267567334043,0.0066690924831666,balanced_bce,4,4,24,256,0.09375,512,512,109.89928701519966,,0.4089,0.7954,0.8021,0.5385,0.887,0.7025,0.7552,0.5488,0.9313,18769,5010,1385,6094,0.3234,0.41,0.7963,0.8034,0.5409,0.8863,0.7096,0.7563,0.55,0.9321,4695,1250,342,1528,0.0802,0.4052,0.7989,0.8086,0.5493,0.89,0.7102,0.7599,0.5534,0.9356,5870,1561,404,1934,0.1018,981.0,1043.0,-62.0,12899.0,14074.0,-1175.0,3449.0,3760.0,-311.0,4160.0,4566.0,-406.0,116,156,41,6,3,38,3.952268830138459,4.0,4.0,39073,3.948612959361245,4.0,4.0,9769,,,,,,,,,,,,,,,,,,,,,,,,,,,,,,,,,,,,,,,,,,,,,,,,,,,,,,,,,,,,,,,,,,,,,,,,,,,,,OpenML_1590_adult,OpenML_1590_adult,1590,adult,48842,14,7,7,,,,,,,,
1,C_mask_pp,True,True,True,False,balanced_acc,val_loss,val_loss,val_bacc,512,B4_D4_K24,0.1194054198352657,0.0045835086646886,0.0152167981663648,0.0461267567334043,0.0066690924831666,balanced_bce,4,4,24,256,0.09375,512,512,108.8703222759068,,0.4089,0.7954,0.8021,0.5385,0.887,0.7025,0.7552,0.5488,0.9313,18769,5010,1385,6094,0.343,0.41,0.7963,0.8034,0.5409,0.8863,0.7096,0.7563,0.55,0.9321,4695,1250,342,1528,0.076,0.4052,0.7989,0.8086,0.5493,0.89,0.7102,0.7599,0.5534,0.9356,5870,1561,404,1934,0.0945,981.0,1043.0,-62.0,12899.0,14074.0,-1175.0,3449.0,3760.0,-311.0,4160.0,4566.0,-406.0,116,156,41,6,3,38,3.952268830138459,4.0,4.0,39073,3.948612959361245,4.0,4.0,9769,0.4089,0.7954,0.8021,0.5385,0.887,0.7025,0.7552,0.5488,0.9313,18769.0,5010.0,1385.0,6094.0,0.537,0.41,0.7963,0.8034,0.5409,0.8863,0.7096,0.7563,0.55,0.9321,4695.0,1250.0,342.0,1528.0,0.1252,0.4052,0.7989,0.8086,0.5493,0.89,0.7102,0.7599,0.5534,0.9356,5870.0,1561.0,404.0,1934.0,0.1543,981.0,1043.0,-62.0,12899.0,14074.0,-1175.0,3449.0,3760.0,-311.0,4160.0,4566.0,-406.0,37.0,53.0,17.0,6.0,5.0,12.0,23.0,37.0,59.0,17.0,6.0,53.0,37.0,36.0,3.9173343181610103,4.0,4.0,39073.0,3.9157538414001465,4.0,4.0,9769.0,OpenML_1590_adult,OpenML_1590_adult,1590,adult,48842,14,7,7,0.8086,0.89,,0.7599,,37.0,17.0,53.0
1,D_no_mask_pp,False,True,False,False,balanced_acc,val_loss,val_loss,val_bacc,512,B4_D4_K24,0.1194054198352657,0.0045835086646886,0.0152167981663648,0.0461267567334043,0.0066690924831666,balanced_bce,4,4,24,256,0.09375,512,512,64.76467542722821,,0.4751,0.755,0.7954,0.5101,0.874,0.6584,0.7236,0.4932,0.9472,17072,6707,951,6528,0.3128,0.4784,0.7509,0.7886,0.4986,0.8735,0.6665,0.7186,0.4883,0.9425,4258,1687,260,1610,0.0793,0.4739,0.7576,0.7982,0.5151,0.8757,0.6632,0.7263,0.4964,0.9486,5353,2078,290,2048,0.098,661.0,691.0,-30.0,11719.0,12814.0,-1095.0,4629.0,5020.0,-391.0,4480.0,4918.0,-438.0,102,139,38,7,5,33,3.961456760422798,4.0,4.0,39073,3.956597399938581,4.0,4.0,9769,0.4751,0.755,0.7954,0.5101,0.874,0.6584,0.7236,0.4932,0.9472,17072.0,6707.0,951.0,6528.0,0.4614,0.4784,0.7509,0.7886,0.4986,0.8735,0.6665,0.7186,0.4883,0.9425,4258.0,1687.0,260.0,1610.0,0.123,0.4739,0.7576,0.7982,0.5151,0.8757,0.6632,0.7263,0.4964,0.9486,5353.0,2078.0,290.0,2048.0,0.149,661.0,691.0,-30.0,11719.0,12814.0,-1095.0,4629.0,5020.0,-391.0,4480.0,4918.0,-438.0,34.0,51.0,18.0,4.0,8.0,10.0,22.0,34.0,55.0,18.0,4.0,51.0,34.0,32.0,3.952857494354248,4.0,4.0,39073.0,3.948817729949951,4.0,4.0,9769.0,OpenML_1590_adult,OpenML_1590_adult,1590,adult,48842,14,7,7,0.7982,0.8757,,0.7263,,34.0,18.0,51.0
2,A_no_mask_no_pp,False,False,False,False,balanced_acc,val_loss,val_loss,val_bacc,512,B4_D3_K24,0.2410827163218082,0.0155878769197308,0.0053599673402919,0.0081307602957797,0.0034084862651316,balanced_bce,4,3,24,64,0.375,512,512,73.19250379130244,,0.458,0.7793,0.798,0.5236,0.844,0.592,0.7419,0.5243,0.9358,18122,5657,1243,6236,0.3089,0.4519,0.7844,0.8053,0.5365,0.8497,0.595,0.748,0.5311,0.9403,4549,1396,289,1581,0.0809,0.4414,0.7905,0.8096,0.5457,0.8572,0.6169,0.7539,0.5397,0.9412,5743,1688,359,1979,0.0975,884.0,954.0,-70.0,12379.0,13573.0,-1194.0,3969.0,4261.0,-292.0,4257.0,4655.0,-398.0,34,47,14,4,3,11,2.985386328154992,3.0,3.0,39073,2.984850035827618,3.0,3.0,9769,,,,,,,,,,,,,,,,,,,,,,,,,,,,,,,,,,,,,,,,,,,,,,,,,,,,,,,,,,,,,,,,,,,,,,,,,,,,,OpenML_1590_adult,OpenML_1590_adult,1590,adult,48842,14,7,7,,,,,,,,
2,B_mask_no_pp,True,False,True,False,balanced_acc,val_loss,val_loss,val_bacc,512,B4_D3_K24,0.2410827163218082,0.0155878769197308,0.0053599673402919,0.0081307602957797,0.0034084862651316,balanced_bce,4,3,24,64,0.375,512,512,108.01252721622586,,0.4541,0.7564,0.7953,0.5105,0.865,0.6313,0.7246,0.4949,0.9463,17139,6640,973,6506,0.3167,0.4434,0.762,0.8032,0.5241,0.8736,0.648,0.7309,0.5015,0.9514,4305,1640,220,1650,0.0802,0.4381,0.7671,0.806,0.53,0.8771,0.6528,0.7355,0.5078,0.9512,5435,1996,279,2059,0.1031,694.0,753.0,-59.0,11704.0,12834.0,-1130.0,4644.0,5000.0,-356.0,4447.0,4856.0,-409.0,49,65,17,3,0,17,2.9853607350344227,3.0,3.0,39073,2.9844405773364726,3.0,3.0,9769,,,,,,,,,,,,,,,,,,,,,,,,,,,,,,,,,,,,,,,,,,,,,,,,,,,,,,,,,,,,,,,,,,,,,,,,,,,,,OpenML_1590_adult,OpenML_1590_adult,1590,adult,48842,14,7,7,,,,,,,,
2,C_mask_pp,True,True,True,False,balanced_acc,val_loss,val_loss,val_bacc,512,B4_D3_K24,0.2410827163218082,0.0155878769197308,0.0053599673402919,0.0081307602957797,0.0034084862651316,balanced_bce,4,3,24,64,0.375,512,512,106.61484681814908,,0.4541,0.7564,0.7953,0.5105,0.865,0.6313,0.7246,0.4949,0.9463,17139,6640,973,6506,0.3658,0.4434,0.762,0.8032,0.5241,0.8736,0.648,0.7309,0.5015,0.9514,4305,1640,220,1650,0.0767,0.4381,0.7671,0.806,0.53,0.8771,0.6528,0.7355,0.5078,0.9512,5435,1996,279,2059,0.1009,694.0,753.0,-59.0,11704.0,12834.0,-1130.0,4644.0,5000.0,-356.0,4447.0,4856.0,-409.0,49,65,17,3,0,17,2.9853607350344227,3.0,3.0,39073,2.9844405773364726,3.0,3.0,9769,0.4541,0.7564,0.7953,0.5105,0.865,0.6313,0.7246,0.4949,0.9463,17139.0,6640.0,973.0,6506.0,0.4573,0.4434,0.762,0.8032,0.5241,0.8736,0.648,0.7309,0.5015,0.9514,4305.0,1640.0,220.0,1650.0,0.1125,0.4381,0.7671,0.806,0.53,0.8771,0.6528,0.7355,0.5078,0.9512,5435.0,1996.0,279.0,2059.0,0.144,694.0,753.0,-59.0,11704.0,12834.0,-1130.0,4644.0,5000.0,-356.0,4447.0,4856.0,-409.0,15.0,21.0,7.0,3.0,2.0,5.0,10.0,15.0,24.0,7.0,3.0,21.0,15.0,14.0,2.8529162406921387,3.0,3.0,39073.0,2.851469039916992,3.0,3.0,9769.0,OpenML_1590_adult,OpenML_1590_adult,1590,adult,48842,14,7,7,0.806,0.8771,,0.7355,,15.0,7.0,21.0
2,D_no_mask_pp,False,True,False,False,balanced_acc,val_loss,val_loss,val_bacc,512,B4_D3_K24,0.2410827163218082,0.0155878769197308,0.0053599673402919,0.0081307602957797,0.0034084862651316,balanced_bce,4,3,24,64,0.375,512,512,73.76636491715908,,0.458,0.7793,0.798,0.5236,0.844,0.592,0.7419,0.5243,0.9358,18122,5657,1243,6236,0.313,0.4519,0.7844,0.8053,0.5365,0.8497,0.595,0.748,0.5311,0.9403,4549,1396,289,1581,0.093,0.4414,0.7905,0.8096,0.5457,0.8572,0.6169,0.7539,0.5397,0.9412,5743,1688,359,1979,0.0985,884.0,954.0,-70.0,12379.0,13573.0,-1194.0,3969.0,4261.0,-292.0,4257.0,4655.0,-398.0,34,47,14,4,3,11,2.985386328154992,3.0,3.0,39073,2.984850035827618,3.0,3.0,9769,0.458,0.7793,0.798,0.5236,0.844,0.592,0.7419,0.5243,0.9358,18122.0,5657.0,1243.0,6236.0,0.4953,0.4519,0.7844,0.8053,0.5365,0.8497,0.595,0.748,0.5311,0.9403,4549.0,1396.0,289.0,1581.0,0.1145,0.4414,0.7905,0.8096,0.5457,0.8572,0.6169,0.7539,0.5397,0.9412,5743.0,1688.0,359.0,1979.0,0.1385,884.0,954.0,-70.0,12379.0,13573.0,-1194.0,3969.0,4261.0,-292.0,4257.0,4655.0,-398.0,15.0,21.0,7.0,3.0,3.0,4.0,10.0,15.0,24.0,7.0,3.0,21.0,15.0,15.0,2.3509328365325928,2.0,3.0,39073.0,2.349165678024292,2.0,3.0,9769.0,OpenML_1590_adult,OpenML_1590_adult,1590,adult,48842,14,7,7,0.8096,0.8572,,0.7539,,15.0,7.0,21.0
3,A_no_mask_no_pp,False,False,False,False,balanced_acc,val_loss,val_loss,val_bacc,512,B4_D4_K24,0.2818820178238866,0.0065111361607179,0.0135518017643335,0.0656441727137916,0.0036887795119078,balanced_bce,4,4,24,256,0.09375,512,512,57.300369288772345,,0.4561,0.7775,0.8031,0.53,0.8787,0.6802,0.7423,0.5214,0.942,17927,5852,1104,6375,0.3263,0.4487,0.7817,0.8058,0.5357,0.8809,0.6906,0.7462,0.5271,0.9422,4516,1429,277,1593,0.0772,0.456,0.7791,0.8064,0.5355,0.8789,0.6866,0.7445,0.5235,0.9444,5603,1828,330,2008,0.0978,774.0,827.0,-53.0,12324.0,13411.0,-1087.0,4024.0,4423.0,-399.0,4367.0,4782.0,-415.0,131,178,48,11,4,44,3.900826657794385,4.0,4.0,39073,3.892517146074317,4.0,4.0,9769,,,,,,,,,,,,,,,,,,,,,,,,,,,,,,,,,,,,,,,,,,,,,,,,,,,,,,,,,,,,,,,,,,,,,,,,,,,,,OpenML_1590_adult,OpenML_1590_adult,1590,adult,48842,14,7,7,,,,,,,,
3,B_mask_no_pp,True,False,True,False,balanced_acc,val_loss,val_loss,val_bacc,512,B4_D4_K24,0.2818820178238866,0.0065111361607179,0.0135518017643335,0.0656441727137916,0.0036887795119078,balanced_bce,4,4,24,256,0.09375,512,512,93.68882187828422,,0.4137,0.7576,0.798,0.5148,0.8799,0.6809,0.7262,0.4963,0.9484,17135,6644,932,6547,0.4658,0.4052,0.7656,0.8062,0.5296,0.8842,0.6875,0.7344,0.5058,0.9523,4330,1615,217,1653,0.0804,0.4163,0.7579,0.7994,0.5171,0.8766,0.6798,0.7269,0.4967,0.9498,5349,2082,283,2055,0.1008,649.0,715.0,-66.0,11786.0,12805.0,-1019.0,4562.0,5029.0,-467.0,4492.0,4894.0,-402.0,139,190,52,9,5,47,3.957361861131728,4.0,4.0,39073,3.9555737537107176,4.0,4.0,9769,,,,,,,,,,,,,,,,,,,,,,,,,,,,,,,,,,,,,,,,,,,,,,,,,,,,,,,,,,,,,,,,,,,,,,,,,,,,,OpenML_1590_adult,OpenML_1590_adult,1590,adult,48842,14,7,7,,,,,,,,
3,C_mask_pp,True,True,True,False,balanced_acc,val_loss,val_loss,val_bacc,512,B4_D4_K24,0.2818820178238866,0.0065111361607179,0.0135518017643335,0.0656441727137916,0.0036887795119078,balanced_bce,4,4,24,256,0.09375,512,512,94.40795382484794,,0.4137,0.7576,0.798,0.5148,0.8799,0.6809,0.7262,0.4963,0.9484,17135,6644,932,6547,0.4902,0.4052,0.7656,0.8062,0.5296,0.8842,0.6875,0.7344,0.5058,0.9523,4330,1615,217,1653,0.0797,0.4163,0.7579,0.7994,0.5171,0.8766,0.6798,0.7269,0.4967,0.9498,5349,2082,283,2055,0.0981,649.0,715.0,-66.0,11786.0,12805.0,-1019.0,4562.0,5029.0,-467.0,4492.0,4894.0,-402.0,139,190,52,9,5,47,3.957361861131728,4.0,4.0,39073,3.9555737537107176,4.0,4.0,9769,0.4137,0.7576,0.798,0.5148,0.8799,0.6809,0.7262,0.4963,0.9484,17135.0,6644.0,932.0,6547.0,0.4846,0.4052,0.7656,0.8062,0.5296,0.8842,0.6875,0.7344,0.5058,0.9523,4330.0,1615.0,217.0,1653.0,0.1221,0.4163,0.7579,0.7994,0.5171,0.8766,0.6798,0.7269,0.4967,0.9498,5349.0,2082.0,283.0,2055.0,0.1487,649.0,715.0,-66.0,11786.0,12805.0,-1019.0,4562.0,5029.0,-467.0,4492.0,4894.0,-402.0,30.0,45.0,16.0,7.0,8.0,8.0,23.0,30.0,52.0,16.0,7.0,45.0,30.0,28.0,3.5269112586975098,4.0,4.0,39073.0,3.518988609313965,4.0,4.0,9769.0,OpenML_1590_adult,OpenML_1590_adult,1590,adult,48842,14,7,7,0.7994,0.8766,,0.7269,,30.0,16.0,45.0
3,D_no_mask_pp,False,True,False,False,balanced_acc,val_loss,val_loss,val_bacc,512,B4_D4_K24,0.2818820178238866,0.0065111361607179,0.0135518017643335,0.0656441727137916,0.0036887795119078,balanced_bce,4,4,24,256,0.09375,512,512,56.20045577734709,,0.4561,0.7775,0.8031,0.53,0.8787,0.6802,0.7423,0.5214,0.942,17927,5852,1104,6375,0.3191,0.4487,0.7817,0.8058,0.5357,0.8809,0.6906,0.7462,0.5271,0.9422,4516,1429,277,1593,0.0789,0.456,0.7791,0.8064,0.5355,0.8789,0.6866,0.7445,0.5235,0.9444,5603,1828,330,2008,0.0973,774.0,827.0,-53.0,12324.0,13411.0,-1087.0,4024.0,4423.0,-399.0,4367.0,4782.0,-415.0,131,178,48,11,4,44,3.900826657794385,4.0,4.0,39073,3.892517146074317,4.0,4.0,9769,0.4561,0.7775,0.8031,0.53,0.8787,0.6802,0.7423,0.5214,0.942,17927.0,5852.0,1104.0,6375.0,0.462,0.4487,0.7817,0.8058,0.5357,0.8809,0.6906,0.7462,0.5271,0.9422,4516.0,1429.0,277.0,1593.0,0.119,0.456,0.7791,0.8064,0.5355,0.8789,0.6866,0.7445,0.5235,0.9444,5603.0,1828.0,330.0,2008.0,0.1461,774.0,827.0,-53.0,12324.0,13411.0,-1087.0,4024.0,4423.0,-399.0,4367.0,4782.0,-415.0,39.0,57.0,19.0,13.0,8.0,11.0,32.0,39.0,70.0,19.0,13.0,57.0,39.0,35.0,3.715686082839966,4.0,4.0,39073.0,3.708158493041992,4.0,4.0,9769.0,OpenML_1590_adult,OpenML_1590_adult,1590,adult,48842,14,7,7,0.8064,0.8789,,0.7445,,39.0,19.0,57.0
4,A_no_mask_no_pp,False,False,False,False,balanced_acc,val_loss,val_loss,val_bacc,512,B3_D4_K36,0.1570186186612217,0.0095276936842011,0.0064681661431101,0.0017011669347344,0.012827523360754,balanced_bce,3,4,36,81,0.4444444444444444,512,512,115.15258805081248,,0.472,0.7961,0.8023,0.5393,0.863,0.6356,0.7557,0.5498,0.9312,18793,4986,1389,6090,0.3033,0.4804,0.7925,0.7972,0.5303,0.8571,0.628,0.7514,0.5448,0.9283,4685,1260,362,1508,0.0751,0.4698,0.7959,0.8028,0.5399,0.8657,0.6405,0.7558,0.5495,0.9317,5867,1564,430,1908,0.0956,959.0,1027.0,-68.0,12926.0,14108.0,-1182.0,3422.0,3726.0,-304.0,4182.0,4582.0,-400.0,34,51,18,11,3,15,3.602897141248433,4.0,4.0,39073,3.604872556044631,4.0,4.0,9769,,,,,,,,,,,,,,,,,,,,,,,,,,,,,,,,,,,,,,,,,,,,,,,,,,,,,,,,,,,,,,,,,,,,,,,,,,,,,OpenML_1590_adult,OpenML_1590_adult,1590,adult,48842,14,7,7,,,,,,,,
4,B_mask_no_pp,True,False,True,False,balanced_acc,val_loss,val_loss,val_bacc,512,B3_D4_K36,0.1570186186612217,0.0095276936842011,0.0064681661431101,0.0017011669347344,0.012827523360754,balanced_bce,3,4,36,81,0.4444444444444444,512,512,112.70845441147684,,0.5011,0.7715,0.7989,0.5213,0.8485,0.5977,0.7366,0.5136,0.941,17749,6030,1112,6367,0.3267,0.5064,0.7662,0.7919,0.5091,0.8457,0.603,0.7306,0.5069,0.937,4415,1530,297,1573,0.0779,0.4981,0.7746,0.8046,0.5309,0.8542,0.6095,0.7406,0.5175,0.9452,5551,1880,322,2016,0.1002,790.0,815.0,-25.0,12198.0,13334.0,-1136.0,4150.0,4500.0,-350.0,4351.0,4794.0,-443.0,61,91,31,8,2,29,3.96329946510378,4.0,4.0,39073,3.961920360323472,4.0,4.0,9769,,,,,,,,,,,,,,,,,,,,,,,,,,,,,,,,,,,,,,,,,,,,,,,,,,,,,,,,,,,,,,,,,,,,,,,,,,,,,OpenML_1590_adult,OpenML_1590_adult,1590,adult,48842,14,7,7,,,,,,,,
4,C_mask_pp,True,True,True,False,balanced_acc,val_loss,val_loss,val_bacc,512,B3_D4_K36,0.1570186186612217,0.0095276936842011,0.0064681661431101,0.0017011669347344,0.012827523360754,balanced_bce,3,4,36,81,0.4444444444444444,512,512,111.46811776608229,,0.5011,0.7715,0.7989,0.5213,0.8485,0.5977,0.7366,0.5136,0.941,17749,6030,1112,6367,0.3214,0.5064,0.7662,0.7919,0.5091,0.8457,0.603,0.7306,0.5069,0.937,4415,1530,297,1573,0.0786,0.4981,0.7746,0.8046,0.5309,0.8542,0.6095,0.7406,0.5175,0.9452,5551,1880,322,2016,0.0982,790.0,815.0,-25.0,12198.0,13334.0,-1136.0,4150.0,4500.0,-350.0,4351.0,4794.0,-443.0,61,91,31,8,2,29,3.96329946510378,4.0,4.0,39073,3.961920360323472,4.0,4.0,9769,0.5011,0.7715,0.7989,0.5213,0.8485,0.5977,0.7366,0.5136,0.941,17749.0,6030.0,1112.0,6367.0,0.4848,0.5064,0.7662,0.7919,0.5091,0.8457,0.603,0.7306,0.5069,0.937,4415.0,1530.0,297.0,1573.0,0.1194,0.4981,0.7746,0.8046,0.5309,0.8542,0.6095,0.7406,0.5175,0.9452,5551.0,1880.0,322.0,2016.0,0.1497,790.0,815.0,-25.0,12198.0,13334.0,-1136.0,4150.0,4500.0,-350.0,4351.0,4794.0,-443.0,15.0,24.0,10.0,3.0,6.0,4.0,13.0,15.0,27.0,10.0,3.0,24.0,15.0,14.0,2.963299512863159,3.0,3.0,39073.0,2.9619202613830566,3.0,3.0,9769.0,OpenML_1590_adult,OpenML_1590_adult,1590,adult,48842,14,7,7,0.8046,0.8542,,0.7406,,15.0,10.0,24.0
4,D_no_mask_pp,False,True,False,False,balanced_acc,val_loss,val_loss,val_bacc,512,B3_D4_K36,0.1570186186612217,0.0095276936842011,0.0064681661431101,0.0017011669347344,0.012827523360754,balanced_bce,3,4,36,81,0.4444444444444444,512,512,113.9381085447967,,0.472,0.7961,0.8023,0.5393,0.863,0.6356,0.7557,0.5498,0.9312,18793,4986,1389,6090,0.3494,0.4804,0.7925,0.7972,0.5303,0.8571,0.628,0.7514,0.5448,0.9283,4685,1260,362,1508,0.0765,0.4698,0.7959,0.8028,0.5399,0.8657,0.6405,0.7558,0.5495,0.9317,5867,1564,430,1908,0.0972,959.0,1027.0,-68.0,12926.0,14108.0,-1182.0,3422.0,3726.0,-304.0,4182.0,4582.0,-400.0,34,51,18,11,3,15,3.602897141248433,4.0,4.0,39073,3.604872556044631,4.0,4.0,9769,0.472,0.7961,0.8023,0.5393,0.863,0.6356,0.7557,0.5498,0.9312,18793.0,4986.0,1389.0,6090.0,0.4653,0.4804,0.7925,0.7972,0.5303,0.8571,0.628,0.7514,0.5448,0.9283,4685.0,1260.0,362.0,1508.0,0.1182,0.4698,0.7959,0.8028,0.5399,0.8657,0.6405,0.7558,0.5495,0.9317,5867.0,1564.0,430.0,1908.0,0.1542,959.0,1027.0,-68.0,12926.0,14108.0,-1182.0,3422.0,3726.0,-304.0,4182.0,4582.0,-400.0,18.0,27.0,10.0,9.0,3.0,7.0,19.0,18.0,36.0,10.0,9.0,27.0,18.0,17.0,3.0857882499694824,3.0,4.0,39073.0,3.088033676147461,3.0,4.0,9769.0,OpenML_1590_adult,OpenML_1590_adult,1590,adult,48842,14,7,7,0.8028,0.8657,,0.7558,,18.0,10.0,27.0
0,A_no_mask_no_pp,False,False,False,False,balanced_acc,val_loss,val_loss,val_bacc,1024,B4_D2_K12,0.0839766495885917,0.004377996238262,0.0050393258640925,0.0499346416049158,0.0010201719831764,balanced_bce,4,2,12,16,0.75,512,1024,324.75707740336657,,0.1684,0.9638,0.9328,0.1891,0.9722,0.1865,0.5304,0.0415,0.9998,175397,6564,31,284,2.0924,0.1713,0.9637,0.9313,0.1885,0.9612,0.1708,0.5303,0.0414,0.9998,43845,1645,8,71,0.4589,0.1707,0.9634,0.9206,0.1826,0.9572,0.1845,0.5288,0.0399,0.9998,54792,2072,12,86,0.5529,19.0,23.0,-4.0,120605.0,131552.0,-10947.0,4492.0,4919.0,-427.0,198.0,213.0,-15.0,16,20,5,0,0,5,2.0,2.0,2.0,227845,2.0,2.0,2.0,56962,,,,,,,,,,,,,,,,,,,,,,,,,,,,,,,,,,,,,,,,,,,,,,,,,,,,,,,,,,,,,,,,,,,,,,,,,,,,,OpenML_1597_creditcard,OpenML_1597_creditcard,1597,creditcard,284807,29,29,0,,,,,,,,
0,B_mask_no_pp,True,False,True,False,balanced_acc,val_loss,val_loss,val_bacc,1024,B4_D2_K12,0.0839766495885917,0.004377996238262,0.0050393258640925,0.0499346416049158,0.0010201719831764,balanced_bce,4,2,12,16,0.75,512,1024,334.62330524995923,,0.1496,0.9791,0.9293,0.2418,0.969,0.4673,0.5581,0.0683,0.9998,178182,3779,38,277,1.9519,0.1512,0.978,0.9258,0.2349,0.954,0.443,0.555,0.065,0.9998,44498,992,10,69,0.4461,0.152,0.9777,0.9175,0.2282,0.9259,0.3989,0.5527,0.0626,0.9997,55607,1257,14,84,0.7042,24.0,28.0,-4.0,122575.0,133684.0,-11109.0,2522.0,2787.0,-265.0,193.0,208.0,-15.0,16,20,5,0,0,5,2.0,2.0,2.0,227845,2.0,2.0,2.0,56962,,,,,,,,,,,,,,,,,,,,,,,,,,,,,,,,,,,,,,,,,,,,,,,,,,,,,,,,,,,,,,,,,,,,,,,,,,,,,OpenML_1597_creditcard,OpenML_1597_creditcard,1597,creditcard,284807,29,29,0,,,,,,,,
0,C_mask_pp,True,True,True,False,balanced_acc,val_loss,val_loss,val_bacc,1024,B4_D2_K12,0.0839766495885917,0.004377996238262,0.0050393258640925,0.0499346416049158,0.0010201719831764,balanced_bce,4,2,12,16,0.75,512,1024,334.5219337157905,,0.1496,0.9791,0.9293,0.2418,0.969,0.4673,0.5581,0.0683,0.9998,178182,3779,38,277,1.9823,0.1512,0.978,0.9258,0.2349,0.954,0.443,0.555,0.065,0.9998,44498,992,10,69,0.4587,0.152,0.9777,0.9175,0.2282,0.9259,0.3989,0.5527,0.0626,0.9997,55607,1257,14,84,0.6985,24.0,28.0,-4.0,122575.0,133684.0,-11109.0,2522.0,2787.0,-265.0,193.0,208.0,-15.0,16,20,5,0,0,5,2.0,2.0,2.0,227845,2.0,2.0,2.0,56962,0.1496,0.9791,0.9293,0.2418,0.969,0.4673,0.5581,0.0683,0.9998,178182.0,3779.0,38.0,277.0,2.5458,0.1512,0.978,0.9258,0.2349,0.954,0.443,0.555,0.065,0.9998,44498.0,992.0,10.0,69.0,0.5949,0.152,0.9777,0.9175,0.2282,0.9259,0.3989,0.5527,0.0626,0.9997,55607.0,1257.0,14.0,84.0,0.7452,24.0,28.0,-4.0,122575.0,133684.0,-11109.0,2522.0,2787.0,-265.0,193.0,208.0,-15.0,16.0,20.0,5.0,0.0,0.0,5.0,5.0,16.0,20.0,5.0,0.0,20.0,16.0,16.0,2.0,2.0,2.0,227845.0,2.0,2.0,2.0,56962.0,OpenML_1597_creditcard,OpenML_1597_creditcard,1597,creditcard,284807,29,29,0,0.9175,0.9259,,0.5527,,16.0,5.0,20.0
0,D_no_mask_pp,False,True,False,False,balanced_acc,val_loss,val_loss,val_bacc,1024,B4_D2_K12,0.0839766495885917,0.004377996238262,0.0050393258640925,0.0499346416049158,0.0010201719831764,balanced_bce,4,2,12,16,0.75,512,1024,326.24348950758576,,0.1684,0.9638,0.9328,0.1891,0.9722,0.1865,0.5304,0.0415,0.9998,175397,6564,31,284,1.9125,0.1713,0.9637,0.9313,0.1885,0.9612,0.1708,0.5303,0.0414,0.9998,43845,1645,8,71,0.4559,0.1707,0.9634,0.9206,0.1826,0.9572,0.1845,0.5288,0.0399,0.9998,54792,2072,12,86,0.6644,19.0,23.0,-4.0,120605.0,131552.0,-10947.0,4492.0,4919.0,-427.0,198.0,213.0,-15.0,16,20,5,0,0,5,2.0,2.0,2.0,227845,2.0,2.0,2.0,56962,0.1684,0.9638,0.9328,0.1891,0.9722,0.1865,0.5304,0.0415,0.9998,175397.0,6564.0,31.0,284.0,2.5211,0.1713,0.9637,0.9313,0.1885,0.9612,0.1708,0.5303,0.0414,0.9998,43845.0,1645.0,8.0,71.0,0.5983,0.1707,0.9634,0.9206,0.1826,0.9572,0.1845,0.5288,0.0399,0.9998,54792.0,2072.0,12.0,86.0,0.7486,19.0,23.0,-4.0,120605.0,131552.0,-10947.0,4492.0,4919.0,-427.0,198.0,213.0,-15.0,16.0,20.0,5.0,0.0,0.0,5.0,5.0,16.0,20.0,5.0,0.0,20.0,16.0,16.0,2.0,2.0,2.0,227845.0,2.0,2.0,2.0,56962.0,OpenML_1597_creditcard,OpenML_1597_creditcard,1597,creditcard,284807,29,29,0,0.9206,0.9572,,0.5288,,16.0,5.0,20.0
1,A_no_mask_no_pp,False,False,False,False,balanced_acc,val_loss,val_loss,val_bacc,1024,B4_D3_K24,0.0902328128664323,0.0031842160172711,0.0284818574592742,0.0117565704290085,0.001645229708118,balanced_bce,4,3,24,64,0.375,512,1024,328.50561363995075,,0.1407,0.9905,0.9366,0.3499,0.9603,0.5745,0.6187,0.1404,0.9998,180259,1702,37,278,1.9057,0.1423,0.9899,0.9191,0.3292,0.9277,0.636,0.6099,0.1296,0.9997,45040,450,12,67,0.5238,0.1427,0.9898,0.8879,0.3058,0.9006,0.5131,0.6022,0.1209,0.9996,56304,560,21,77,0.5648,16.0,25.0,-9.0,123955.0,135219.0,-11264.0,1142.0,1252.0,-110.0,201.0,211.0,-10.0,35,49,15,1,3,12,2.488279312690645,2.0,3.0,227845,2.488711772760788,2.0,3.0,56962,,,,,,,,,,,,,,,,,,,,,,,,,,,,,,,,,,,,,,,,,,,,,,,,,,,,,,,,,,,,,,,,,,,,,,,,,,,,,OpenML_1597_creditcard,OpenML_1597_creditcard,1597,creditcard,284807,29,29,0,,,,,,,,
1,B_mask_no_pp,True,False,True,False,balanced_acc,val_loss,val_loss,val_bacc,1024,B4_D3_K24,0.0902328128664323,0.0031842160172711,0.0284818574592742,0.0117565704290085,0.001645229708118,balanced_bce,4,3,24,64,0.375,512,1024,355.48687528818846,,0.1464,0.9645,0.9299,0.1896,0.952,0.5867,0.5311,0.042,0.9998,175530,6431,33,282,1.9886,0.143,0.9662,0.9199,0.19,0.9503,0.6387,0.5326,0.0432,0.9998,43962,1528,10,69,0.4607,0.146,0.9648,0.906,0.1797,0.9306,0.5213,0.5293,0.0401,0.9997,54875,1989,15,83,0.5741,18.0,23.0,-5.0,120655.0,131568.0,-10913.0,4442.0,4903.0,-461.0,199.0,213.0,-14.0,33,46,14,0,2,12,3.0,3.0,3.0,227845,3.0,3.0,3.0,56962,,,,,,,,,,,,,,,,,,,,,,,,,,,,,,,,,,,,,,,,,,,,,,,,,,,,,,,,,,,,,,,,,,,,,,,,,,,,,OpenML_1597_creditcard,OpenML_1597_creditcard,1597,creditcard,284807,29,29,0,,,,,,,,
1,C_mask_pp,True,True,True,False,balanced_acc,val_loss,val_loss,val_bacc,1024,B4_D3_K24,0.0902328128664323,0.0031842160172711,0.0284818574592742,0.0117565704290085,0.001645229708118,balanced_bce,4,3,24,64,0.375,512,1024,354.5425951592624,,0.1464,0.9645,0.9299,0.1896,0.952,0.5867,0.5311,0.042,0.9998,175530,6431,33,282,2.0921,0.143,0.9662,0.9199,0.19,0.9503,0.6387,0.5326,0.0432,0.9998,43962,1528,10,69,0.4739,0.146,0.9648,0.906,0.1797,0.9306,0.5213,0.5293,0.0401,0.9997,54875,1989,15,83,0.5924,18.0,23.0,-5.0,120655.0,131568.0,-10913.0,4442.0,4903.0,-461.0,199.0,213.0,-14.0,33,46,14,0,2,12,3.0,3.0,3.0,227845,3.0,3.0,3.0,56962,0.1464,0.9645,0.9299,0.1896,0.952,0.5867,0.5311,0.042,0.9998,175530.0,6431.0,33.0,282.0,2.5864,0.143,0.9662,0.9199,0.19,0.9503,0.6387,0.5326,0.0432,0.9998,43962.0,1528.0,10.0,69.0,0.7656,0.146,0.9648,0.906,0.1797,0.9306,0.5213,0.5293,0.0401,0.9997,54875.0,1989.0,15.0,83.0,0.9728,18.0,23.0,-5.0,120655.0,131568.0,-10913.0,4442.0,4903.0,-461.0,199.0,213.0,-14.0,22.0,31.0,10.0,4.0,2.0,8.0,14.0,22.0,35.0,10.0,4.0,31.0,22.0,19.0,2.242204189300537,2.0,3.0,227845.0,2.2423019409179688,2.0,3.0,56962.0,OpenML_1597_creditcard,OpenML_1597_creditcard,1597,creditcard,284807,29,29,0,0.906,0.9306,,0.5293,,22.0,10.0,31.0
1,D_no_mask_pp,False,True,False,False,balanced_acc,val_loss,val_loss,val_bacc,1024,B4_D3_K24,0.0902328128664323,0.0031842160172711,0.0284818574592742,0.0117565704290085,0.001645229708118,balanced_bce,4,3,24,64,0.375,512,1024,327.4933066405356,,0.1407,0.9905,0.9366,0.3499,0.9603,0.5745,0.6187,0.1404,0.9998,180259,1702,37,278,1.95,0.1423,0.9899,0.9191,0.3292,0.9277,0.636,0.6099,0.1296,0.9997,45040,450,12,67,0.4468,0.1427,0.9898,0.8879,0.3058,0.9006,0.5131,0.6022,0.1209,0.9996,56304,560,21,77,0.5644,16.0,25.0,-9.0,123955.0,135219.0,-11264.0,1142.0,1252.0,-110.0,201.0,211.0,-10.0,35,49,15,1,3,12,2.488279312690645,2.0,3.0,227845,2.488711772760788,2.0,3.0,56962,0.1407,0.9905,0.9366,0.3499,0.9603,0.5745,0.6187,0.1404,0.9998,180259.0,1702.0,37.0,278.0,2.7498,0.1423,0.9899,0.9191,0.3292,0.9277,0.636,0.6099,0.1296,0.9997,45040.0,450.0,12.0,67.0,0.778,0.1427,0.9898,0.8879,0.3058,0.9006,0.5131,0.6022,0.1209,0.9996,56304.0,560.0,21.0,77.0,0.8008,16.0,25.0,-9.0,123955.0,135219.0,-11264.0,1142.0,1252.0,-110.0,201.0,211.0,-10.0,20.0,29.0,10.0,5.0,4.0,6.0,15.0,20.0,34.0,10.0,5.0,29.0,20.0,18.0,2.459667682647705,2.0,3.0,227845.0,2.461044311523437,2.0,3.0,56962.0,OpenML_1597_creditcard,OpenML_1597_creditcard,1597,creditcard,284807,29,29,0,0.8879,0.9006,,0.6022,,20.0,10.0,29.0
2,A_no_mask_no_pp,False,False,False,False,balanced_acc,val_loss,val_loss,val_bacc,1024,B3_D3_K12,0.990575633114351,0.0175597559446067,0.0095986565171089,0.0178408550697213,0.021673390118483,balanced_bce,3,3,12,27,0.4444444444444444,512,1024,379.2269397750497,,0.1574,0.9664,0.9246,0.1922,0.9576,0.1401,0.5331,0.0437,0.9998,175879,6082,37,278,1.9264,0.1591,0.9654,0.9321,0.193,0.9679,0.1338,0.5325,0.0433,0.9998,43921,1569,8,71,0.4575,0.1582,0.9664,0.9119,0.1862,0.9532,0.1348,0.5318,0.0424,0.9997,54965,1899,14,84,0.5743,23.0,29.0,-6.0,120914.0,131958.0,-11044.0,4183.0,4513.0,-330.0,194.0,207.0,-13.0,8,13,6,1,5,1,2.2352257016831616,2.0,3.0,227845,2.236982549770022,2.0,3.0,56962,,,,,,,,,,,,,,,,,,,,,,,,,,,,,,,,,,,,,,,,,,,,,,,,,,,,,,,,,,,,,,,,,,,,,,,,,,,,,OpenML_1597_creditcard,OpenML_1597_creditcard,1597,creditcard,284807,29,29,0,,,,,,,,
2,B_mask_no_pp,True,False,True,False,balanced_acc,val_loss,val_loss,val_bacc,1024,B3_D3_K12,0.990575633114351,0.0175597559446067,0.0095986565171089,0.0178408550697213,0.021673390118483,balanced_bce,3,3,12,27,0.4444444444444444,512,1024,348.3538387939334,,0.149,0.952,0.93,0.1649,0.9687,0.2085,0.5184,0.0318,0.9998,173249,8712,29,286,1.9334,0.1525,0.9497,0.9306,0.1618,0.9645,0.1828,0.5166,0.0305,0.9998,43205,2285,7,72,0.4461,0.1515,0.9513,0.9145,0.1576,0.9612,0.1682,0.5167,0.0302,0.9998,54102,2762,12,86,0.5624,17.0,22.0,-5.0,119147.0,130044.0,-10897.0,5950.0,6427.0,-477.0,200.0,214.0,-14.0,7,12,6,1,6,0,2.209607408545283,2.0,3.0,227845,2.210034760015449,2.0,3.0,56962,,,,,,,,,,,,,,,,,,,,,,,,,,,,,,,,,,,,,,,,,,,,,,,,,,,,,,,,,,,,,,,,,,,,,,,,,,,,,OpenML_1597_creditcard,OpenML_1597_creditcard,1597,creditcard,284807,29,29,0,,,,,,,,
2,C_mask_pp,True,True,True,False,balanced_acc,val_loss,val_loss,val_bacc,1024,B3_D3_K12,0.990575633114351,0.0175597559446067,0.0095986565171089,0.0178408550697213,0.021673390118483,balanced_bce,3,3,12,27,0.4444444444444444,512,1024,348.25910986587405,,0.149,0.952,0.93,0.1649,0.9687,0.2085,0.5184,0.0318,0.9998,173249,8712,29,286,1.9493,0.1525,0.9497,0.9306,0.1618,0.9645,0.1828,0.5166,0.0305,0.9998,43205,2285,7,72,0.4537,0.1515,0.9513,0.9145,0.1576,0.9612,0.1682,0.5167,0.0302,0.9998,54102,2762,12,86,0.5697,17.0,22.0,-5.0,119147.0,130044.0,-10897.0,5950.0,6427.0,-477.0,200.0,214.0,-14.0,7,12,6,1,6,0,2.209607408545283,2.0,3.0,227845,2.210034760015449,2.0,3.0,56962,0.149,0.952,0.93,0.1649,0.9687,0.2085,0.5184,0.0318,0.9998,173249.0,8712.0,29.0,286.0,2.9233,0.1525,0.9497,0.9306,0.1618,0.9645,0.1828,0.5166,0.0305,0.9998,43205.0,2285.0,7.0,72.0,0.6462,0.1515,0.9513,0.9145,0.1576,0.9612,0.1682,0.5167,0.0302,0.9998,54102.0,2762.0,12.0,86.0,0.8057,17.0,22.0,-5.0,119147.0,130044.0,-10897.0,5950.0,6427.0,-477.0,200.0,214.0,-14.0,7.0,12.0,6.0,1.0,6.0,0.0,7.0,7.0,13.0,6.0,1.0,12.0,7.0,7.0,2.2096073627471924,2.0,3.0,227845.0,2.210034847259521,2.0,3.0,56962.0,OpenML_1597_creditcard,OpenML_1597_creditcard,1597,creditcard,284807,29,29,0,0.9145,0.9612,,0.5167,,7.0,6.0,12.0
2,D_no_mask_pp,False,True,False,False,balanced_acc,val_loss,val_loss,val_bacc,1024,B3_D3_K12,0.990575633114351,0.0175597559446067,0.0095986565171089,0.0178408550697213,0.021673390118483,balanced_bce,3,3,12,27,0.4444444444444444,512,1024,378.99210242182016,,0.1574,0.9664,0.9246,0.1922,0.9576,0.1401,0.5331,0.0437,0.9998,175879,6082,37,278,1.8214,0.1591,0.9654,0.9321,0.193,0.9679,0.1338,0.5325,0.0433,0.9998,43921,1569,8,71,0.45,0.1582,0.9664,0.9119,0.1862,0.9532,0.1348,0.5318,0.0424,0.9997,54965,1899,14,84,0.693,23.0,29.0,-6.0,120914.0,131958.0,-11044.0,4183.0,4513.0,-330.0,194.0,207.0,-13.0,8,13,6,1,5,1,2.2352257016831616,2.0,3.0,227845,2.236982549770022,2.0,3.0,56962,0.1574,0.9664,0.9246,0.1922,0.9576,0.1401,0.5331,0.0437,0.9998,175879.0,6082.0,37.0,278.0,2.8442,0.1591,0.9654,0.9321,0.193,0.9679,0.1338,0.5325,0.0433,0.9998,43921.0,1569.0,8.0,71.0,0.6343,0.1582,0.9664,0.9119,0.1862,0.9532,0.1348,0.5318,0.0424,0.9997,54965.0,1899.0,14.0,84.0,0.8068,23.0,29.0,-6.0,120914.0,131958.0,-11044.0,4183.0,4513.0,-330.0,194.0,207.0,-13.0,8.0,13.0,6.0,1.0,5.0,1.0,7.0,8.0,14.0,6.0,1.0,13.0,8.0,8.0,2.2352256774902344,2.0,3.0,227845.0,2.236982583999634,2.0,3.0,56962.0,OpenML_1597_creditcard,OpenML_1597_creditcard,1597,creditcard,284807,29,29,0,0.9119,0.9532,,0.5318,,8.0,6.0,13.0
3,A_no_mask_no_pp,False,False,False,False,balanced_acc,val_loss,val_loss,val_bacc,1024,B3_D4_K36,0.8644484648608949,0.0105110538236448,0.0968683642406389,0.0184274935358566,0.072592507439464,balanced_bce,3,4,36,81,0.4444444444444444,512,1024,329.9403411783278,,0.133,0.9726,0.9292,0.2133,0.9682,0.123,0.5432,0.0532,0.9998,176994,4967,36,279,1.83,0.1369,0.9712,0.9477,0.2173,0.9761,0.1183,0.5427,0.0529,0.9999,44183,1307,6,73,0.4658,0.1289,0.9746,0.916,0.2141,0.9506,0.1146,0.5455,0.0553,0.9997,55430,1434,14,84,0.6707,22.0,30.0,-8.0,121564.0,132811.0,-11247.0,3533.0,3660.0,-127.0,195.0,206.0,-11.0,17,30,14,2,12,2,3.9881410608088834,4.0,4.0,227845,3.9884835504371337,4.0,4.0,56962,,,,,,,,,,,,,,,,,,,,,,,,,,,,,,,,,,,,,,,,,,,,,,,,,,,,,,,,,,,,,,,,,,,,,,,,,,,,,OpenML_1597_creditcard,OpenML_1597_creditcard,1597,creditcard,284807,29,29,0,,,,,,,,
3,B_mask_no_pp,True,False,True,False,balanced_acc,val_loss,val_loss,val_bacc,1024,B3_D4_K36,0.8644484648608949,0.0105110538236448,0.0968683642406389,0.0184274935358566,0.072592507439464,balanced_bce,3,4,36,81,0.4444444444444444,512,1024,557.8249020539224,,0.1491,0.949,0.9285,0.1597,0.9655,0.4527,0.5159,0.0299,0.9998,172694,9267,29,286,1.9972,0.1513,0.9472,0.942,0.1623,0.9848,0.4467,0.5154,0.0299,0.9999,43091,2399,5,74,0.4602,0.1468,0.9508,0.904,0.153,0.9606,0.445,0.5156,0.0292,0.9997,54074,2790,14,84,0.584,15.0,24.0,-9.0,118620.0,129603.0,-10983.0,6477.0,6868.0,-391.0,202.0,212.0,-10.0,10,18,9,2,9,0,3.907770633544734,4.0,4.0,227845,3.908781292791686,4.0,4.0,56962,,,,,,,,,,,,,,,,,,,,,,,,,,,,,,,,,,,,,,,,,,,,,,,,,,,,,,,,,,,,,,,,,,,,,,,,,,,,,OpenML_1597_creditcard,OpenML_1597_creditcard,1597,creditcard,284807,29,29,0,,,,,,,,
3,C_mask_pp,True,True,True,False,balanced_acc,val_loss,val_loss,val_bacc,1024,B3_D4_K36,0.8644484648608949,0.0105110538236448,0.0968683642406389,0.0184274935358566,0.072592507439464,balanced_bce,3,4,36,81,0.4444444444444444,512,1024,557.0088173188269,,0.1491,0.949,0.9285,0.1597,0.9655,0.4527,0.5159,0.0299,0.9998,172694,9267,29,286,1.8658,0.1513,0.9472,0.942,0.1623,0.9848,0.4467,0.5154,0.0299,0.9999,43091,2399,5,74,0.465,0.1468,0.9508,0.904,0.153,0.9606,0.445,0.5156,0.0292,0.9997,54074,2790,14,84,0.6942,15.0,24.0,-9.0,118620.0,129603.0,-10983.0,6477.0,6868.0,-391.0,202.0,212.0,-10.0,10,18,9,2,9,0,3.907770633544734,4.0,4.0,227845,3.908781292791686,4.0,4.0,56962,0.1491,0.949,0.9285,0.1597,0.9655,0.4527,0.5159,0.0299,0.9998,172694.0,9267.0,29.0,286.0,3.0039,0.1513,0.9472,0.942,0.1623,0.9848,0.4467,0.5154,0.0299,0.9999,43091.0,2399.0,5.0,74.0,0.6873,0.1468,0.9508,0.904,0.153,0.9606,0.445,0.5156,0.0292,0.9997,54074.0,2790.0,14.0,84.0,0.881,15.0,24.0,-9.0,118620.0,129603.0,-10983.0,6477.0,6868.0,-391.0,202.0,212.0,-10.0,10.0,18.0,9.0,2.0,9.0,0.0,11.0,10.0,20.0,9.0,2.0,18.0,10.0,10.0,3.9077706336975098,4.0,4.0,227845.0,3.908781290054321,4.0,4.0,56962.0,OpenML_1597_creditcard,OpenML_1597_creditcard,1597,creditcard,284807,29,29,0,0.904,0.9606,,0.5156,,10.0,9.0,18.0
3,D_no_mask_pp,False,True,False,False,balanced_acc,val_loss,val_loss,val_bacc,1024,B3_D4_K36,0.8644484648608949,0.0105110538236448,0.0968683642406389,0.0184274935358566,0.072592507439464,balanced_bce,3,4,36,81,0.4444444444444444,512,1024,328.34686371311545,,0.133,0.9726,0.9292,0.2133,0.9682,0.123,0.5432,0.0532,0.9998,176994,4967,36,279,1.9141,0.1369,0.9712,0.9477,0.2173,0.9761,0.1183,0.5427,0.0529,0.9999,44183,1307,6,73,0.4566,0.1289,0.9746,0.916,0.2141,0.9506,0.1146,0.5455,0.0553,0.9997,55430,1434,14,84,0.5796,22.0,30.0,-8.0,121564.0,132811.0,-11247.0,3533.0,3660.0,-127.0,195.0,206.0,-11.0,17,30,14,2,12,2,3.9881410608088834,4.0,4.0,227845,3.9884835504371337,4.0,4.0,56962,0.133,0.9726,0.9292,0.2133,0.9682,0.123,0.5432,0.0532,0.9998,176994.0,4967.0,36.0,279.0,3.0198,0.1369,0.9712,0.9477,0.2173,0.9761,0.1183,0.5427,0.0529,0.9999,44183.0,1307.0,6.0,73.0,0.6875,0.1289,0.9746,0.916,0.2141,0.9506,0.1146,0.5455,0.0553,0.9997,55430.0,1434.0,14.0,84.0,0.8644,22.0,30.0,-8.0,121564.0,132811.0,-11247.0,3533.0,3660.0,-127.0,195.0,206.0,-11.0,12.0,22.0,11.0,3.0,11.0,0.0,14.0,12.0,25.0,11.0,3.0,22.0,12.0,12.0,3.9362504482269287,4.0,4.0,227845.0,3.936361074447632,4.0,4.0,56962.0,OpenML_1597_creditcard,OpenML_1597_creditcard,1597,creditcard,284807,29,29,0,0.916,0.9506,,0.5455,,12.0,11.0,22.0
4,A_no_mask_no_pp,False,False,False,False,balanced_acc,val_loss,val_loss,val_bacc,1024,B4_D3_K32,0.3818719077270116,0.0383133044648524,0.015266834216777,0.027652583553742,0.0012980285484632,balanced_bce,4,3,32,64,0.5,512,1024,427.9369846731424,,0.1728,0.9667,0.9358,0.1977,0.9723,0.2866,0.5344,0.045,0.9998,175918,6043,30,285,1.9796,0.1729,0.9664,0.9579,0.207,0.9776,0.2837,0.5361,0.0469,0.9999,43965,1525,4,75,0.573,0.1734,0.9658,0.9218,0.189,0.9702,0.2765,0.5319,0.0426,0.9998,54930,1934,12,86,0.5558,18.0,26.0,-8.0,120988.0,131953.0,-10965.0,4109.0,4518.0,-409.0,199.0,210.0,-11.0,31,43,13,0,2,11,3.0,3.0,3.0,227845,3.0,3.0,3.0,56962,,,,,,,,,,,,,,,,,,,,,,,,,,,,,,,,,,,,,,,,,,,,,,,,,,,,,,,,,,,,,,,,,,,,,,,,,,,,,OpenML_1597_creditcard,OpenML_1597_creditcard,1597,creditcard,284807,29,29,0,,,,,,,,
4,B_mask_no_pp,True,False,True,False,balanced_acc,val_loss,val_loss,val_bacc,1024,B4_D3_K32,0.3818719077270116,0.0383133044648524,0.015266834216777,0.027652583553742,0.0012980285484632,balanced_bce,4,3,32,64,0.5,512,1024,379.3929941691458,,0.1558,0.9772,0.9252,0.2303,0.9682,0.3934,0.5526,0.0626,0.9998,177841,4120,40,275,1.9727,0.1525,0.9784,0.9576,0.2535,0.9752,0.4491,0.56,0.0703,0.9999,44512,978,5,74,0.4677,0.1549,0.9774,0.9174,0.2269,0.9556,0.4082,0.5521,0.0619,0.9997,55592,1272,14,84,0.5861,26.0,35.0,-9.0,122249.0,133329.0,-11080.0,2848.0,3142.0,-294.0,191.0,201.0,-10.0,43,61,19,1,5,14,2.999942943667844,3.0,3.0,227845,2.999859555493136,3.0,3.0,56962,,,,,,,,,,,,,,,,,,,,,,,,,,,,,,,,,,,,,,,,,,,,,,,,,,,,,,,,,,,,,,,,,,,,,,,,,,,,,OpenML_1597_creditcard,OpenML_1597_creditcard,1597,creditcard,284807,29,29,0,,,,,,,,
4,C_mask_pp,True,True,True,False,balanced_acc,val_loss,val_loss,val_bacc,1024,B4_D3_K32,0.3818719077270116,0.0383133044648524,0.015266834216777,0.027652583553742,0.0012980285484632,balanced_bce,4,3,32,64,0.5,512,1024,376.96978771314025,,0.1558,0.9772,0.9252,0.2303,0.9682,0.3934,0.5526,0.0626,0.9998,177841,4120,40,275,1.9684,0.1525,0.9784,0.9576,0.2535,0.9752,0.4491,0.56,0.0703,0.9999,44512,978,5,74,0.446,0.1549,0.9774,0.9174,0.2269,0.9556,0.4082,0.5521,0.0619,0.9997,55592,1272,14,84,0.5747,26.0,35.0,-9.0,122249.0,133329.0,-11080.0,2848.0,3142.0,-294.0,191.0,201.0,-10.0,43,61,19,1,5,14,2.999942943667844,3.0,3.0,227845,2.999859555493136,3.0,3.0,56962,0.1558,0.9772,0.9252,0.2303,0.9682,0.3934,0.5526,0.0626,0.9998,177841.0,4120.0,40.0,275.0,2.7789,0.1525,0.9784,0.9576,0.2535,0.9752,0.4491,0.56,0.0703,0.9999,44512.0,978.0,5.0,74.0,0.6517,0.1549,0.9774,0.9174,0.2269,0.9556,0.4082,0.5521,0.0619,0.9997,55592.0,1272.0,14.0,84.0,0.9564,26.0,35.0,-9.0,122249.0,133329.0,-11080.0,2848.0,3142.0,-294.0,191.0,201.0,-10.0,36.0,52.0,17.0,2.0,6.0,11.0,19.0,36.0,54.0,17.0,2.0,52.0,36.0,33.0,2.999903440475464,3.0,3.0,227845.0,2.999824523925781,3.0,3.0,56962.0,OpenML_1597_creditcard,OpenML_1597_creditcard,1597,creditcard,284807,29,29,0,0.9174,0.9556,,0.5521,,36.0,17.0,52.0
4,D_no_mask_pp,False,True,False,False,balanced_acc,val_loss,val_loss,val_bacc,1024,B4_D3_K32,0.3818719077270116,0.0383133044648524,0.015266834216777,0.027652583553742,0.0012980285484632,balanced_bce,4,3,32,64,0.5,512,1024,427.9979950934649,,0.1728,0.9667,0.9358,0.1977,0.9723,0.2866,0.5344,0.045,0.9998,175918,6043,30,285,1.9463,0.1729,0.9664,0.9579,0.207,0.9776,0.2837,0.5361,0.0469,0.9999,43965,1525,4,75,0.5933,0.1734,0.9658,0.9218,0.189,0.9702,0.2765,0.5319,0.0426,0.9998,54930,1934,12,86,0.5597,18.0,26.0,-8.0,120988.0,131953.0,-10965.0,4109.0,4518.0,-409.0,199.0,210.0,-11.0,31,43,13,0,2,11,3.0,3.0,3.0,227845,3.0,3.0,3.0,56962,0.1728,0.9667,0.9358,0.1977,0.9723,0.2866,0.5344,0.045,0.9998,175918.0,6043.0,30.0,285.0,2.7482,0.1729,0.9664,0.9579,0.207,0.9776,0.2837,0.5361,0.0469,0.9999,43965.0,1525.0,4.0,75.0,0.6424,0.1734,0.9658,0.9218,0.189,0.9702,0.2765,0.5319,0.0426,0.9998,54930.0,1934.0,12.0,86.0,0.8054,18.0,26.0,-8.0,120988.0,131953.0,-10965.0,4109.0,4518.0,-409.0,199.0,210.0,-11.0,30.0,42.0,13.0,0.0,2.0,11.0,13.0,30.0,42.0,13.0,0.0,42.0,30.0,27.0,3.0,3.0,3.0,227845.0,3.0,3.0,3.0,56962.0,OpenML_1597_creditcard,OpenML_1597_creditcard,1597,creditcard,284807,29,29,0,0.9218,0.9702,,0.5319,,30.0,13.0,42.0
0,A_no_mask_no_pp,False,False,False,False,balanced_acc,val_loss,val_loss,val_bacc,37,B3_D3_K12,0.1320635880021137,0.0011502331389902,0.0035535634112443,0.0179682798139763,0.0157222130108858,balanced_bce,3,3,12,27,0.4444444444444444,29,37,11.598168093711138,,0.1212,0.9575,0.9583,0.9074,0.9898,0.97,0.9534,0.9193,0.979,280,13,6,148,0.0055,0.1288,0.9732,0.9795,0.9436,0.9852,0.9537,0.971,0.9286,1.0,70,3,0,39,0.002,0.1727,0.9429,0.9366,0.8732,0.9785,0.9416,0.9366,0.9167,0.9565,88,4,4,44,0.0024,2.0,6.0,-4.0,192.0,210.0,-18.0,9.0,10.0,-1.0,104.0,109.0,-5.0,23,33,11,2,0,11,2.429338103756709,2.0,3.0,559,2.392857142857143,2.0,3.0,140,,,,,,,,,,,,,,,,,,,,,,,,,,,,,,,,,,,,,,,,,,,,,,,,,,,,,,,,,,,,,,,,,,,,,,,,,,,,,OpenML_15_breast-w,OpenML_15_breast-w,15,breast-w,699,9,9,0,,,,,,,,
0,B_mask_no_pp,True,False,True,False,balanced_acc,val_loss,val_loss,val_bacc,37,B3_D3_K12,0.1320635880021137,0.0011502331389902,0.0035535634112443,0.0179682798139763,0.0157222130108858,balanced_bce,3,3,12,27,0.4444444444444444,29,37,14.7866493165493,,0.1693,0.9597,0.96,0.9121,0.9777,0.9507,0.9558,0.925,0.9791,281,12,6,148,0.005,0.1253,0.9821,0.9863,0.9619,0.987,0.9583,0.9806,0.9512,1.0,71,2,0,39,0.0019,0.2,0.9429,0.9466,0.8774,0.9746,0.9278,0.9378,0.8846,0.9773,86,6,2,46,0.0021,4.0,6.0,-2.0,195.0,210.0,-15.0,6.0,10.0,-4.0,102.0,109.0,-7.0,27,39,13,0,0,13,3.0,3.0,3.0,559,3.0,3.0,3.0,140,,,,,,,,,,,,,,,,,,,,,,,,,,,,,,,,,,,,,,,,,,,,,,,,,,,,,,,,,,,,,,,,,,,,,,,,,,,,,OpenML_15_breast-w,OpenML_15_breast-w,15,breast-w,699,9,9,0,,,,,,,,
0,C_mask_pp,True,True,True,False,balanced_acc,val_loss,val_loss,val_bacc,37,B3_D3_K12,0.1320635880021137,0.0011502331389902,0.0035535634112443,0.0179682798139763,0.0157222130108858,balanced_bce,3,3,12,27,0.4444444444444444,29,37,14.076167330145836,,0.1693,0.9597,0.96,0.9121,0.9777,0.9507,0.9558,0.925,0.9791,281,12,6,148,0.0048,0.1253,0.9821,0.9863,0.9619,0.987,0.9583,0.9806,0.9512,1.0,71,2,0,39,0.0019,0.2,0.9429,0.9466,0.8774,0.9746,0.9278,0.9378,0.8846,0.9773,86,6,2,46,0.002,4.0,6.0,-2.0,195.0,210.0,-15.0,6.0,10.0,-4.0,102.0,109.0,-7.0,27,39,13,0,0,13,3.0,3.0,3.0,559,3.0,3.0,3.0,140,0.1693,0.9597,0.96,0.9121,0.9777,0.9507,0.9558,0.925,0.9791,281.0,12.0,6.0,148.0,0.007,0.1253,0.9821,0.9863,0.9619,0.987,0.9583,0.9806,0.9512,1.0,71.0,2.0,0.0,39.0,0.0031,0.2,0.9429,0.9466,0.8774,0.9746,0.9278,0.9378,0.8846,0.9773,86.0,6.0,2.0,46.0,0.0035,4.0,6.0,-2.0,195.0,210.0,-15.0,6.0,10.0,-4.0,102.0,109.0,-7.0,15.0,23.0,9.0,0.0,4.0,5.0,9.0,15.0,23.0,9.0,0.0,23.0,15.0,12.0,3.0,3.0,3.0,559.0,3.0,3.0,3.0,140.0,OpenML_15_breast-w,OpenML_15_breast-w,15,breast-w,699,9,9,0,0.9466,0.9746,,0.9378,,15.0,9.0,23.0
0,D_no_mask_pp,False,True,False,False,balanced_acc,val_loss,val_loss,val_bacc,37,B3_D3_K12,0.1320635880021137,0.0011502331389902,0.0035535634112443,0.0179682798139763,0.0157222130108858,balanced_bce,3,3,12,27,0.4444444444444444,29,37,10.999953266233206,,0.1212,0.9575,0.9583,0.9074,0.9898,0.97,0.9534,0.9193,0.979,280,13,6,148,0.0046,0.1288,0.9732,0.9795,0.9436,0.9852,0.9537,0.971,0.9286,1.0,70,3,0,39,0.0018,0.1727,0.9429,0.9366,0.8732,0.9785,0.9416,0.9366,0.9167,0.9565,88,4,4,44,0.002,2.0,6.0,-4.0,192.0,210.0,-18.0,9.0,10.0,-1.0,104.0,109.0,-5.0,23,33,11,2,0,11,2.429338103756709,2.0,3.0,559,2.392857142857143,2.0,3.0,140,0.1212,0.9575,0.9583,0.9074,0.9898,0.97,0.9534,0.9193,0.979,280.0,13.0,6.0,148.0,0.0075,0.1288,0.9732,0.9795,0.9436,0.9852,0.9537,0.971,0.9286,1.0,70.0,3.0,0.0,39.0,0.0037,0.1727,0.9429,0.9366,0.8732,0.9785,0.9416,0.9366,0.9167,0.9565,88.0,4.0,4.0,44.0,0.0036,2.0,6.0,-4.0,192.0,210.0,-18.0,9.0,10.0,-1.0,104.0,109.0,-5.0,18.0,28.0,11.0,2.0,5.0,6.0,13.0,18.0,30.0,11.0,2.0,28.0,18.0,11.0,2.429338216781616,2.0,3.0,559.0,2.392857074737549,2.0,3.0,140.0,OpenML_15_breast-w,OpenML_15_breast-w,15,breast-w,699,9,9,0,0.9366,0.9785,,0.9366,,18.0,11.0,28.0
1,A_no_mask_no_pp,False,False,False,False,balanced_acc,val_loss,val_loss,val_bacc,37,B3_D4_K12,0.416403884915436,0.0573646000312377,0.0428559047521416,0.0454366274820606,0.0458117450041603,balanced_bce,3,4,12,81,0.1481481481481481,29,37,10.679284036159515,,0.1195,0.9553,0.952,0.9013,0.9899,0.9747,0.9506,0.9295,0.9691,282,11,9,145,0.0056,0.1042,0.9732,0.9795,0.9436,0.9863,0.9552,0.971,0.9286,1.0,70,3,0,39,0.002,0.1395,0.9571,0.9524,0.9049,0.9804,0.9664,0.9524,0.9375,0.9674,89,3,3,45,0.0017,6.0,9.0,-3.0,193.0,212.0,-19.0,8.0,8.0,0.0,100.0,106.0,-6.0,17,26,10,4,4,6,2.586762075134168,2.0,4.0,559,2.571428571428572,2.0,4.0,140,,,,,,,,,,,,,,,,,,,,,,,,,,,,,,,,,,,,,,,,,,,,,,,,,,,,,,,,,,,,,,,,,,,,,,,,,,,,,OpenML_15_breast-w,OpenML_15_breast-w,15,breast-w,699,9,9,0,,,,,,,,
1,B_mask_no_pp,True,False,True,False,balanced_acc,val_loss,val_loss,val_bacc,37,B3_D4_K12,0.416403884915436,0.0573646000312377,0.0428559047521416,0.0454366274820606,0.0458117450041603,balanced_bce,3,4,12,81,0.1481481481481481,29,37,10.708151936531069,,0.0995,0.9664,0.9636,0.9258,0.9889,0.9618,0.9629,0.9484,0.976,285,8,7,147,0.0051,0.1247,0.9732,0.9735,0.9415,0.9805,0.9322,0.9707,0.95,0.9861,71,2,1,38,0.0022,0.1565,0.9571,0.9475,0.9044,0.97,0.9443,0.952,0.9565,0.9574,90,2,4,44,0.0021,3.0,6.0,-3.0,195.0,214.0,-19.0,6.0,6.0,0.0,103.0,109.0,-6.0,32,50,19,4,7,12,3.8998211091234345,4.0,4.0,559,3.914285714285714,4.0,4.0,140,,,,,,,,,,,,,,,,,,,,,,,,,,,,,,,,,,,,,,,,,,,,,,,,,,,,,,,,,,,,,,,,,,,,,,,,,,,,,OpenML_15_breast-w,OpenML_15_breast-w,15,breast-w,699,9,9,0,,,,,,,,
1,C_mask_pp,True,True,True,False,balanced_acc,val_loss,val_loss,val_bacc,37,B3_D4_K12,0.416403884915436,0.0573646000312377,0.0428559047521416,0.0454366274820606,0.0458117450041603,balanced_bce,3,4,12,81,0.1481481481481481,29,37,10.902182001620533,,0.0995,0.9664,0.9636,0.9258,0.9889,0.9618,0.9629,0.9484,0.976,285,8,7,147,0.0046,0.1247,0.9732,0.9735,0.9415,0.9805,0.9322,0.9707,0.95,0.9861,71,2,1,38,0.002,0.1565,0.9571,0.9475,0.9044,0.97,0.9443,0.952,0.9565,0.9574,90,2,4,44,0.002,3.0,6.0,-3.0,195.0,214.0,-19.0,6.0,6.0,0.0,103.0,109.0,-6.0,32,50,19,4,7,12,3.8998211091234345,4.0,4.0,559,3.914285714285714,4.0,4.0,140,0.0995,0.9664,0.9636,0.9258,0.9889,0.9618,0.9629,0.9484,0.976,285.0,8.0,7.0,147.0,0.0077,0.1247,0.9732,0.9735,0.9415,0.9805,0.9322,0.9707,0.95,0.9861,71.0,2.0,1.0,38.0,0.0031,0.1565,0.9571,0.9475,0.9044,0.97,0.9443,0.952,0.9565,0.9574,90.0,2.0,4.0,44.0,0.0036,3.0,6.0,-3.0,195.0,214.0,-19.0,6.0,6.0,0.0,103.0,109.0,-6.0,14.0,24.0,11.0,7.0,9.0,2.0,18.0,14.0,31.0,11.0,7.0,24.0,14.0,10.0,3.2468693256378174,3.0,4.0,559.0,3.25,3.0,4.0,140.0,OpenML_15_breast-w,OpenML_15_breast-w,15,breast-w,699,9,9,0,0.9475,0.97,,0.952,,14.0,11.0,24.0
1,D_no_mask_pp,False,True,False,False,balanced_acc,val_loss,val_loss,val_bacc,37,B3_D4_K12,0.416403884915436,0.0573646000312377,0.0428559047521416,0.0454366274820606,0.0458117450041603,balanced_bce,3,4,12,81,0.1481481481481481,29,37,10.86933559924364,,0.1195,0.9553,0.952,0.9013,0.9899,0.9747,0.9506,0.9295,0.9691,282,11,9,145,0.0054,0.1042,0.9732,0.9795,0.9436,0.9863,0.9552,0.971,0.9286,1.0,70,3,0,39,0.0023,0.1395,0.9571,0.9524,0.9049,0.9804,0.9664,0.9524,0.9375,0.9674,89,3,3,45,0.0024,6.0,9.0,-3.0,193.0,212.0,-19.0,8.0,8.0,0.0,100.0,106.0,-6.0,17,26,10,4,4,6,2.586762075134168,2.0,4.0,559,2.571428571428572,2.0,4.0,140,0.1195,0.9553,0.952,0.9013,0.9899,0.9747,0.9506,0.9295,0.9691,282.0,11.0,9.0,145.0,0.0071,0.1042,0.9732,0.9795,0.9436,0.9863,0.9552,0.971,0.9286,1.0,70.0,3.0,0.0,39.0,0.0031,0.1395,0.9571,0.9524,0.9049,0.9804,0.9664,0.9524,0.9375,0.9674,89.0,3.0,3.0,45.0,0.0035,6.0,9.0,-3.0,193.0,212.0,-19.0,8.0,8.0,0.0,100.0,106.0,-6.0,13.0,21.0,9.0,4.0,6.0,3.0,13.0,13.0,25.0,9.0,4.0,21.0,13.0,12.0,2.5867621898651123,2.0,4.0,559.0,2.5714285373687744,2.0,4.0,140.0,OpenML_15_breast-w,OpenML_15_breast-w,15,breast-w,699,9,9,0,0.9524,0.9804,,0.9524,,13.0,9.0,21.0
2,A_no_mask_no_pp,False,False,False,False,balanced_acc,val_loss,val_loss,val_bacc,37,B3_D4_K36,0.1376652926513004,0.0010122484496457,0.0036267844009508,0.0855583662754304,0.0045454382898209,balanced_bce,3,4,36,81,0.4444444444444444,29,37,8.653761181980371,,0.1098,0.9642,0.9712,0.9246,0.9897,0.9703,0.9612,0.9107,0.9964,278,15,1,153,0.0048,0.1187,0.9643,0.9726,0.9259,0.9902,0.9789,0.9615,0.907,1.0,69,4,0,39,0.0019,0.1739,0.9357,0.9262,0.8567,0.9821,0.9476,0.9283,0.9149,0.9462,88,4,5,43,0.0024,-4.0,1.0,-5.0,190.0,209.0,-19.0,11.0,11.0,0.0,110.0,114.0,-4.0,61,92,32,4,4,28,3.5491949910554563,4.0,4.0,559,3.4857142857142858,3.0,4.0,140,,,,,,,,,,,,,,,,,,,,,,,,,,,,,,,,,,,,,,,,,,,,,,,,,,,,,,,,,,,,,,,,,,,,,,,,,,,,,OpenML_15_breast-w,OpenML_15_breast-w,15,breast-w,699,9,9,0,,,,,,,,
2,B_mask_no_pp,True,False,True,False,balanced_acc,val_loss,val_loss,val_bacc,37,B3_D4_K36,0.1376652926513004,0.0010122484496457,0.0036267844009508,0.0855583662754304,0.0045454382898209,balanced_bce,3,4,36,81,0.4444444444444444,29,37,9.387890789657831,,0.1151,0.9664,0.9698,0.9276,0.9883,0.968,0.9633,0.9264,0.9894,281,12,3,151,0.0045,0.0907,0.9643,0.9726,0.9259,0.9954,0.9903,0.9615,0.907,1.0,69,4,0,39,0.0021,0.1534,0.9643,0.9678,0.9229,0.9818,0.9284,0.9609,0.9216,0.9888,88,4,1,47,0.0021,2.0,3.0,-1.0,193.0,212.0,-19.0,8.0,8.0,0.0,104.0,112.0,-8.0,68,102,35,5,3,32,3.915921288014311,4.0,4.0,559,3.95,4.0,4.0,140,,,,,,,,,,,,,,,,,,,,,,,,,,,,,,,,,,,,,,,,,,,,,,,,,,,,,,,,,,,,,,,,,,,,,,,,,,,,,OpenML_15_breast-w,OpenML_15_breast-w,15,breast-w,699,9,9,0,,,,,,,,
2,C_mask_pp,True,True,True,False,balanced_acc,val_loss,val_loss,val_bacc,37,B3_D4_K36,0.1376652926513004,0.0010122484496457,0.0036267844009508,0.0855583662754304,0.0045454382898209,balanced_bce,3,4,36,81,0.4444444444444444,29,37,9.751028299331663,,0.1151,0.9664,0.9698,0.9276,0.9883,0.968,0.9633,0.9264,0.9894,281,12,3,151,0.0061,0.0907,0.9643,0.9726,0.9259,0.9954,0.9903,0.9615,0.907,1.0,69,4,0,39,0.002,0.1534,0.9643,0.9678,0.9229,0.9818,0.9284,0.9609,0.9216,0.9888,88,4,1,47,0.0024,2.0,3.0,-1.0,193.0,212.0,-19.0,8.0,8.0,0.0,104.0,112.0,-8.0,68,102,35,5,3,32,3.915921288014311,4.0,4.0,559,3.95,4.0,4.0,140,0.1151,0.9664,0.9698,0.9276,0.9883,0.968,0.9633,0.9264,0.9894,281.0,12.0,3.0,151.0,0.0098,0.0907,0.9643,0.9726,0.9259,0.9954,0.9903,0.9615,0.907,1.0,69.0,4.0,0.0,39.0,0.0043,0.1534,0.9643,0.9678,0.9229,0.9818,0.9284,0.9609,0.9216,0.9888,88.0,4.0,1.0,47.0,0.0041,2.0,3.0,-1.0,193.0,212.0,-19.0,8.0,8.0,0.0,104.0,112.0,-8.0,35.0,57.0,23.0,5.0,12.0,11.0,28.0,35.0,62.0,23.0,5.0,57.0,35.0,18.0,3.6744186878204346,4.0,4.0,559.0,3.685714244842529,4.0,4.0,140.0,OpenML_15_breast-w,OpenML_15_breast-w,15,breast-w,699,9,9,0,0.9678,0.9818,,0.9609,,35.0,23.0,57.0
2,D_no_mask_pp,False,True,False,False,balanced_acc,val_loss,val_loss,val_bacc,37,B3_D4_K36,0.1376652926513004,0.0010122484496457,0.0036267844009508,0.0855583662754304,0.0045454382898209,balanced_bce,3,4,36,81,0.4444444444444444,29,37,8.878761950880289,,0.1098,0.9642,0.9712,0.9246,0.9897,0.9703,0.9612,0.9107,0.9964,278,15,1,153,0.0058,0.1187,0.9643,0.9726,0.9259,0.9902,0.9789,0.9615,0.907,1.0,69,4,0,39,0.002,0.1739,0.9357,0.9262,0.8567,0.9821,0.9476,0.9283,0.9149,0.9462,88,4,5,43,0.0023,-4.0,1.0,-5.0,190.0,209.0,-19.0,11.0,11.0,0.0,110.0,114.0,-4.0,61,92,32,4,4,28,3.5491949910554563,4.0,4.0,559,3.4857142857142858,3.0,4.0,140,0.1098,0.9642,0.9712,0.9246,0.9897,0.9703,0.9612,0.9107,0.9964,278.0,15.0,1.0,153.0,0.0086,0.1187,0.9643,0.9726,0.9259,0.9902,0.9789,0.9615,0.907,1.0,69.0,4.0,0.0,39.0,0.0035,0.1739,0.9357,0.9262,0.8567,0.9821,0.9476,0.9283,0.9149,0.9462,88.0,4.0,5.0,43.0,0.0036,-4.0,1.0,-5.0,190.0,209.0,-19.0,11.0,11.0,0.0,110.0,114.0,-4.0,28.0,44.0,17.0,7.0,7.0,10.0,24.0,28.0,51.0,17.0,7.0,44.0,28.0,16.0,3.4740607738494877,4.0,4.0,559.0,3.450000047683716,3.0,4.0,140.0,OpenML_15_breast-w,OpenML_15_breast-w,15,breast-w,699,9,9,0,0.9262,0.9821,,0.9283,,28.0,17.0,44.0
3,A_no_mask_no_pp,False,False,False,False,balanced_acc,val_loss,val_loss,val_bacc,37,B4_D4_K48,1.0065317667593754,0.0036656904629312,0.0091896535693875,0.065008379835207,0.0035936855870653,balanced_bce,4,4,48,256,0.1875,29,37,10.368356231600046,,0.1813,0.9485,0.953,0.8901,0.9643,0.9089,0.9441,0.8922,0.9821,275,18,5,149,0.0778,0.1147,0.9643,0.9726,0.9259,0.987,0.9557,0.9615,0.907,1.0,69,4,0,39,0.0019,0.1321,0.9643,0.9629,0.9213,0.9835,0.9423,0.9606,0.9388,0.978,89,3,2,46,0.002,3.0,5.0,-2.0,186.0,206.0,-20.0,15.0,14.0,1.0,103.0,110.0,-7.0,13,24,12,3,12,0,3.0536672629695887,3.0,3.0,559,3.057142857142857,3.0,3.0,140,,,,,,,,,,,,,,,,,,,,,,,,,,,,,,,,,,,,,,,,,,,,,,,,,,,,,,,,,,,,,,,,,,,,,,,,,,,,,OpenML_15_breast-w,OpenML_15_breast-w,15,breast-w,699,9,9,0,,,,,,,,
3,B_mask_no_pp,True,False,True,False,balanced_acc,val_loss,val_loss,val_bacc,37,B4_D4_K48,1.0065317667593754,0.0036656904629312,0.0091896535693875,0.065008379835207,0.0035936855870653,balanced_bce,4,4,48,256,0.1875,29,37,11.512553375214338,,0.1728,0.953,0.9549,0.8983,0.9683,0.9292,0.9487,0.908,0.9789,278,15,6,148,0.0105,0.0748,0.9821,0.9863,0.9619,0.9907,0.9662,0.9806,0.9512,1.0,71,2,0,39,0.0019,0.1763,0.9571,0.9475,0.9044,0.9677,0.9386,0.952,0.9565,0.9574,90,2,4,44,0.002,2.0,6.0,-4.0,188.0,207.0,-19.0,13.0,13.0,0.0,104.0,109.0,-5.0,16,30,15,0,15,0,4.0,4.0,4.0,559,4.0,4.0,4.0,140,,,,,,,,,,,,,,,,,,,,,,,,,,,,,,,,,,,,,,,,,,,,,,,,,,,,,,,,,,,,,,,,,,,,,,,,,,,,,OpenML_15_breast-w,OpenML_15_breast-w,15,breast-w,699,9,9,0,,,,,,,,
3,C_mask_pp,True,True,True,False,balanced_acc,val_loss,val_loss,val_bacc,37,B4_D4_K48,1.0065317667593754,0.0036656904629312,0.0091896535693875,0.065008379835207,0.0035936855870653,balanced_bce,4,4,48,256,0.1875,29,37,10.55164436250925,,0.1728,0.953,0.9549,0.8983,0.9683,0.9292,0.9487,0.908,0.9789,278,15,6,148,0.0338,0.0748,0.9821,0.9863,0.9619,0.9907,0.9662,0.9806,0.9512,1.0,71,2,0,39,0.003,0.1763,0.9571,0.9475,0.9044,0.9677,0.9386,0.952,0.9565,0.9574,90,2,4,44,0.0021,2.0,6.0,-4.0,188.0,207.0,-19.0,13.0,13.0,0.0,104.0,109.0,-5.0,16,30,15,0,15,0,4.0,4.0,4.0,559,4.0,4.0,4.0,140,0.1728,0.953,0.9549,0.8983,0.9683,0.9292,0.9487,0.908,0.9789,278.0,15.0,6.0,148.0,0.0076,0.0748,0.9821,0.9863,0.9619,0.9907,0.9662,0.9806,0.9512,1.0,71.0,2.0,0.0,39.0,0.0032,0.1763,0.9571,0.9475,0.9044,0.9677,0.9386,0.952,0.9565,0.9574,90.0,2.0,4.0,44.0,0.0035,2.0,6.0,-4.0,188.0,207.0,-19.0,13.0,13.0,0.0,104.0,109.0,-5.0,10.0,18.0,9.0,5.0,9.0,0.0,14.0,10.0,23.0,9.0,5.0,18.0,10.0,8.0,3.4096601009368896,4.0,4.0,559.0,3.442857027053833,4.0,4.0,140.0,OpenML_15_breast-w,OpenML_15_breast-w,15,breast-w,699,9,9,0,0.9475,0.9677,,0.952,,10.0,9.0,18.0
3,D_no_mask_pp,False,True,False,False,balanced_acc,val_loss,val_loss,val_bacc,37,B4_D4_K48,1.0065317667593754,0.0036656904629312,0.0091896535693875,0.065008379835207,0.0035936855870653,balanced_bce,4,4,48,256,0.1875,29,37,10.858172997832298,,0.1813,0.9485,0.953,0.8901,0.9643,0.9089,0.9441,0.8922,0.9821,275,18,5,149,0.0055,0.1147,0.9643,0.9726,0.9259,0.987,0.9557,0.9615,0.907,1.0,69,4,0,39,0.0021,0.1321,0.9643,0.9629,0.9213,0.9835,0.9423,0.9606,0.9388,0.978,89,3,2,46,0.0022,3.0,5.0,-2.0,186.0,206.0,-20.0,15.0,14.0,1.0,103.0,110.0,-7.0,13,24,12,3,12,0,3.0536672629695887,3.0,3.0,559,3.057142857142857,3.0,3.0,140,0.1813,0.9485,0.953,0.8901,0.9643,0.9089,0.9441,0.8922,0.9821,275.0,18.0,5.0,149.0,0.0073,0.1147,0.9643,0.9726,0.9259,0.987,0.9557,0.9615,0.907,1.0,69.0,4.0,0.0,39.0,0.0028,0.1321,0.9643,0.9629,0.9213,0.9835,0.9423,0.9606,0.9388,0.978,89.0,3.0,2.0,46.0,0.0031,3.0,5.0,-2.0,186.0,206.0,-20.0,15.0,14.0,1.0,103.0,110.0,-7.0,7.0,12.0,6.0,7.0,6.0,0.0,13.0,7.0,19.0,6.0,7.0,12.0,7.0,6.0,2.7101967334747314,3.0,3.0,559.0,2.7285714149475098,3.0,3.0,140.0,OpenML_15_breast-w,OpenML_15_breast-w,15,breast-w,699,9,9,0,0.9629,0.9835,,0.9606,,7.0,6.0,12.0
4,A_no_mask_no_pp,False,False,False,False,balanced_acc,val_loss,val_loss,val_bacc,37,B4_D4_K48,0.3212216875561763,0.0079706850856443,0.0021443453196821,0.0113067434092486,0.0029054848720193,balanced_bce,4,4,48,256,0.1875,29,37,11.965884428471329,,0.1439,0.9709,0.9732,0.9368,0.9825,0.9396,0.9681,0.9379,0.9895,283,10,3,151,0.0674,0.2145,0.9554,0.9658,0.9087,0.9622,0.8757,0.9521,0.8864,1.0,68,5,0,39,0.0019,0.2875,0.9071,0.9144,0.8055,0.9446,0.8259,0.9002,0.8182,0.9647,82,10,3,45,0.0048,0.0,3.0,-3.0,201.0,215.0,-14.0,0.0,5.0,-5.0,106.0,112.0,-6.0,144,196,53,20,8,45,3.105545617173524,3.0,4.0,559,3.107142857142857,3.0,4.0,140,,,,,,,,,,,,,,,,,,,,,,,,,,,,,,,,,,,,,,,,,,,,,,,,,,,,,,,,,,,,,,,,,,,,,,,,,,,,,OpenML_15_breast-w,OpenML_15_breast-w,15,breast-w,699,9,9,0,,,,,,,,
4,B_mask_no_pp,True,False,True,False,balanced_acc,val_loss,val_loss,val_bacc,37,B4_D4_K48,0.3212216875561763,0.0079706850856443,0.0021443453196821,0.0113067434092486,0.0029054848720193,balanced_bce,4,4,48,256,0.1875,29,37,13.439011320471764,,0.1452,0.9553,0.9643,0.907,0.9872,0.9659,0.9517,0.8895,0.9964,274,19,1,153,0.0768,0.193,0.9554,0.9658,0.9087,0.9679,0.8938,0.9521,0.8864,1.0,68,5,0,39,0.0018,0.2354,0.9143,0.9348,0.8341,0.9718,0.9101,0.9096,0.8,1.0,80,12,0,48,0.002,1.0,1.0,0.0,194.0,206.0,-12.0,7.0,14.0,-7.0,105.0,114.0,-9.0,143,194,52,13,6,46,3.282647584973166,3.0,4.0,559,3.2928571428571427,3.0,4.0,140,,,,,,,,,,,,,,,,,,,,,,,,,,,,,,,,,,,,,,,,,,,,,,,,,,,,,,,,,,,,,,,,,,,,,,,,,,,,,OpenML_15_breast-w,OpenML_15_breast-w,15,breast-w,699,9,9,0,,,,,,,,
4,C_mask_pp,True,True,True,False,balanced_acc,val_loss,val_loss,val_bacc,37,B4_D4_K48,0.3212216875561763,0.0079706850856443,0.0021443453196821,0.0113067434092486,0.0029054848720193,balanced_bce,4,4,48,256,0.1875,29,37,13.398311842232944,,0.1452,0.9553,0.9643,0.907,0.9872,0.9659,0.9517,0.8895,0.9964,274,19,1,153,0.102,0.193,0.9554,0.9658,0.9087,0.9679,0.8938,0.9521,0.8864,1.0,68,5,0,39,0.0022,0.2354,0.9143,0.9348,0.8341,0.9718,0.9101,0.9096,0.8,1.0,80,12,0,48,0.0022,1.0,1.0,0.0,194.0,206.0,-12.0,7.0,14.0,-7.0,105.0,114.0,-9.0,143,194,52,13,6,46,3.282647584973166,3.0,4.0,559,3.2928571428571427,3.0,4.0,140,0.1452,0.9553,0.9643,0.907,0.9872,0.9659,0.9517,0.8895,0.9964,274.0,19.0,1.0,153.0,0.0077,0.193,0.9554,0.9658,0.9087,0.9679,0.8938,0.9521,0.8864,1.0,68.0,5.0,0.0,39.0,0.0029,0.233,0.9143,0.9348,0.8341,0.9718,0.9101,0.9096,0.8,1.0,80.0,12.0,0.0,48.0,0.0033,1.0,1.0,0.0,194.0,206.0,-12.0,7.0,14.0,-7.0,105.0,114.0,-9.0,14.0,23.0,10.0,10.0,7.0,3.0,20.0,14.0,33.0,10.0,10.0,23.0,14.0,9.0,2.701252222061157,3.0,3.0,559.0,2.7428572177886963,3.0,3.0,140.0,OpenML_15_breast-w,OpenML_15_breast-w,15,breast-w,699,9,9,0,0.9348,0.9718,,0.9096,,14.0,10.0,23.0
4,D_no_mask_pp,False,True,False,False,balanced_acc,val_loss,val_loss,val_bacc,37,B4_D4_K48,0.3212216875561763,0.0079706850856443,0.0021443453196821,0.0113067434092486,0.0029054848720193,balanced_bce,4,4,48,256,0.1875,29,37,12.663117412477732,,0.1439,0.9709,0.9732,0.9368,0.9825,0.9396,0.9681,0.9379,0.9895,283,10,3,151,0.0278,0.2145,0.9554,0.9658,0.9087,0.9622,0.8757,0.9521,0.8864,1.0,68,5,0,39,0.0019,0.2875,0.9071,0.9144,0.8055,0.9446,0.8259,0.9002,0.8182,0.9647,82,10,3,45,0.002,0.0,3.0,-3.0,201.0,215.0,-14.0,0.0,5.0,-5.0,106.0,112.0,-6.0,144,196,53,20,8,45,3.105545617173524,3.0,4.0,559,3.107142857142857,3.0,4.0,140,0.1439,0.9709,0.9732,0.9368,0.9825,0.9396,0.9681,0.9379,0.9895,283.0,10.0,3.0,151.0,0.008,0.2145,0.9554,0.9658,0.9087,0.9622,0.8757,0.9521,0.8864,1.0,68.0,5.0,0.0,39.0,0.0036,0.2894,0.9071,0.9244,0.8159,0.9441,0.825,0.9017,0.7966,0.9877,80.0,12.0,1.0,47.0,0.0034,2.0,3.0,-1.0,203.0,215.0,-12.0,-2.0,5.0,-7.0,104.0,112.0,-8.0,25.0,39.0,15.0,19.0,9.0,6.0,34.0,25.0,58.0,15.0,19.0,39.0,25.0,17.0,3.007155656814575,3.0,3.0,559.0,3.0214285850524902,3.0,3.0,140.0,OpenML_15_breast-w,OpenML_15_breast-w,15,breast-w,699,9,9,0,0.9244,0.9441,,0.9017,,25.0,15.0,39.0
0,A_no_mask_no_pp,False,False,False,False,balanced_acc,val_loss,val_loss,val_bacc,1024,B3_D4_K36,0.1032777471799611,0.0696986531823126,0.0013998741785117,0.0722494772355615,0.0271662863576973,balanced_bce,3,4,36,81,0.4444444444444444,1024,1024,1087.781878594309,,0.4239,0.8278,0.8254,0.6428,0.8702,0.8785,0.8207,0.8779,0.7571,201120,45707,64517,328656,6.7263,0.4258,0.8263,0.824,0.6399,0.8693,0.8775,0.8192,0.877,0.755,50212,11495,16298,81995,1.7267,0.4234,0.8277,0.8254,0.6428,0.8709,0.8795,0.8206,0.878,0.7569,62873,14261,20190,102676,1.9973,44327.0,48219.0,-3892.0,138247.0,150908.0,-12661.0,31446.0,34212.0,-2766.0,225980.0,246661.0,-20681.0,26,41,16,5,7,9,3.339255,4.0,4.0,800000,3.34146,4.0,4.0,200000,,,,,,,,,,,,,,,,,,,,,,,,,,,,,,,,,,,,,,,,,,,,,,,,,,,,,,,,,,,,,,,,,,,,,,,,,,,,,OpenML_162_SEA(50000),OpenML_162_SEA(50000),162,SEA(50000),1000000,3,3,0,,,,,,,,
0,B_mask_no_pp,True,False,True,False,balanced_acc,val_loss,val_loss,val_bacc,1024,B3_D4_K36,0.1032777471799611,0.0696986531823126,0.0013998741785117,0.0722494772355615,0.0271662863576973,balanced_bce,3,4,36,81,0.4444444444444444,1024,1024,1628.5626459158957,,0.4187,0.8349,0.83,0.6549,0.8724,0.8811,0.8272,0.8762,0.7738,199518,47309,58335,334838,6.7352,0.4202,0.8344,0.8295,0.6539,0.8717,0.8801,0.8267,0.8758,0.7731,49848,11859,14634,83659,1.7815,0.4193,0.8349,0.8302,0.6551,0.8717,0.88,0.8272,0.8768,0.7731,62444,14690,18332,104534,2.2841,40003.0,43701.0,-3698.0,137074.0,149670.0,-12596.0,32619.0,35450.0,-2831.0,230304.0,251179.0,-20875.0,42,65,24,6,7,17,3.80147875,4.0,4.0,800000,3.801185,4.0,4.0,200000,,,,,,,,,,,,,,,,,,,,,,,,,,,,,,,,,,,,,,,,,,,,,,,,,,,,,,,,,,,,,,,,,,,,,,,,,,,,,OpenML_162_SEA(50000),OpenML_162_SEA(50000),162,SEA(50000),1000000,3,3,0,,,,,,,,
0,C_mask_pp,True,True,True,False,balanced_acc,val_loss,val_loss,val_bacc,1024,B3_D4_K36,0.1032777471799611,0.0696986531823126,0.0013998741785117,0.0722494772355615,0.0271662863576973,balanced_bce,3,4,36,81,0.4444444444444444,1024,1024,1663.6290339380505,,0.4187,0.8349,0.83,0.6549,0.8724,0.8811,0.8272,0.8762,0.7738,199518,47309,58335,334838,7.3312,0.4202,0.8344,0.8295,0.6539,0.8717,0.8801,0.8267,0.8758,0.7731,49848,11859,14634,83659,1.7546,0.4193,0.8349,0.8302,0.6551,0.8717,0.88,0.8272,0.8768,0.7731,62444,14690,18332,104534,2.2065,40003.0,43701.0,-3698.0,137074.0,149670.0,-12596.0,32619.0,35450.0,-2831.0,230304.0,251179.0,-20875.0,42,65,24,6,7,17,3.80147875,4.0,4.0,800000,3.801185,4.0,4.0,200000,0.4187,0.8349,0.83,0.6549,0.8724,0.8811,0.8272,0.8762,0.7738,199518.0,47309.0,58335.0,334838.0,11.2261,0.4202,0.8344,0.8295,0.6539,0.8717,0.8801,0.8267,0.8758,0.7731,49848.0,11859.0,14634.0,83659.0,2.484,0.4193,0.8349,0.8302,0.6551,0.8717,0.88,0.8272,0.8768,0.7731,62444.0,14690.0,18332.0,104534.0,3.4217,40003.0,43701.0,-3698.0,137074.0,149670.0,-12596.0,32619.0,35450.0,-2831.0,230304.0,251179.0,-20875.0,42.0,65.0,24.0,6.0,7.0,17.0,30.0,42.0,71.0,24.0,6.0,65.0,42.0,42.0,3.801478862762451,4.0,4.0,800000.0,3.801184892654419,4.0,4.0,200000.0,OpenML_162_SEA(50000),OpenML_162_SEA(50000),162,SEA(50000),1000000,3,3,0,0.8302,0.8717,,0.8272,,42.0,24.0,65.0
0,D_no_mask_pp,False,True,False,False,balanced_acc,val_loss,val_loss,val_bacc,1024,B3_D4_K36,0.1032777471799611,0.0696986531823126,0.0013998741785117,0.0722494772355615,0.0271662863576973,balanced_bce,3,4,36,81,0.4444444444444444,1024,1024,1114.7009445019066,,0.4239,0.8278,0.8254,0.6428,0.8702,0.8785,0.8207,0.8779,0.7571,201120,45707,64517,328656,6.6813,0.4258,0.8263,0.824,0.6399,0.8693,0.8775,0.8192,0.877,0.755,50212,11495,16298,81995,1.7382,0.4234,0.8277,0.8254,0.6428,0.8709,0.8795,0.8206,0.878,0.7569,62873,14261,20190,102676,2.1054,44327.0,48219.0,-3892.0,138247.0,150908.0,-12661.0,31446.0,34212.0,-2766.0,225980.0,246661.0,-20681.0,26,41,16,5,7,9,3.339255,4.0,4.0,800000,3.34146,4.0,4.0,200000,0.4239,0.8278,0.8254,0.6428,0.8702,0.8785,0.8207,0.8779,0.7571,201120.0,45707.0,64517.0,328656.0,10.1922,0.4258,0.8263,0.824,0.6399,0.8693,0.8775,0.8192,0.877,0.755,50212.0,11495.0,16298.0,81995.0,2.5067,0.4234,0.8277,0.8254,0.6428,0.8709,0.8795,0.8206,0.878,0.7569,62873.0,14261.0,20190.0,102676.0,3.1776,44327.0,48219.0,-3892.0,138247.0,150908.0,-12661.0,31446.0,34212.0,-2766.0,225980.0,246661.0,-20681.0,26.0,41.0,16.0,5.0,7.0,9.0,21.0,26.0,46.0,16.0,5.0,41.0,26.0,26.0,3.3392550945281982,4.0,4.0,800000.0,3.341459989547729,4.0,4.0,200000.0,OpenML_162_SEA(50000),OpenML_162_SEA(50000),162,SEA(50000),1000000,3,3,0,0.8254,0.8709,,0.8206,,26.0,16.0,41.0
1,A_no_mask_no_pp,False,False,False,False,balanced_acc,val_loss,val_loss,val_bacc,1024,B4_D4_K16,0.1558221768453887,0.0161581407392889,0.0433534948620207,0.0068468829484758,0.0013272052449351,balanced_bce,4,4,16,256,0.0625,1024,1024,1178.7566894367335,,0.4314,0.8327,0.8252,0.6482,0.8668,0.8754,0.8241,0.8682,0.7778,195638,51189,55902,337271,6.7436,0.4296,0.8331,0.8257,0.6491,0.8694,0.8784,0.8245,0.8686,0.7783,48947,12760,13946,84347,1.6094,0.4331,0.8315,0.8242,0.6459,0.8663,0.8755,0.8229,0.8677,0.7759,61086,16048,17645,105221,2.2587,38257.0,41956.0,-3699.0,134552.0,146691.0,-12139.0,35141.0,38429.0,-3288.0,232050.0,252924.0,-20874.0,20,31,12,12,7,5,2.89042375,3.0,4.0,800000,2.890085,3.0,4.0,200000,,,,,,,,,,,,,,,,,,,,,,,,,,,,,,,,,,,,,,,,,,,,,,,,,,,,,,,,,,,,,,,,,,,,,,,,,,,,,OpenML_162_SEA(50000),OpenML_162_SEA(50000),162,SEA(50000),1000000,3,3,0,,,,,,,,
1,B_mask_no_pp,True,False,True,False,balanced_acc,val_loss,val_loss,val_bacc,1024,B4_D4_K16,0.1558221768453887,0.0161581407392889,0.0433534948620207,0.0068468829484758,0.0013272052449351,balanced_bce,4,4,16,256,0.0625,1024,1024,1722.1249026469886,,0.4267,0.8319,0.8285,0.6502,0.8692,0.8784,0.8246,0.8783,0.7651,200896,45931,61668,331505,6.9656,0.423,0.833,0.8299,0.6527,0.8715,0.8807,0.8258,0.8797,0.7661,50366,11341,15381,82912,1.7713,0.4274,0.8321,0.8288,0.6507,0.8687,0.8784,0.8248,0.8785,0.7654,62809,14325,19252,103614,2.5461,42416.0,46287.0,-3871.0,138087.0,150530.0,-12443.0,31606.0,34590.0,-2984.0,227891.0,248593.0,-20702.0,28,44,17,10,10,7,3.19803125,3.0,4.0,800000,3.197885,3.0,4.0,200000,,,,,,,,,,,,,,,,,,,,,,,,,,,,,,,,,,,,,,,,,,,,,,,,,,,,,,,,,,,,,,,,,,,,,,,,,,,,,OpenML_162_SEA(50000),OpenML_162_SEA(50000),162,SEA(50000),1000000,3,3,0,,,,,,,,
1,C_mask_pp,True,True,True,False,balanced_acc,val_loss,val_loss,val_bacc,1024,B4_D4_K16,0.1558221768453887,0.0161581407392889,0.0433534948620207,0.0068468829484758,0.0013272052449351,balanced_bce,4,4,16,256,0.0625,1024,1024,1711.6629490070045,,0.4267,0.8319,0.8285,0.6502,0.8692,0.8784,0.8246,0.8783,0.7651,200896,45931,61668,331505,7.0309,0.423,0.833,0.8299,0.6527,0.8715,0.8807,0.8258,0.8797,0.7661,50366,11341,15381,82912,1.6363,0.4274,0.8321,0.8288,0.6507,0.8687,0.8784,0.8248,0.8785,0.7654,62809,14325,19252,103614,2.1207,42416.0,46287.0,-3871.0,138087.0,150530.0,-12443.0,31606.0,34590.0,-2984.0,227891.0,248593.0,-20702.0,28,44,17,10,10,7,3.19803125,3.0,4.0,800000,3.197885,3.0,4.0,200000,0.4267,0.8319,0.8285,0.6502,0.8692,0.8784,0.8246,0.8783,0.7651,200896.0,45931.0,61668.0,331505.0,10.6696,0.423,0.833,0.8299,0.6527,0.8715,0.8807,0.8258,0.8797,0.7661,50366.0,11341.0,15381.0,82912.0,2.5152,0.4274,0.8321,0.8288,0.6507,0.8687,0.8784,0.8248,0.8785,0.7654,62809.0,14325.0,19252.0,103614.0,3.3676,42416.0,46287.0,-3871.0,138087.0,150530.0,-12443.0,31606.0,34590.0,-2984.0,227891.0,248593.0,-20702.0,28.0,44.0,17.0,10.0,10.0,7.0,27.0,28.0,54.0,17.0,10.0,44.0,28.0,28.0,3.198031187057495,3.0,4.0,800000.0,3.197885036468506,3.0,4.0,200000.0,OpenML_162_SEA(50000),OpenML_162_SEA(50000),162,SEA(50000),1000000,3,3,0,0.8288,0.8687,,0.8248,,28.0,17.0,44.0
1,D_no_mask_pp,False,True,False,False,balanced_acc,val_loss,val_loss,val_bacc,1024,B4_D4_K16,0.1558221768453887,0.0161581407392889,0.0433534948620207,0.0068468829484758,0.0013272052449351,balanced_bce,4,4,16,256,0.0625,1024,1024,1172.3891243375838,,0.4314,0.8327,0.8252,0.6482,0.8668,0.8754,0.8241,0.8682,0.7778,195638,51189,55902,337271,6.6092,0.4296,0.8331,0.8257,0.6491,0.8694,0.8784,0.8245,0.8686,0.7783,48947,12760,13946,84347,1.6302,0.4331,0.8315,0.8242,0.6459,0.8663,0.8755,0.8229,0.8677,0.7759,61086,16048,17645,105221,2.2058,38257.0,41956.0,-3699.0,134552.0,146691.0,-12139.0,35141.0,38429.0,-3288.0,232050.0,252924.0,-20874.0,20,31,12,12,7,5,2.89042375,3.0,4.0,800000,2.890085,3.0,4.0,200000,0.4314,0.8327,0.8252,0.6482,0.8668,0.8754,0.8241,0.8682,0.7778,195638.0,51189.0,55902.0,337271.0,10.2255,0.4296,0.8331,0.8257,0.6491,0.8694,0.8784,0.8245,0.8686,0.7783,48947.0,12760.0,13946.0,84347.0,2.575,0.4331,0.8315,0.8242,0.6459,0.8663,0.8755,0.8229,0.8677,0.7759,61086.0,16048.0,17645.0,105221.0,3.2839,38257.0,41956.0,-3699.0,134552.0,146691.0,-12139.0,35141.0,38429.0,-3288.0,232050.0,252924.0,-20874.0,20.0,31.0,12.0,12.0,7.0,5.0,24.0,20.0,43.0,12.0,12.0,31.0,20.0,20.0,2.8904237747192383,3.0,4.0,800000.0,2.890084981918335,3.0,4.0,200000.0,OpenML_162_SEA(50000),OpenML_162_SEA(50000),162,SEA(50000),1000000,3,3,0,0.8242,0.8663,,0.8229,,20.0,12.0,31.0
2,A_no_mask_no_pp,False,False,False,False,balanced_acc,val_loss,val_loss,val_bacc,1024,B4_D4_K48,0.1992974979215423,0.0707160370170115,0.002575402270089,0.0238963078991548,0.0017657340549099,balanced_bce,4,4,48,256,0.1875,1024,1024,1441.2742051444948,,0.4143,0.8345,0.8317,0.6561,0.8746,0.8831,0.8274,0.8816,0.7672,202284,44543,61391,331782,6.6425,0.4138,0.8345,0.832,0.6564,0.8737,0.8816,0.8275,0.8823,0.7665,50657,11050,15430,82863,1.7875,0.4116,0.8359,0.8331,0.6589,0.8751,0.8831,0.8289,0.8825,0.7692,63307,13827,18991,103875,2.0198,42400.0,45961.0,-3561.0,138977.0,151627.0,-12650.0,30716.0,33493.0,-2777.0,227907.0,248919.0,-21012.0,86,130,45,6,18,27,3.996945,4.0,4.0,800000,3.99718,4.0,4.0,200000,,,,,,,,,,,,,,,,,,,,,,,,,,,,,,,,,,,,,,,,,,,,,,,,,,,,,,,,,,,,,,,,,,,,,,,,,,,,,OpenML_162_SEA(50000),OpenML_162_SEA(50000),162,SEA(50000),1000000,3,3,0,,,,,,,,
2,B_mask_no_pp,True,False,True,False,balanced_acc,val_loss,val_loss,val_bacc,1024,B4_D4_K48,0.1992974979215423,0.0707160370170115,0.002575402270089,0.0238963078991548,0.0017657340549099,balanced_bce,4,4,48,256,0.1875,1024,1024,1445.3467169851065,,0.4191,0.8371,0.8303,0.6578,0.8734,0.8825,0.8288,0.8731,0.782,197675,49152,55121,338052,6.8635,0.4189,0.8373,0.8306,0.6584,0.8734,0.883,0.8291,0.8731,0.7825,49422,12285,13740,84553,1.7413,0.4161,0.839,0.8323,0.6618,0.8744,0.8828,0.8308,0.8743,0.7848,61912,15222,16972,105894,2.0176,38149.0,41381.0,-3232.0,135763.0,148253.0,-12490.0,33930.0,36867.0,-2937.0,232158.0,253499.0,-21341.0,76,120,45,8,26,19,3.903925,4.0,4.0,800000,3.90449,4.0,4.0,200000,,,,,,,,,,,,,,,,,,,,,,,,,,,,,,,,,,,,,,,,,,,,,,,,,,,,,,,,,,,,,,,,,,,,,,,,,,,,,OpenML_162_SEA(50000),OpenML_162_SEA(50000),162,SEA(50000),1000000,3,3,0,,,,,,,,
2,C_mask_pp,True,True,True,False,balanced_acc,val_loss,val_loss,val_bacc,1024,B4_D4_K48,0.1992974979215423,0.0707160370170115,0.002575402270089,0.0238963078991548,0.0017657340549099,balanced_bce,4,4,48,256,0.1875,1024,1024,1433.0059581883252,,0.4191,0.8371,0.8303,0.6578,0.8734,0.8825,0.8288,0.8731,0.782,197675,49152,55121,338052,6.9303,0.4189,0.8373,0.8306,0.6584,0.8734,0.883,0.8291,0.8731,0.7825,49422,12285,13740,84553,1.8591,0.4161,0.839,0.8323,0.6618,0.8744,0.8828,0.8308,0.8743,0.7848,61912,15222,16972,105894,2.0374,38149.0,41381.0,-3232.0,135763.0,148253.0,-12490.0,33930.0,36867.0,-2937.0,232158.0,253499.0,-21341.0,76,120,45,8,26,19,3.903925,4.0,4.0,800000,3.90449,4.0,4.0,200000,0.4191,0.8371,0.8303,0.6578,0.8734,0.8825,0.8288,0.8731,0.782,197675.0,49152.0,55121.0,338052.0,11.3258,0.4189,0.8373,0.8306,0.6584,0.8734,0.883,0.8291,0.8731,0.7825,49422.0,12285.0,13740.0,84553.0,2.6314,0.4161,0.839,0.8323,0.6618,0.8744,0.8828,0.8308,0.8743,0.7848,61912.0,15222.0,16972.0,105894.0,3.253,38149.0,41381.0,-3232.0,135763.0,148253.0,-12490.0,33930.0,36867.0,-2937.0,232158.0,253499.0,-21341.0,76.0,120.0,45.0,8.0,26.0,19.0,53.0,76.0,128.0,45.0,8.0,120.0,76.0,76.0,3.9039249420166016,4.0,4.0,800000.0,3.904489994049072,4.0,4.0,200000.0,OpenML_162_SEA(50000),OpenML_162_SEA(50000),162,SEA(50000),1000000,3,3,0,0.8323,0.8744,,0.8308,,76.0,45.0,120.0
2,D_no_mask_pp,False,True,False,False,balanced_acc,val_loss,val_loss,val_bacc,1024,B4_D4_K48,0.1992974979215423,0.0707160370170115,0.002575402270089,0.0238963078991548,0.0017657340549099,balanced_bce,4,4,48,256,0.1875,1024,1024,1442.7087649330497,,0.4143,0.8345,0.8317,0.6561,0.8746,0.8831,0.8274,0.8816,0.7672,202284,44543,61391,331782,6.7361,0.4138,0.8345,0.832,0.6564,0.8737,0.8816,0.8275,0.8823,0.7665,50657,11050,15430,82863,1.7685,0.4116,0.8359,0.8331,0.6589,0.8751,0.8831,0.8289,0.8825,0.7692,63307,13827,18991,103875,1.9943,42400.0,45961.0,-3561.0,138977.0,151627.0,-12650.0,30716.0,33493.0,-2777.0,227907.0,248919.0,-21012.0,86,130,45,6,18,27,3.996945,4.0,4.0,800000,3.99718,4.0,4.0,200000,0.4143,0.8345,0.8317,0.6561,0.8746,0.8831,0.8274,0.8816,0.7672,202284.0,44543.0,61391.0,331782.0,10.2137,0.4138,0.8345,0.832,0.6564,0.8737,0.8816,0.8275,0.8823,0.7665,50657.0,11050.0,15430.0,82863.0,2.5431,0.4116,0.8359,0.8331,0.6589,0.8751,0.8831,0.8289,0.8825,0.7692,63307.0,13827.0,18991.0,103875.0,3.1044,42400.0,45961.0,-3561.0,138977.0,151627.0,-12650.0,30716.0,33493.0,-2777.0,227907.0,248919.0,-21012.0,85.0,129.0,45.0,5.0,19.0,26.0,50.0,85.0,134.0,45.0,5.0,129.0,85.0,84.0,3.9969449043273926,4.0,4.0,800000.0,3.9971799850463863,4.0,4.0,200000.0,OpenML_162_SEA(50000),OpenML_162_SEA(50000),162,SEA(50000),1000000,3,3,0,0.8331,0.8751,,0.8289,,85.0,45.0,129.0
3,A_no_mask_no_pp,False,False,False,False,balanced_acc,val_loss,val_loss,val_bacc,1024,B4_D3_K8,0.1896839510393343,0.0061345472273858,0.0244607422222625,0.0252357978341649,0.0051950046585126,balanced_bce,4,3,8,64,0.125,1024,1024,1016.6807019412518,,0.4369,0.8317,0.82,0.6432,0.8574,0.8668,0.8215,0.8571,0.7894,189718,57109,50599,342574,7.1257,0.436,0.8321,0.8207,0.6443,0.8579,0.867,0.8221,0.8581,0.7892,47555,14152,12705,85588,1.8279,0.4366,0.8316,0.8201,0.6431,0.857,0.8658,0.8215,0.8575,0.7886,59365,17769,15912,106954,1.9712,34687.0,37894.0,-3207.0,130353.0,142163.0,-11810.0,39340.0,42957.0,-3617.0,235620.0,256986.0,-21366.0,21,30,10,5,4,6,2.43532,3.0,3.0,800000,2.43441,3.0,3.0,200000,,,,,,,,,,,,,,,,,,,,,,,,,,,,,,,,,,,,,,,,,,,,,,,,,,,,,,,,,,,,,,,,,,,,,,,,,,,,,OpenML_162_SEA(50000),OpenML_162_SEA(50000),162,SEA(50000),1000000,3,3,0,,,,,,,,
3,B_mask_no_pp,True,False,True,False,balanced_acc,val_loss,val_loss,val_bacc,1024,B4_D3_K8,0.1896839510393343,0.0061345472273858,0.0244607422222625,0.0252357978341649,0.0051950046585126,balanced_bce,4,3,8,64,0.125,1024,1024,963.692062292248,,0.4301,0.8313,0.8229,0.6446,0.866,0.8773,0.8223,0.865,0.7785,194066,52761,55220,337953,6.9268,0.4308,0.8306,0.8225,0.6434,0.865,0.876,0.8217,0.8654,0.7764,48594,13113,13998,84295,1.6071,0.4302,0.8314,0.823,0.6449,0.866,0.8772,0.8224,0.8651,0.7786,60668,16466,17256,105610,2.3422,37964.0,41222.0,-3258.0,133398.0,145472.0,-12074.0,36295.0,39648.0,-3353.0,232343.0,253658.0,-21315.0,26,36,11,4,3,8,2.5970575,3.0,3.0,800000,2.597495,3.0,3.0,200000,,,,,,,,,,,,,,,,,,,,,,,,,,,,,,,,,,,,,,,,,,,,,,,,,,,,,,,,,,,,,,,,,,,,,,,,,,,,,OpenML_162_SEA(50000),OpenML_162_SEA(50000),162,SEA(50000),1000000,3,3,0,,,,,,,,
3,C_mask_pp,True,True,True,False,balanced_acc,val_loss,val_loss,val_bacc,1024,B4_D3_K8,0.1896839510393343,0.0061345472273858,0.0244607422222625,0.0252357978341649,0.0051950046585126,balanced_bce,4,3,8,64,0.125,1024,1024,967.3668077662588,,0.4301,0.8313,0.8229,0.6446,0.866,0.8773,0.8223,0.865,0.7785,194066,52761,55220,337953,7.0041,0.4308,0.8306,0.8225,0.6434,0.865,0.876,0.8217,0.8654,0.7764,48594,13113,13998,84295,1.6163,0.4302,0.8314,0.823,0.6449,0.866,0.8772,0.8224,0.8651,0.7786,60668,16466,17256,105610,2.2636,37964.0,41222.0,-3258.0,133398.0,145472.0,-12074.0,36295.0,39648.0,-3353.0,232343.0,253658.0,-21315.0,26,36,11,4,3,8,2.5970575,3.0,3.0,800000,2.597495,3.0,3.0,200000,0.4301,0.8313,0.8229,0.6446,0.866,0.8773,0.8223,0.865,0.7785,194066.0,52761.0,55220.0,337953.0,9.6398,0.4308,0.8306,0.8225,0.6434,0.865,0.876,0.8217,0.8654,0.7764,48594.0,13113.0,13998.0,84295.0,2.4754,0.4302,0.8314,0.823,0.6449,0.866,0.8772,0.8224,0.8651,0.7786,60668.0,16466.0,17256.0,105610.0,3.0,37964.0,41222.0,-3258.0,133398.0,145472.0,-12074.0,36295.0,39648.0,-3353.0,232343.0,253658.0,-21315.0,26.0,36.0,11.0,4.0,3.0,8.0,15.0,26.0,40.0,11.0,4.0,36.0,26.0,26.0,2.597057580947876,3.0,3.0,800000.0,2.597495079040528,3.0,3.0,200000.0,OpenML_162_SEA(50000),OpenML_162_SEA(50000),162,SEA(50000),1000000,3,3,0,0.823,0.866,,0.8224,,26.0,11.0,36.0
3,D_no_mask_pp,False,True,False,False,balanced_acc,val_loss,val_loss,val_bacc,1024,B4_D3_K8,0.1896839510393343,0.0061345472273858,0.0244607422222625,0.0252357978341649,0.0051950046585126,balanced_bce,4,3,8,64,0.125,1024,1024,1015.9132112674416,,0.4369,0.8317,0.82,0.6432,0.8574,0.8668,0.8215,0.8571,0.7894,189718,57109,50599,342574,6.5616,0.436,0.8321,0.8207,0.6443,0.8579,0.867,0.8221,0.8581,0.7892,47555,14152,12705,85588,1.7285,0.4366,0.8316,0.8201,0.6431,0.857,0.8658,0.8215,0.8575,0.7886,59365,17769,15912,106954,1.9879,34687.0,37894.0,-3207.0,130353.0,142163.0,-11810.0,39340.0,42957.0,-3617.0,235620.0,256986.0,-21366.0,21,30,10,5,4,6,2.43532,3.0,3.0,800000,2.43441,3.0,3.0,200000,0.4369,0.8317,0.82,0.6432,0.8574,0.8668,0.8215,0.8571,0.7894,189718.0,57109.0,50599.0,342574.0,9.5309,0.436,0.8321,0.8207,0.6443,0.8579,0.867,0.8221,0.8581,0.7892,47555.0,14152.0,12705.0,85588.0,2.2677,0.4366,0.8316,0.8201,0.6431,0.857,0.8658,0.8215,0.8575,0.7886,59365.0,17769.0,15912.0,106954.0,2.8917,34687.0,37894.0,-3207.0,130353.0,142163.0,-11810.0,39340.0,42957.0,-3617.0,235620.0,256986.0,-21366.0,21.0,30.0,10.0,5.0,4.0,6.0,15.0,21.0,35.0,10.0,5.0,30.0,21.0,21.0,2.4353199005126958,3.0,3.0,800000.0,2.434410095214844,3.0,3.0,200000.0,OpenML_162_SEA(50000),OpenML_162_SEA(50000),162,SEA(50000),1000000,3,3,0,0.8201,0.857,,0.8215,,21.0,10.0,30.0
4,A_no_mask_no_pp,False,False,False,False,balanced_acc,val_loss,val_loss,val_bacc,1024,B3_D4_K48,0.4438970506767822,0.0010945950591348,0.002868017940321,0.0156739330690252,0.0014177721020904,balanced_bce,3,4,48,81,0.5925925925925926,1024,1024,816.5645197592676,,0.4352,0.8268,0.8241,0.6406,0.8651,0.8756,0.8196,0.8763,0.7568,200420,46407,64412,328761,6.6877,0.4362,0.8261,0.823,0.6388,0.8641,0.8746,0.8187,0.875,0.7566,49961,11746,16076,82217,1.8967,0.4346,0.8268,0.8239,0.6403,0.8654,0.8762,0.8195,0.8759,0.757,62567,14567,20082,102784,1.9785,44330.0,48336.0,-4006.0,137853.0,150459.0,-12606.0,31840.0,34661.0,-2821.0,225977.0,246544.0,-20567.0,31,51,21,5,12,9,3.6189275,4.0,4.0,800000,3.61868,4.0,4.0,200000,,,,,,,,,,,,,,,,,,,,,,,,,,,,,,,,,,,,,,,,,,,,,,,,,,,,,,,,,,,,,,,,,,,,,,,,,,,,,OpenML_162_SEA(50000),OpenML_162_SEA(50000),162,SEA(50000),1000000,3,3,0,,,,,,,,
4,B_mask_no_pp,True,False,True,False,balanced_acc,val_loss,val_loss,val_bacc,1024,B3_D4_K48,0.4438970506767822,0.0010945950591348,0.002868017940321,0.0156739330690252,0.0014177721020904,balanced_bce,3,4,48,81,0.5925925925925926,1024,1024,954.16809155792,,0.4323,0.8367,0.8267,0.6546,0.8664,0.8766,0.8273,0.8647,0.7912,193284,53543,50998,342175,7.0362,0.4322,0.8368,0.8263,0.6546,0.866,0.8762,0.8273,0.8637,0.7928,48179,13528,12590,85703,1.6464,0.4307,0.8374,0.8271,0.656,0.8669,0.8769,0.8279,0.8643,0.7935,60306,16828,15693,107173,2.0256,35305.0,38408.0,-3103.0,132978.0,145105.0,-12127.0,36715.0,40015.0,-3300.0,235002.0,256472.0,-21470.0,33,54,22,8,12,10,3.55025125,4.0,4.0,800000,3.553765,4.0,4.0,200000,,,,,,,,,,,,,,,,,,,,,,,,,,,,,,,,,,,,,,,,,,,,,,,,,,,,,,,,,,,,,,,,,,,,,,,,,,,,,OpenML_162_SEA(50000),OpenML_162_SEA(50000),162,SEA(50000),1000000,3,3,0,,,,,,,,
4,C_mask_pp,True,True,True,False,balanced_acc,val_loss,val_loss,val_bacc,1024,B3_D4_K48,0.4438970506767822,0.0010945950591348,0.002868017940321,0.0156739330690252,0.0014177721020904,balanced_bce,3,4,48,81,0.5925925925925926,1024,1024,958.8663410507144,,0.4323,0.8367,0.8267,0.6546,0.8664,0.8766,0.8273,0.8647,0.7912,193284,53543,50998,342175,7.49,0.4322,0.8368,0.8263,0.6546,0.866,0.8762,0.8273,0.8637,0.7928,48179,13528,12590,85703,1.6078,0.4307,0.8374,0.8271,0.656,0.8669,0.8769,0.8279,0.8643,0.7935,60306,16828,15693,107173,2.2227,35305.0,38408.0,-3103.0,132978.0,145105.0,-12127.0,36715.0,40015.0,-3300.0,235002.0,256472.0,-21470.0,33,54,22,8,12,10,3.55025125,4.0,4.0,800000,3.553765,4.0,4.0,200000,0.4323,0.8367,0.8267,0.6546,0.8664,0.8766,0.8273,0.8647,0.7912,193284.0,53543.0,50998.0,342175.0,10.4799,0.4322,0.8368,0.8263,0.6546,0.866,0.8762,0.8273,0.8637,0.7928,48179.0,13528.0,12590.0,85703.0,2.6504,0.4307,0.8374,0.8271,0.656,0.8669,0.8769,0.8279,0.8643,0.7935,60306.0,16828.0,15693.0,107173.0,3.4577,35305.0,38408.0,-3103.0,132978.0,145105.0,-12127.0,36715.0,40015.0,-3300.0,235002.0,256472.0,-21470.0,33.0,54.0,22.0,8.0,12.0,10.0,30.0,33.0,62.0,22.0,8.0,54.0,33.0,33.0,3.550251245498657,4.0,4.0,800000.0,3.553765058517456,4.0,4.0,200000.0,OpenML_162_SEA(50000),OpenML_162_SEA(50000),162,SEA(50000),1000000,3,3,0,0.8271,0.8669,,0.8279,,33.0,22.0,54.0
4,D_no_mask_pp,False,True,False,False,balanced_acc,val_loss,val_loss,val_bacc,1024,B3_D4_K48,0.4438970506767822,0.0010945950591348,0.002868017940321,0.0156739330690252,0.0014177721020904,balanced_bce,3,4,48,81,0.5925925925925926,1024,1024,816.5195051990449,,0.4352,0.8268,0.8241,0.6406,0.8651,0.8756,0.8196,0.8763,0.7568,200420,46407,64412,328761,7.516,0.4362,0.8261,0.823,0.6388,0.8641,0.8746,0.8187,0.875,0.7566,49961,11746,16076,82217,1.734,0.4346,0.8268,0.8239,0.6403,0.8654,0.8762,0.8195,0.8759,0.757,62567,14567,20082,102784,2.1204,44330.0,48336.0,-4006.0,137853.0,150459.0,-12606.0,31840.0,34661.0,-2821.0,225977.0,246544.0,-20567.0,31,51,21,5,12,9,3.6189275,4.0,4.0,800000,3.61868,4.0,4.0,200000,0.4352,0.8268,0.8241,0.6406,0.8651,0.8756,0.8196,0.8763,0.7568,200420.0,46407.0,64412.0,328761.0,10.103,0.4362,0.8261,0.823,0.6388,0.8641,0.8746,0.8187,0.875,0.7566,49961.0,11746.0,16076.0,82217.0,2.7389,0.4346,0.8268,0.8239,0.6403,0.8654,0.8762,0.8195,0.8759,0.757,62567.0,14567.0,20082.0,102784.0,3.1065,44330.0,48336.0,-4006.0,137853.0,150459.0,-12606.0,31840.0,34661.0,-2821.0,225977.0,246544.0,-20567.0,31.0,51.0,21.0,5.0,12.0,9.0,26.0,31.0,56.0,21.0,5.0,51.0,31.0,31.0,3.618927478790283,4.0,4.0,800000.0,3.618680000305176,4.0,4.0,200000.0,OpenML_162_SEA(50000),OpenML_162_SEA(50000),162,SEA(50000),1000000,3,3,0,0.8239,0.8654,,0.8195,,31.0,21.0,51.0
0,A_no_mask_no_pp,False,False,False,False,balanced_acc,val_loss,val_loss,val_bacc,256,B3_D4_K48,0.430719801857703,0.0129239240402755,0.0030487299434066,0.0710182110061662,0.0181820277876393,balanced_bce,3,4,48,81,0.5925925925925926,256,256,24.27839640527964,,0.0151,0.9935,0.9937,0.987,0.9998,0.9997,0.9935,0.9866,1.0,2659,34,0,2506,0.0745,0.0156,0.9931,0.9933,0.9862,0.9998,0.9997,0.9931,0.9858,1.0,664,9,0,627,0.0141,0.0163,0.992,0.9923,0.9841,0.9998,0.9997,0.992,0.9837,1.0,829,13,0,783,0.0174,0.0,0.0,0.0,1830.0,1995.0,-165.0,21.0,25.0,-4.0,1723.0,1879.0,-156.0,66,99,34,1,3,31,4.0,4.0,4.0,6499,4.0,4.0,4.0,1625,,,,,,,,,,,,,,,,,,,,,,,,,,,,,,,,,,,,,,,,,,,,,,,,,,,,,,,,,,,,,,,,,,,,,,,,,,,,,OpenML_24_mushroom,OpenML_24_mushroom,24,mushroom,8124,22,5,17,,,,,,,,
0,B_mask_no_pp,True,False,True,False,balanced_acc,val_loss,val_loss,val_bacc,256,B3_D4_K48,0.430719801857703,0.0129239240402755,0.0030487299434066,0.0710182110061662,0.0181820277876393,balanced_bce,3,4,48,81,0.5925925925925926,256,256,25.372100736945868,,0.0122,0.9971,0.9972,0.9942,0.9994,0.9994,0.9971,0.9952,0.9989,2681,12,3,2503,0.0734,0.0131,0.9977,0.9977,0.9954,0.9992,0.9993,0.9977,0.9968,0.9985,671,2,1,626,0.016,0.0199,0.9963,0.9963,0.9926,0.9977,0.9978,0.9963,0.9974,0.9953,840,2,4,779,0.0158,-1.0,2.0,-3.0,1841.0,2010.0,-169.0,10.0,10.0,0.0,1724.0,1877.0,-153.0,46,71,26,3,7,19,3.991075550084629,4.0,4.0,6499,3.9913846153846153,4.0,4.0,1625,,,,,,,,,,,,,,,,,,,,,,,,,,,,,,,,,,,,,,,,,,,,,,,,,,,,,,,,,,,,,,,,,,,,,,,,,,,,,OpenML_24_mushroom,OpenML_24_mushroom,24,mushroom,8124,22,5,17,,,,,,,,
0,C_mask_pp,True,True,True,False,balanced_acc,val_loss,val_loss,val_bacc,256,B3_D4_K48,0.430719801857703,0.0129239240402755,0.0030487299434066,0.0710182110061662,0.0181820277876393,balanced_bce,3,4,48,81,0.5925925925925926,256,256,25.409792762249708,,0.0122,0.9971,0.9972,0.9942,0.9994,0.9994,0.9971,0.9952,0.9989,2681,12,3,2503,0.0631,0.0131,0.9977,0.9977,0.9954,0.9992,0.9993,0.9977,0.9968,0.9985,671,2,1,626,0.0137,0.0199,0.9963,0.9963,0.9926,0.9977,0.9978,0.9963,0.9974,0.9953,840,2,4,779,0.0164,-1.0,2.0,-3.0,1841.0,2010.0,-169.0,10.0,10.0,0.0,1724.0,1877.0,-153.0,46,71,26,3,7,19,3.991075550084629,4.0,4.0,6499,3.9913846153846153,4.0,4.0,1625,0.0122,0.9971,0.9972,0.9942,0.9994,0.9994,0.9971,0.9952,0.9989,2681.0,12.0,3.0,2503.0,0.08,0.0131,0.9977,0.9977,0.9954,0.9992,0.9993,0.9977,0.9968,0.9985,671.0,2.0,1.0,626.0,0.0224,0.0199,0.9963,0.9963,0.9926,0.9977,0.9978,0.9963,0.9974,0.9953,840.0,2.0,4.0,779.0,0.028,-1.0,2.0,-3.0,1841.0,2010.0,-169.0,10.0,10.0,0.0,1724.0,1877.0,-153.0,10.0,18.0,9.0,5.0,9.0,0.0,14.0,10.0,23.0,9.0,5.0,18.0,10.0,10.0,3.5499308109283447,4.0,4.0,6499.0,3.5526154041290283,4.0,4.0,1625.0,OpenML_24_mushroom,OpenML_24_mushroom,24,mushroom,8124,22,5,17,0.9963,0.9977,,0.9963,,10.0,9.0,18.0
0,D_no_mask_pp,False,True,False,False,balanced_acc,val_loss,val_loss,val_bacc,256,B3_D4_K48,0.430719801857703,0.0129239240402755,0.0030487299434066,0.0710182110061662,0.0181820277876393,balanced_bce,3,4,48,81,0.5925925925925926,256,256,23.756729770451784,,0.0151,0.9935,0.9937,0.987,0.9998,0.9997,0.9935,0.9866,1.0,2659,34,0,2506,0.0645,0.0156,0.9931,0.9933,0.9862,0.9998,0.9997,0.9931,0.9858,1.0,664,9,0,627,0.0143,0.0163,0.992,0.9923,0.9841,0.9998,0.9997,0.992,0.9837,1.0,829,13,0,783,0.0174,0.0,0.0,0.0,1830.0,1995.0,-165.0,21.0,25.0,-4.0,1723.0,1879.0,-156.0,66,99,34,1,3,31,4.0,4.0,4.0,6499,4.0,4.0,4.0,1625,0.0151,0.9935,0.9937,0.987,0.9998,0.9997,0.9935,0.9866,1.0,2659.0,34.0,0.0,2506.0,0.0825,0.0156,0.9931,0.9933,0.9862,0.9998,0.9997,0.9931,0.9858,1.0,664.0,9.0,0.0,627.0,0.0216,0.0163,0.992,0.9923,0.9841,0.9998,0.9997,0.992,0.9837,1.0,829.0,13.0,0.0,783.0,0.0273,0.0,0.0,0.0,1830.0,1995.0,-165.0,21.0,25.0,-4.0,1723.0,1879.0,-156.0,14.0,26.0,13.0,2.0,13.0,0.0,15.0,14.0,28.0,13.0,2.0,26.0,14.0,14.0,3.813509702682495,4.0,4.0,6499.0,3.808000087738037,4.0,4.0,1625.0,OpenML_24_mushroom,OpenML_24_mushroom,24,mushroom,8124,22,5,17,0.9923,0.9998,,0.992,,14.0,13.0,26.0
1,A_no_mask_no_pp,False,False,False,False,balanced_acc,val_loss,val_loss,val_bacc,256,B3_D4_K24,0.6530973932915527,0.0028714474468824,0.0018493395654607,0.0537690250261474,0.0157674690327454,balanced_bce,3,4,24,81,0.2962962962962963,256,256,24.26235803216696,,0.0071,0.9992,0.9992,0.9985,0.9989,0.9992,0.9992,1.0,0.9985,2693,0,4,2502,0.0555,0.0013,1.0,1.0,1.0,1.0,1.0,1.0,1.0,1.0,673,0,0,627,0.0138,0.0195,0.9975,0.9974,0.9951,0.9965,0.9974,0.9975,1.0,0.9953,842,0,4,779,0.0174,0.0,4.0,-4.0,1851.0,2020.0,-169.0,0.0,0.0,0.0,1723.0,1875.0,-152.0,10,18,9,5,9,0,3.34605323895984,3.0,4.0,6499,3.3636923076923075,3.0,4.0,1625,,,,,,,,,,,,,,,,,,,,,,,,,,,,,,,,,,,,,,,,,,,,,,,,,,,,,,,,,,,,,,,,,,,,,,,,,,,,,OpenML_24_mushroom,OpenML_24_mushroom,24,mushroom,8124,22,5,17,,,,,,,,
1,B_mask_no_pp,True,False,True,False,balanced_acc,val_loss,val_loss,val_bacc,256,B3_D4_K24,0.6530973932915527,0.0028714474468824,0.0018493395654607,0.0537690250261474,0.0157674690327454,balanced_bce,3,4,24,81,0.2962962962962963,256,256,22.009910576045517,,0.0011,1.0,1.0,1.0,1.0,1.0,1.0,1.0,1.0,2693,0,0,2506,0.0597,0.001,1.0,1.0,1.0,1.0,1.0,1.0,1.0,1.0,673,0,0,627,0.014,0.001,1.0,1.0,1.0,1.0,1.0,1.0,1.0,1.0,842,0,0,783,0.0172,0.0,0.0,0.0,1851.0,2020.0,-169.0,0.0,0.0,0.0,1723.0,1879.0,-156.0,14,26,13,2,13,0,3.600553931374057,4.0,4.0,6499,3.5963076923076924,4.0,4.0,1625,,,,,,,,,,,,,,,,,,,,,,,,,,,,,,,,,,,,,,,,,,,,,,,,,,,,,,,,,,,,,,,,,,,,,,,,,,,,,OpenML_24_mushroom,OpenML_24_mushroom,24,mushroom,8124,22,5,17,,,,,,,,
1,C_mask_pp,True,True,True,False,balanced_acc,val_loss,val_loss,val_bacc,256,B3_D4_K24,0.6530973932915527,0.0028714474468824,0.0018493395654607,0.0537690250261474,0.0157674690327454,balanced_bce,3,4,24,81,0.2962962962962963,256,256,21.763007193803787,,0.0011,1.0,1.0,1.0,1.0,1.0,1.0,1.0,1.0,2693,0,0,2506,0.069,0.001,1.0,1.0,1.0,1.0,1.0,1.0,1.0,1.0,673,0,0,627,0.0136,0.001,1.0,1.0,1.0,1.0,1.0,1.0,1.0,1.0,842,0,0,783,0.0159,0.0,0.0,0.0,1851.0,2020.0,-169.0,0.0,0.0,0.0,1723.0,1879.0,-156.0,14,26,13,2,13,0,3.600553931374057,4.0,4.0,6499,3.5963076923076924,4.0,4.0,1625,0.0011,1.0,1.0,1.0,1.0,1.0,1.0,1.0,1.0,2693.0,0.0,0.0,2506.0,0.082,0.001,1.0,1.0,1.0,1.0,1.0,1.0,1.0,1.0,673.0,0.0,0.0,627.0,0.0225,0.001,1.0,1.0,1.0,1.0,1.0,1.0,1.0,1.0,842.0,0.0,0.0,783.0,0.0266,0.0,0.0,0.0,1851.0,2020.0,-169.0,0.0,0.0,0.0,1723.0,1879.0,-156.0,10.0,18.0,9.0,6.0,9.0,0.0,15.0,10.0,24.0,9.0,6.0,18.0,10.0,10.0,3.262347936630249,3.0,4.0,6499.0,3.2406153678894043,3.0,4.0,1625.0,OpenML_24_mushroom,OpenML_24_mushroom,24,mushroom,8124,22,5,17,1.0,1.0,,1.0,,10.0,9.0,18.0
1,D_no_mask_pp,False,True,False,False,balanced_acc,val_loss,val_loss,val_bacc,256,B3_D4_K24,0.6530973932915527,0.0028714474468824,0.0018493395654607,0.0537690250261474,0.0157674690327454,balanced_bce,3,4,24,81,0.2962962962962963,256,256,23.83651354908943,,0.0071,0.9992,0.9992,0.9985,0.9989,0.9992,0.9992,1.0,0.9985,2693,0,4,2502,0.0703,0.0013,1.0,1.0,1.0,1.0,1.0,1.0,1.0,1.0,673,0,0,627,0.0135,0.0195,0.9975,0.9974,0.9951,0.9965,0.9974,0.9975,1.0,0.9953,842,0,4,779,0.018,0.0,4.0,-4.0,1851.0,2020.0,-169.0,0.0,0.0,0.0,1723.0,1875.0,-152.0,10,18,9,5,9,0,3.34605323895984,3.0,4.0,6499,3.3636923076923075,3.0,4.0,1625,0.0071,0.9992,0.9992,0.9985,0.9989,0.9992,0.9992,1.0,0.9985,2693.0,0.0,4.0,2502.0,0.0788,0.0013,1.0,1.0,1.0,1.0,1.0,1.0,1.0,1.0,673.0,0.0,0.0,627.0,0.023,0.0195,0.9975,0.9974,0.9951,0.9965,0.9974,0.9975,1.0,0.9953,842.0,0.0,4.0,779.0,0.026,0.0,4.0,-4.0,1851.0,2020.0,-169.0,0.0,0.0,0.0,1723.0,1875.0,-152.0,9.0,16.0,8.0,6.0,8.0,0.0,14.0,9.0,22.0,8.0,6.0,16.0,9.0,9.0,3.344053030014038,3.0,4.0,6499.0,3.361846208572388,3.0,4.0,1625.0,OpenML_24_mushroom,OpenML_24_mushroom,24,mushroom,8124,22,5,17,0.9974,0.9965,,0.9975,,9.0,8.0,16.0
2,A_no_mask_no_pp,False,False,False,False,balanced_acc,val_loss,val_loss,val_bacc,256,B4_D4_K24,0.3880500267663557,0.0080162851090646,0.0128034462094975,0.0884044830117007,0.0223270771714542,balanced_bce,4,4,24,256,0.09375,256,256,25.718079648911957,,0.0288,0.9867,0.9871,0.9737,0.9993,0.9987,0.9867,0.9758,0.9973,2631,62,7,2499,0.0564,0.0265,0.9892,0.9896,0.9787,0.9994,0.9988,0.9892,0.9782,1.0,659,14,0,627,0.0135,0.0298,0.9871,0.9875,0.9744,0.9993,0.9985,0.9871,0.9751,0.9988,822,20,1,782,0.0164,6.0,7.0,-1.0,1809.0,1972.0,-163.0,42.0,48.0,-6.0,1717.0,1872.0,-155.0,98,137,40,3,3,37,3.3805200800123094,4.0,4.0,6499,3.4055384615384616,4.0,4.0,1625,,,,,,,,,,,,,,,,,,,,,,,,,,,,,,,,,,,,,,,,,,,,,,,,,,,,,,,,,,,,,,,,,,,,,,,,,,,,,OpenML_24_mushroom,OpenML_24_mushroom,24,mushroom,8124,22,5,17,,,,,,,,
2,B_mask_no_pp,True,False,True,False,balanced_acc,val_loss,val_loss,val_bacc,256,B4_D4_K24,0.3880500267663557,0.0080162851090646,0.0128034462094975,0.0884044830117007,0.0223270771714542,balanced_bce,4,4,24,256,0.09375,256,256,21.27745039388537,,0.0162,0.9965,0.9964,0.9931,0.9992,0.9987,0.9965,1.0,0.9934,2693,0,18,2488,0.0564,0.0102,0.9985,0.9984,0.9969,0.9996,0.9994,0.9985,1.0,0.997,673,0,2,625,0.0159,0.013,0.9975,0.9974,0.9951,0.9995,0.999,0.9975,1.0,0.9953,842,0,4,779,0.0185,14.0,16.0,-2.0,1851.0,2020.0,-169.0,0.0,0.0,0.0,1709.0,1863.0,-154.0,161,217,57,7,2,55,2.891675642406524,3.0,4.0,6499,2.8941538461538463,3.0,4.0,1625,,,,,,,,,,,,,,,,,,,,,,,,,,,,,,,,,,,,,,,,,,,,,,,,,,,,,,,,,,,,,,,,,,,,,,,,,,,,,OpenML_24_mushroom,OpenML_24_mushroom,24,mushroom,8124,22,5,17,,,,,,,,
2,C_mask_pp,True,True,True,False,balanced_acc,val_loss,val_loss,val_bacc,256,B4_D4_K24,0.3880500267663557,0.0080162851090646,0.0128034462094975,0.0884044830117007,0.0223270771714542,balanced_bce,4,4,24,256,0.09375,256,256,22.38641957566142,,0.0162,0.9965,0.9964,0.9931,0.9992,0.9987,0.9965,1.0,0.9934,2693,0,18,2488,0.0636,0.0102,0.9985,0.9984,0.9969,0.9996,0.9994,0.9985,1.0,0.997,673,0,2,625,0.0142,0.013,0.9975,0.9974,0.9951,0.9995,0.999,0.9975,1.0,0.9953,842,0,4,779,0.0178,14.0,16.0,-2.0,1851.0,2020.0,-169.0,0.0,0.0,0.0,1709.0,1863.0,-154.0,161,217,57,7,2,55,2.891675642406524,3.0,4.0,6499,2.8941538461538463,3.0,4.0,1625,0.0162,0.9965,0.9964,0.9931,0.9992,0.9987,0.9965,1.0,0.9934,2693.0,0.0,18.0,2488.0,0.0824,0.0102,0.9985,0.9984,0.9969,0.9996,0.9994,0.9985,1.0,0.997,673.0,0.0,2.0,625.0,0.0228,0.013,0.9975,0.9974,0.9951,0.9995,0.999,0.9975,1.0,0.9953,842.0,0.0,4.0,779.0,0.0289,14.0,16.0,-2.0,1851.0,2020.0,-169.0,0.0,0.0,0.0,1709.0,1863.0,-154.0,8.0,14.0,7.0,6.0,7.0,0.0,13.0,8.0,20.0,7.0,6.0,14.0,8.0,8.0,2.5368518829345703,2.0,4.0,6499.0,2.555692195892334,2.0,4.0,1625.0,OpenML_24_mushroom,OpenML_24_mushroom,24,mushroom,8124,22,5,17,0.9974,0.9995,,0.9975,,8.0,7.0,14.0
2,D_no_mask_pp,False,True,False,False,balanced_acc,val_loss,val_loss,val_bacc,256,B4_D4_K24,0.3880500267663557,0.0080162851090646,0.0128034462094975,0.0884044830117007,0.0223270771714542,balanced_bce,4,4,24,256,0.09375,256,256,25.76586401835084,,0.0288,0.9867,0.9871,0.9737,0.9993,0.9987,0.9867,0.9758,0.9973,2631,62,7,2499,0.0505,0.0265,0.9892,0.9896,0.9787,0.9994,0.9988,0.9892,0.9782,1.0,659,14,0,627,0.0141,0.0298,0.9871,0.9875,0.9744,0.9993,0.9985,0.9871,0.9751,0.9988,822,20,1,782,0.0168,6.0,7.0,-1.0,1809.0,1972.0,-163.0,42.0,48.0,-6.0,1717.0,1872.0,-155.0,98,137,40,3,3,37,3.3805200800123094,4.0,4.0,6499,3.4055384615384616,4.0,4.0,1625,0.0288,0.9867,0.9871,0.9737,0.9993,0.9987,0.9867,0.9758,0.9973,2631.0,62.0,7.0,2499.0,0.0731,0.0265,0.9892,0.9896,0.9787,0.9994,0.9988,0.9892,0.9782,1.0,659.0,14.0,0.0,627.0,0.0214,0.0298,0.9871,0.9875,0.9744,0.9993,0.9985,0.9871,0.9751,0.9988,822.0,20.0,1.0,782.0,0.0265,6.0,7.0,-1.0,1809.0,1972.0,-163.0,42.0,48.0,-6.0,1717.0,1872.0,-155.0,11.0,20.0,10.0,4.0,10.0,0.0,14.0,11.0,24.0,10.0,4.0,20.0,11.0,11.0,3.162332773208618,3.0,4.0,6499.0,3.192615270614624,3.0,4.0,1625.0,OpenML_24_mushroom,OpenML_24_mushroom,24,mushroom,8124,22,5,17,0.9875,0.9993,,0.9871,,11.0,10.0,20.0
3,A_no_mask_no_pp,False,False,False,False,balanced_acc,val_loss,val_loss,val_bacc,256,B4_D4_K32,0.1740604842346233,0.0025255144496329,0.0015738937139279,0.0261321540037019,0.017405600483204,balanced_bce,4,4,32,256,0.125,256,256,23.23038061335683,,0.0757,0.9837,0.9834,0.9673,0.9914,0.9884,0.9836,0.9883,0.9794,2664,29,56,2450,0.0564,0.0802,0.9831,0.983,0.9661,0.9908,0.9871,0.9831,0.984,0.9822,663,10,12,615,0.0135,0.074,0.9846,0.9844,0.9692,0.9913,0.9885,0.9846,0.9884,0.9812,833,9,16,767,0.0157,40.0,44.0,-4.0,1831.0,2001.0,-170.0,20.0,19.0,1.0,1683.0,1835.0,-152.0,244,326,83,2,3,80,3.89244499153716,4.0,4.0,6499,3.898461538461538,4.0,4.0,1625,,,,,,,,,,,,,,,,,,,,,,,,,,,,,,,,,,,,,,,,,,,,,,,,,,,,,,,,,,,,,,,,,,,,,,,,,,,,,OpenML_24_mushroom,OpenML_24_mushroom,24,mushroom,8124,22,5,17,,,,,,,,
3,B_mask_no_pp,True,False,True,False,balanced_acc,val_loss,val_loss,val_bacc,256,B4_D4_K32,0.1740604842346233,0.0025255144496329,0.0015738937139279,0.0261321540037019,0.017405600483204,balanced_bce,4,4,32,256,0.125,256,256,22.90169377624989,,0.0855,0.994,0.9938,0.9881,0.993,0.9937,0.994,1.0,0.9886,2693,0,31,2475,0.0858,0.085,0.9946,0.9944,0.9893,0.9936,0.9943,0.9946,1.0,0.9897,673,0,7,620,0.0146,0.0856,0.9938,0.9936,0.9877,0.9928,0.9935,0.9938,1.0,0.9883,842,0,10,773,0.0236,21.0,24.0,-3.0,1851.0,2020.0,-169.0,0.0,0.0,0.0,1702.0,1855.0,-153.0,250,333,84,1,0,84,4.0,4.0,4.0,6499,4.0,4.0,4.0,1625,,,,,,,,,,,,,,,,,,,,,,,,,,,,,,,,,,,,,,,,,,,,,,,,,,,,,,,,,,,,,,,,,,,,,,,,,,,,,OpenML_24_mushroom,OpenML_24_mushroom,24,mushroom,8124,22,5,17,,,,,,,,
3,C_mask_pp,True,True,True,False,balanced_acc,val_loss,val_loss,val_bacc,256,B4_D4_K32,0.1740604842346233,0.0025255144496329,0.0015738937139279,0.0261321540037019,0.017405600483204,balanced_bce,4,4,32,256,0.125,256,256,22.86413894593716,,0.0855,0.994,0.9938,0.9881,0.993,0.9937,0.994,1.0,0.9886,2693,0,31,2475,0.0629,0.085,0.9946,0.9944,0.9893,0.9936,0.9943,0.9946,1.0,0.9897,673,0,7,620,0.0141,0.0856,0.9938,0.9936,0.9877,0.9928,0.9935,0.9938,1.0,0.9883,842,0,10,773,0.0174,21.0,24.0,-3.0,1851.0,2020.0,-169.0,0.0,0.0,0.0,1702.0,1855.0,-153.0,250,333,84,1,0,84,4.0,4.0,4.0,6499,4.0,4.0,4.0,1625,0.0855,0.994,0.9938,0.9881,0.993,0.9937,0.994,1.0,0.9886,2693.0,0.0,31.0,2475.0,0.0818,0.085,0.9946,0.9944,0.9893,0.9936,0.9943,0.9946,1.0,0.9897,673.0,0.0,7.0,620.0,0.0223,0.0856,0.9938,0.9936,0.9877,0.9928,0.9935,0.9938,1.0,0.9883,842.0,0.0,10.0,773.0,0.0279,21.0,24.0,-3.0,1851.0,2020.0,-169.0,0.0,0.0,0.0,1702.0,1855.0,-153.0,8.0,14.0,7.0,4.0,7.0,0.0,11.0,8.0,18.0,7.0,4.0,14.0,8.0,8.0,3.874134540557861,4.0,4.0,6499.0,3.888000011444092,4.0,4.0,1625.0,OpenML_24_mushroom,OpenML_24_mushroom,24,mushroom,8124,22,5,17,0.9936,0.9928,,0.9938,,8.0,7.0,14.0
3,D_no_mask_pp,False,True,False,False,balanced_acc,val_loss,val_loss,val_bacc,256,B4_D4_K32,0.1740604842346233,0.0025255144496329,0.0015738937139279,0.0261321540037019,0.017405600483204,balanced_bce,4,4,32,256,0.125,256,256,22.9487849958241,,0.0757,0.9837,0.9834,0.9673,0.9914,0.9884,0.9836,0.9883,0.9794,2664,29,56,2450,0.0637,0.0802,0.9831,0.983,0.9661,0.9908,0.9871,0.9831,0.984,0.9822,663,10,12,615,0.0133,0.074,0.9846,0.9844,0.9692,0.9913,0.9885,0.9846,0.9884,0.9812,833,9,16,767,0.0157,40.0,44.0,-4.0,1831.0,2001.0,-170.0,20.0,19.0,1.0,1683.0,1835.0,-152.0,244,326,83,2,3,80,3.89244499153716,4.0,4.0,6499,3.898461538461538,4.0,4.0,1625,0.0757,0.9837,0.9834,0.9673,0.9914,0.9884,0.9836,0.9883,0.9794,2664.0,29.0,56.0,2450.0,0.0793,0.0802,0.9831,0.983,0.9661,0.9908,0.9871,0.9831,0.984,0.9822,663.0,10.0,12.0,615.0,0.0225,0.074,0.9846,0.9844,0.9692,0.9913,0.9885,0.9846,0.9884,0.9812,833.0,9.0,16.0,767.0,0.0265,40.0,44.0,-4.0,1831.0,2001.0,-170.0,20.0,19.0,1.0,1683.0,1835.0,-152.0,9.0,16.0,8.0,5.0,8.0,0.0,13.0,9.0,21.0,8.0,5.0,16.0,9.0,9.0,3.7924296855926514,4.0,4.0,6499.0,3.8061537742614746,4.0,4.0,1625.0,OpenML_24_mushroom,OpenML_24_mushroom,24,mushroom,8124,22,5,17,0.9844,0.9913,,0.9846,,9.0,8.0,16.0
4,A_no_mask_no_pp,False,False,False,False,balanced_acc,val_loss,val_loss,val_bacc,256,B3_D4_K48,0.5073619968560628,0.0124975293128764,0.0368951960140763,0.0258564828023752,0.0035084100572015,balanced_bce,3,4,48,81,0.5925925925925926,256,256,29.03698309138417,,0.0076,0.9988,0.9988,0.9977,0.9998,0.9997,0.9988,1.0,0.9978,2693,0,6,2500,0.0612,0.0015,1.0,1.0,1.0,1.0,1.0,1.0,1.0,1.0,673,0,0,627,0.0141,0.0079,0.9988,0.9987,0.9975,0.9998,0.9996,0.9988,1.0,0.9976,842,0,2,781,0.0168,4.0,6.0,-2.0,1851.0,2020.0,-169.0,0.0,0.0,0.0,1719.0,1873.0,-154.0,53,82,30,3,8,22,3.204185259270657,3.0,4.0,6499,3.217230769230769,3.0,4.0,1625,,,,,,,,,,,,,,,,,,,,,,,,,,,,,,,,,,,,,,,,,,,,,,,,,,,,,,,,,,,,,,,,,,,,,,,,,,,,,OpenML_24_mushroom,OpenML_24_mushroom,24,mushroom,8124,22,5,17,,,,,,,,
4,B_mask_no_pp,True,False,True,False,balanced_acc,val_loss,val_loss,val_bacc,256,B3_D4_K48,0.5073619968560628,0.0124975293128764,0.0368951960140763,0.0258564828023752,0.0035084100572015,balanced_bce,3,4,48,81,0.5925925925925926,256,256,29.404386926442385,,0.0364,0.9938,0.9936,0.9877,0.9948,0.9941,0.9938,1.0,0.9883,2693,0,32,2474,0.0571,0.0257,0.9962,0.996,0.9923,0.9968,0.9963,0.9961,1.0,0.9926,673,0,5,622,0.014,0.0393,0.9932,0.993,0.9865,0.9944,0.9935,0.9932,1.0,0.9871,842,0,11,772,0.0178,21.0,27.0,-6.0,1851.0,2020.0,-169.0,0.0,0.0,0.0,1702.0,1852.0,-150.0,49,75,27,5,6,21,3.991075550084629,4.0,4.0,6499,3.9913846153846153,4.0,4.0,1625,,,,,,,,,,,,,,,,,,,,,,,,,,,,,,,,,,,,,,,,,,,,,,,,,,,,,,,,,,,,,,,,,,,,,,,,,,,,,OpenML_24_mushroom,OpenML_24_mushroom,24,mushroom,8124,22,5,17,,,,,,,,
4,C_mask_pp,True,True,True,False,balanced_acc,val_loss,val_loss,val_bacc,256,B3_D4_K48,0.5073619968560628,0.0124975293128764,0.0368951960140763,0.0258564828023752,0.0035084100572015,balanced_bce,3,4,48,81,0.5925925925925926,256,256,30.11562690883875,,0.0364,0.9938,0.9936,0.9877,0.9948,0.9941,0.9938,1.0,0.9883,2693,0,32,2474,0.0615,0.0257,0.9962,0.996,0.9923,0.9968,0.9963,0.9961,1.0,0.9926,673,0,5,622,0.0142,0.0393,0.9932,0.993,0.9865,0.9944,0.9935,0.9932,1.0,0.9871,842,0,11,772,0.0183,21.0,27.0,-6.0,1851.0,2020.0,-169.0,0.0,0.0,0.0,1702.0,1852.0,-150.0,49,75,27,5,6,21,3.991075550084629,4.0,4.0,6499,3.9913846153846153,4.0,4.0,1625,0.0364,0.9938,0.9936,0.9877,0.9948,0.9941,0.9938,1.0,0.9883,2693.0,0.0,32.0,2474.0,0.0818,0.0257,0.9962,0.996,0.9923,0.9968,0.9963,0.9961,1.0,0.9926,673.0,0.0,5.0,622.0,0.0231,0.0393,0.9932,0.993,0.9865,0.9944,0.9935,0.9932,1.0,0.9871,842.0,0.0,11.0,772.0,0.0252,21.0,27.0,-6.0,1851.0,2020.0,-169.0,0.0,0.0,0.0,1702.0,1852.0,-150.0,5.0,8.0,4.0,6.0,4.0,0.0,10.0,5.0,14.0,4.0,6.0,8.0,5.0,5.0,2.516079425811768,3.0,3.0,6499.0,2.5181539058685303,3.0,3.0,1625.0,OpenML_24_mushroom,OpenML_24_mushroom,24,mushroom,8124,22,5,17,0.993,0.9944,,0.9932,,5.0,4.0,8.0
4,D_no_mask_pp,False,True,False,False,balanced_acc,val_loss,val_loss,val_bacc,256,B3_D4_K48,0.5073619968560628,0.0124975293128764,0.0368951960140763,0.0258564828023752,0.0035084100572015,balanced_bce,3,4,48,81,0.5925925925925926,256,256,29.00773257017136,,0.0076,0.9988,0.9988,0.9977,0.9998,0.9997,0.9988,1.0,0.9978,2693,0,6,2500,0.0699,0.0015,1.0,1.0,1.0,1.0,1.0,1.0,1.0,1.0,673,0,0,627,0.0133,0.0079,0.9988,0.9987,0.9975,0.9998,0.9996,0.9988,1.0,0.9976,842,0,2,781,0.0178,4.0,6.0,-2.0,1851.0,2020.0,-169.0,0.0,0.0,0.0,1719.0,1873.0,-154.0,53,82,30,3,8,22,3.204185259270657,3.0,4.0,6499,3.217230769230769,3.0,4.0,1625,0.0076,0.9988,0.9988,0.9977,0.9998,0.9997,0.9988,1.0,0.9978,2693.0,0.0,6.0,2500.0,0.0805,0.0015,1.0,1.0,1.0,1.0,1.0,1.0,1.0,1.0,673.0,0.0,0.0,627.0,0.0221,0.0079,0.9988,0.9987,0.9975,0.9998,0.9996,0.9988,1.0,0.9976,842.0,0.0,2.0,781.0,0.0264,4.0,6.0,-2.0,1851.0,2020.0,-169.0,0.0,0.0,0.0,1719.0,1873.0,-154.0,9.0,16.0,8.0,5.0,8.0,0.0,13.0,9.0,21.0,8.0,5.0,16.0,9.0,9.0,2.7370364665985107,3.0,4.0,6499.0,2.734769344329834,3.0,4.0,1625.0,OpenML_24_mushroom,OpenML_24_mushroom,24,mushroom,8124,22,5,17,0.9987,0.9998,,0.9988,,9.0,8.0,16.0
0,A_no_mask_no_pp,False,False,False,False,balanced_acc,val_loss,val_loss,val_bacc,19,B3_D4_K36,1.001111906169973,0.001022782865208,0.0603800712655173,0.0372552826984487,0.0031188325512934,balanced_bce,3,4,36,81,0.4444444444444444,16,19,9.35973735526204,,0.4081,0.8511,0.8462,0.685,0.879,0.8903,0.8421,0.8951,0.7826,72,15,20,128,0.0027,0.3447,0.9153,0.914,0.821,0.9435,0.9549,0.9102,0.9444,0.8696,20,2,3,34,0.0056,0.4879,0.7838,0.7667,0.5335,0.8247,0.8564,0.7667,0.8298,0.7037,19,8,8,39,0.0015,12.0,17.0,-5.0,53.0,52.0,1.0,7.0,13.0,-6.0,89.0,94.0,-5.0,21,37,17,0,14,3,4.0,4.0,4.0,294,4.0,4.0,4.0,74,,,,,,,,,,,,,,,,,,,,,,,,,,,,,,,,,,,,,,,,,,,,,,,,,,,,,,,,,,,,,,,,,,,,,,,,,,,,,OpenML_27_colic,OpenML_27_colic,27,colic,368,22,9,13,,,,,,,,
0,B_mask_no_pp,True,False,True,False,balanced_acc,val_loss,val_loss,val_bacc,19,B3_D4_K36,1.001111906169973,0.001022782865208,0.0603800712655173,0.0372552826984487,0.0031188325512934,balanced_bce,3,4,36,81,0.4444444444444444,16,19,9.085878390818834,,0.3761,0.8723,0.8679,0.7293,0.889,0.8953,0.8644,0.9097,0.8132,74,13,17,131,0.0029,0.342,0.8983,0.9005,0.7885,0.9337,0.9517,0.8931,0.9429,0.8333,20,2,4,33,0.0017,0.4791,0.7838,0.7667,0.5335,0.8373,0.8605,0.7667,0.8298,0.7037,19,8,8,39,0.0018,9.0,13.0,-4.0,55.0,54.0,1.0,5.0,11.0,-6.0,92.0,98.0,-6.0,20,36,17,0,15,2,4.0,4.0,4.0,294,4.0,4.0,4.0,74,,,,,,,,,,,,,,,,,,,,,,,,,,,,,,,,,,,,,,,,,,,,,,,,,,,,,,,,,,,,,,,,,,,,,,,,,,,,,OpenML_27_colic,OpenML_27_colic,27,colic,368,22,9,13,,,,,,,,
0,C_mask_pp,True,True,True,False,balanced_acc,val_loss,val_loss,val_bacc,19,B3_D4_K36,1.001111906169973,0.001022782865208,0.0603800712655173,0.0372552826984487,0.0031188325512934,balanced_bce,3,4,36,81,0.4444444444444444,16,19,9.071286160498856,,0.3761,0.8723,0.8679,0.7293,0.889,0.8953,0.8644,0.9097,0.8132,74,13,17,131,0.0028,0.342,0.8983,0.9005,0.7885,0.9337,0.9517,0.8931,0.9429,0.8333,20,2,4,33,0.0017,0.4791,0.7838,0.7667,0.5335,0.8373,0.8605,0.7667,0.8298,0.7037,19,8,8,39,0.0019,9.0,13.0,-4.0,55.0,54.0,1.0,5.0,11.0,-6.0,92.0,98.0,-6.0,20,36,17,0,15,2,4.0,4.0,4.0,294,4.0,4.0,4.0,74,0.3761,0.8723,0.8679,0.7293,0.889,0.8953,0.8644,0.9097,0.8132,74.0,13.0,17.0,131.0,0.0043,0.342,0.8983,0.9005,0.7885,0.9337,0.9517,0.8931,0.9429,0.8333,20.0,2.0,4.0,33.0,0.0031,0.4791,0.7838,0.7667,0.5335,0.8373,0.8605,0.7667,0.8298,0.7037,19.0,8.0,8.0,39.0,0.0032,9.0,13.0,-4.0,55.0,54.0,1.0,5.0,11.0,-6.0,92.0,98.0,-6.0,8.0,14.0,7.0,5.0,7.0,0.0,12.0,8.0,19.0,7.0,5.0,14.0,8.0,7.0,3.010204076766968,3.0,3.0,294.0,2.9864864349365234,3.0,3.0,74.0,OpenML_27_colic,OpenML_27_colic,27,colic,368,22,9,13,0.7667,0.8373,,0.7667,,8.0,7.0,14.0
0,D_no_mask_pp,False,True,False,False,balanced_acc,val_loss,val_loss,val_bacc,19,B3_D4_K36,1.001111906169973,0.001022782865208,0.0603800712655173,0.0372552826984487,0.0031188325512934,balanced_bce,3,4,36,81,0.4444444444444444,16,19,8.945606514811516,,0.4081,0.8511,0.8462,0.685,0.879,0.8903,0.8421,0.8951,0.7826,72,15,20,128,0.0027,0.3447,0.9153,0.914,0.821,0.9435,0.9549,0.9102,0.9444,0.8696,20,2,3,34,0.0019,0.4879,0.7838,0.7667,0.5335,0.8247,0.8564,0.7667,0.8298,0.7037,19,8,8,39,0.0016,12.0,17.0,-5.0,53.0,52.0,1.0,7.0,13.0,-6.0,89.0,94.0,-5.0,21,37,17,0,14,3,4.0,4.0,4.0,294,4.0,4.0,4.0,74,0.4081,0.8511,0.8462,0.685,0.879,0.8903,0.8421,0.8951,0.7826,72.0,15.0,20.0,128.0,0.005,0.3447,0.9153,0.914,0.821,0.9435,0.9549,0.9102,0.9444,0.8696,20.0,2.0,3.0,34.0,0.0038,0.4879,0.7838,0.7667,0.5335,0.8247,0.8564,0.7667,0.8298,0.7037,19.0,8.0,8.0,39.0,0.0037,12.0,17.0,-5.0,53.0,52.0,1.0,7.0,13.0,-6.0,89.0,94.0,-5.0,8.0,14.0,7.0,5.0,7.0,0.0,12.0,8.0,19.0,7.0,5.0,14.0,8.0,7.0,3.0238094329833984,3.0,3.0,294.0,2.9864864349365234,3.0,3.0,74.0,OpenML_27_colic,OpenML_27_colic,27,colic,368,22,9,13,0.7667,0.8247,,0.7667,,8.0,7.0,14.0
1,A_no_mask_no_pp,False,False,False,False,balanced_acc,val_loss,val_loss,val_bacc,19,B4_D3_K32,0.4002371746231994,0.0013865748193034,0.00246417852636,0.0011243026442196,0.0144113801322941,balanced_bce,4,3,32,64,0.5,16,19,12.270559329539536,,0.526,0.8681,0.8597,0.7178,0.8647,0.8744,0.8589,0.898,0.8182,72,15,16,132,0.0025,0.5465,0.8305,0.8372,0.6569,0.8372,0.8557,0.8244,0.9091,0.7308,19,3,7,30,0.0016,0.5644,0.7973,0.7537,0.5501,0.7569,0.7851,0.7662,0.7963,0.8,16,11,4,43,0.0017,12.0,9.0,3.0,56.0,53.0,3.0,4.0,12.0,-8.0,89.0,102.0,-13.0,25,34,10,0,2,8,3.0,3.0,3.0,294,3.0,3.0,3.0,74,,,,,,,,,,,,,,,,,,,,,,,,,,,,,,,,,,,,,,,,,,,,,,,,,,,,,,,,,,,,,,,,,,,,,,,,,,,,,OpenML_27_colic,OpenML_27_colic,27,colic,368,22,9,13,,,,,,,,
1,B_mask_no_pp,True,False,True,False,balanced_acc,val_loss,val_loss,val_bacc,19,B4_D3_K32,0.4002371746231994,0.0013865748193034,0.00246417852636,0.0011243026442196,0.0144113801322941,balanced_bce,4,3,32,64,0.5,16,19,13.94824868813157,,0.502,0.8553,0.8472,0.6913,0.8834,0.8996,0.8456,0.8904,0.7978,71,16,18,130,0.0026,0.5378,0.8136,0.8145,0.6155,0.8342,0.8575,0.8055,0.8824,0.72,18,4,7,30,0.0019,0.5426,0.7838,0.7352,0.5184,0.7963,0.82,0.7477,0.7818,0.7895,15,12,4,43,0.0016,14.0,11.0,3.0,56.0,53.0,3.0,4.0,12.0,-8.0,87.0,100.0,-13.0,33,45,13,1,1,12,3.0,3.0,3.0,294,3.0,3.0,3.0,74,,,,,,,,,,,,,,,,,,,,,,,,,,,,,,,,,,,,,,,,,,,,,,,,,,,,,,,,,,,,,,,,,,,,,,,,,,,,,OpenML_27_colic,OpenML_27_colic,27,colic,368,22,9,13,,,,,,,,
1,C_mask_pp,True,True,True,False,balanced_acc,val_loss,val_loss,val_bacc,19,B4_D3_K32,0.4002371746231994,0.0013865748193034,0.00246417852636,0.0011243026442196,0.0144113801322941,balanced_bce,4,3,32,64,0.5,16,19,14.900356575846672,,0.502,0.8553,0.8472,0.6913,0.8834,0.8996,0.8456,0.8904,0.7978,71,16,18,130,0.0028,0.5378,0.8136,0.8145,0.6155,0.8342,0.8575,0.8055,0.8824,0.72,18,4,7,30,0.0019,0.5426,0.7838,0.7352,0.5184,0.7963,0.82,0.7477,0.7818,0.7895,15,12,4,43,0.0017,14.0,11.0,3.0,56.0,53.0,3.0,4.0,12.0,-8.0,87.0,100.0,-13.0,33,45,13,1,1,12,3.0,3.0,3.0,294,3.0,3.0,3.0,74,0.502,0.8553,0.8472,0.6913,0.8834,0.8996,0.8456,0.8904,0.7978,71.0,16.0,18.0,130.0,0.0039,0.5378,0.8136,0.8145,0.6155,0.8342,0.8575,0.8055,0.8824,0.72,18.0,4.0,7.0,30.0,0.0027,0.5426,0.7838,0.7352,0.5184,0.7963,0.82,0.7477,0.7818,0.7895,15.0,12.0,4.0,43.0,0.0026,14.0,11.0,3.0,56.0,53.0,3.0,4.0,12.0,-8.0,87.0,100.0,-13.0,3.0,4.0,2.0,2.0,2.0,0.0,4.0,3.0,6.0,2.0,2.0,4.0,3.0,3.0,1.8571428060531616,2.0,2.0,294.0,1.8648648262023928,2.0,2.0,74.0,OpenML_27_colic,OpenML_27_colic,27,colic,368,22,9,13,0.7352,0.7963,,0.7477,,3.0,2.0,4.0
1,D_no_mask_pp,False,True,False,False,balanced_acc,val_loss,val_loss,val_bacc,19,B4_D3_K32,0.4002371746231994,0.0013865748193034,0.00246417852636,0.0011243026442196,0.0144113801322941,balanced_bce,4,3,32,64,0.5,16,19,12.316535640507936,,0.526,0.8681,0.8597,0.7178,0.8647,0.8744,0.8589,0.898,0.8182,72,15,16,132,0.0027,0.5465,0.8305,0.8372,0.6569,0.8372,0.8557,0.8244,0.9091,0.7308,19,3,7,30,0.0016,0.5644,0.7973,0.7537,0.5501,0.7569,0.7851,0.7662,0.7963,0.8,16,11,4,43,0.0017,12.0,9.0,3.0,56.0,53.0,3.0,4.0,12.0,-8.0,89.0,102.0,-13.0,25,34,10,0,2,8,3.0,3.0,3.0,294,3.0,3.0,3.0,74,0.526,0.8681,0.8597,0.7178,0.8647,0.8744,0.8589,0.898,0.8182,72.0,15.0,16.0,132.0,0.0036,0.5465,0.8305,0.8372,0.6569,0.8372,0.8557,0.8244,0.9091,0.7308,19.0,3.0,7.0,30.0,0.0023,0.5644,0.7973,0.7537,0.5501,0.7569,0.7851,0.7662,0.7963,0.8,16.0,11.0,4.0,43.0,0.0027,12.0,9.0,3.0,56.0,53.0,3.0,4.0,12.0,-8.0,89.0,102.0,-13.0,3.0,4.0,2.0,2.0,2.0,0.0,4.0,3.0,6.0,2.0,2.0,4.0,3.0,3.0,1.7585034370422363,2.0,2.0,294.0,1.8108108043670652,2.0,2.0,74.0,OpenML_27_colic,OpenML_27_colic,27,colic,368,22,9,13,0.7537,0.7569,,0.7662,,3.0,2.0,4.0
2,A_no_mask_no_pp,False,False,False,False,balanced_acc,val_loss,val_loss,val_bacc,19,B3_D3_K18,0.1944753988551547,0.0013213385616494,0.0033380418099959,0.0923472918286131,0.020429500204474,balanced_bce,3,3,18,27,0.6666666666666666,16,19,8.072099294513464,,0.3229,0.8809,0.8699,0.7434,0.9128,0.9218,0.8716,0.9,0.8471,72,15,13,135,0.0026,0.2736,0.9322,0.9091,0.8593,0.9091,0.9066,0.9244,0.9024,1.0,18,4,0,37,0.0016,0.6861,0.7162,0.6742,0.3668,0.7352,0.7846,0.6797,0.75,0.6364,14,13,8,39,0.0017,5.0,13.0,-8.0,58.0,54.0,4.0,2.0,11.0,-9.0,96.0,98.0,-2.0,26,38,13,0,1,12,3.0,3.0,3.0,294,3.0,3.0,3.0,74,,,,,,,,,,,,,,,,,,,,,,,,,,,,,,,,,,,,,,,,,,,,,,,,,,,,,,,,,,,,,,,,,,,,,,,,,,,,,OpenML_27_colic,OpenML_27_colic,27,colic,368,22,9,13,,,,,,,,
2,B_mask_no_pp,True,False,True,False,balanced_acc,val_loss,val_loss,val_bacc,19,B3_D3_K18,0.1944753988551547,0.0013213385616494,0.0033380418099959,0.0923472918286131,0.020429500204474,balanced_bce,3,3,18,27,0.6666666666666666,16,19,8.432970888912678,,0.4087,0.8511,0.8581,0.6977,0.9142,0.9255,0.8451,0.9248,0.7549,77,10,25,123,0.0027,0.3051,0.9322,0.9183,0.8546,0.9294,0.9354,0.9261,0.9231,0.95,19,3,1,36,0.002,0.7018,0.7297,0.7084,0.4169,0.7139,0.7843,0.7084,0.7872,0.6296,17,10,10,37,0.002,15.0,24.0,-9.0,60.0,58.0,2.0,0.0,7.0,-7.0,86.0,87.0,-1.0,27,39,13,0,0,13,3.0,3.0,3.0,294,3.0,3.0,3.0,74,,,,,,,,,,,,,,,,,,,,,,,,,,,,,,,,,,,,,,,,,,,,,,,,,,,,,,,,,,,,,,,,,,,,,,,,,,,,,OpenML_27_colic,OpenML_27_colic,27,colic,368,22,9,13,,,,,,,,
2,C_mask_pp,True,True,True,False,balanced_acc,val_loss,val_loss,val_bacc,19,B3_D3_K18,0.1944753988551547,0.0013213385616494,0.0033380418099959,0.0923472918286131,0.020429500204474,balanced_bce,3,3,18,27,0.6666666666666666,16,19,8.483140140771866,,0.4087,0.8511,0.8581,0.6977,0.9142,0.9255,0.8451,0.9248,0.7549,77,10,25,123,0.0025,0.3051,0.9322,0.9183,0.8546,0.9294,0.9354,0.9261,0.9231,0.95,19,3,1,36,0.0015,0.7018,0.7297,0.7084,0.4169,0.7139,0.7843,0.7084,0.7872,0.6296,17,10,10,37,0.0017,15.0,24.0,-9.0,60.0,58.0,2.0,0.0,7.0,-7.0,86.0,87.0,-1.0,27,39,13,0,0,13,3.0,3.0,3.0,294,3.0,3.0,3.0,74,0.4087,0.8511,0.8581,0.6977,0.9142,0.9255,0.8451,0.9248,0.7549,77.0,10.0,25.0,123.0,0.0062,0.3051,0.9322,0.9183,0.8546,0.9294,0.9354,0.9261,0.9231,0.95,19.0,3.0,1.0,36.0,0.0023,0.7018,0.7297,0.7084,0.4169,0.7139,0.7843,0.7084,0.7872,0.6296,17.0,10.0,10.0,37.0,0.0025,15.0,24.0,-9.0,60.0,58.0,2.0,0.0,7.0,-7.0,86.0,87.0,-1.0,8.0,14.0,7.0,0.0,7.0,0.0,7.0,8.0,14.0,7.0,0.0,14.0,8.0,8.0,3.0,3.0,3.0,294.0,3.0,3.0,3.0,74.0,OpenML_27_colic,OpenML_27_colic,27,colic,368,22,9,13,0.7084,0.7139,,0.7084,,8.0,7.0,14.0
2,D_no_mask_pp,False,True,False,False,balanced_acc,val_loss,val_loss,val_bacc,19,B3_D3_K18,0.1944753988551547,0.0013213385616494,0.0033380418099959,0.0923472918286131,0.020429500204474,balanced_bce,3,3,18,27,0.6666666666666666,16,19,8.551883444190025,,0.3229,0.8809,0.8699,0.7434,0.9128,0.9218,0.8716,0.9,0.8471,72,15,13,135,0.0024,0.2736,0.9322,0.9091,0.8593,0.9091,0.9066,0.9244,0.9024,1.0,18,4,0,37,0.0016,0.6861,0.7162,0.6742,0.3668,0.7352,0.7846,0.6797,0.75,0.6364,14,13,8,39,0.0018,5.0,13.0,-8.0,58.0,54.0,4.0,2.0,11.0,-9.0,96.0,98.0,-2.0,26,38,13,0,1,12,3.0,3.0,3.0,294,3.0,3.0,3.0,74,0.3229,0.8809,0.8699,0.7434,0.9128,0.9218,0.8716,0.9,0.8471,72.0,15.0,13.0,135.0,0.0033,0.2736,0.9322,0.9091,0.8593,0.9091,0.9066,0.9244,0.9024,1.0,18.0,4.0,0.0,37.0,0.0022,0.6861,0.7162,0.6742,0.3668,0.7352,0.7846,0.6797,0.75,0.6364,14.0,13.0,8.0,39.0,0.003,5.0,13.0,-8.0,58.0,54.0,4.0,2.0,11.0,-9.0,96.0,98.0,-2.0,9.0,15.0,7.0,0.0,6.0,1.0,7.0,9.0,15.0,7.0,0.0,15.0,9.0,9.0,3.0,3.0,3.0,294.0,3.0,3.0,3.0,74.0,OpenML_27_colic,OpenML_27_colic,27,colic,368,22,9,13,0.6742,0.7352,,0.6797,,9.0,7.0,15.0
3,A_no_mask_no_pp,False,False,False,False,balanced_acc,val_loss,val_loss,val_bacc,19,B4_D4_K24,0.972245428524131,0.0035402498846531,0.0638647079126349,0.0401606580465692,0.0140680992785808,balanced_bce,4,4,24,256,0.09375,16,19,11.70193737000227,,0.433,0.8,0.7938,0.5792,0.8594,0.8729,0.7889,0.8582,0.7128,67,20,27,121,0.0413,0.3506,0.9153,0.9048,0.8177,0.9079,0.9012,0.9085,0.9211,0.9048,19,3,2,35,0.0017,0.3892,0.8514,0.8436,0.6821,0.8944,0.9082,0.8409,0.8913,0.7857,22,5,6,41,0.0019,21.0,25.0,-4.0,45.0,48.0,-3.0,15.0,17.0,-2.0,80.0,86.0,-6.0,31,46,16,1,8,8,3.806122448979592,4.0,4.0,294,3.824324324324324,4.0,4.0,74,,,,,,,,,,,,,,,,,,,,,,,,,,,,,,,,,,,,,,,,,,,,,,,,,,,,,,,,,,,,,,,,,,,,,,,,,,,,,OpenML_27_colic,OpenML_27_colic,27,colic,368,22,9,13,,,,,,,,
3,B_mask_no_pp,True,False,True,False,balanced_acc,val_loss,val_loss,val_bacc,19,B4_D4_K24,0.972245428524131,0.0035402498846531,0.0638647079126349,0.0401606580465692,0.0140680992785808,balanced_bce,4,4,24,256,0.09375,16,19,9.31855422630906,,0.4842,0.7872,0.7861,0.5595,0.8479,0.8576,0.7776,0.8603,0.6869,68,19,31,117,0.0897,0.3895,0.8983,0.8913,0.7826,0.9048,0.8976,0.8913,0.9189,0.8636,19,3,3,34,0.0018,0.45,0.8378,0.8408,0.6651,0.8759,0.8878,0.8299,0.907,0.7419,23,4,8,39,0.0018,23.0,28.0,-5.0,45.0,49.0,-4.0,15.0,16.0,-1.0,78.0,83.0,-5.0,17,31,15,0,14,1,4.0,4.0,4.0,294,4.0,4.0,4.0,74,,,,,,,,,,,,,,,,,,,,,,,,,,,,,,,,,,,,,,,,,,,,,,,,,,,,,,,,,,,,,,,,,,,,,,,,,,,,,OpenML_27_colic,OpenML_27_colic,27,colic,368,22,9,13,,,,,,,,
3,C_mask_pp,True,True,True,False,balanced_acc,val_loss,val_loss,val_bacc,19,B4_D4_K24,0.972245428524131,0.0035402498846531,0.0638647079126349,0.0401606580465692,0.0140680992785808,balanced_bce,4,4,24,256,0.09375,16,19,9.181458707898855,,0.4842,0.7872,0.7861,0.5595,0.8479,0.8576,0.7776,0.8603,0.6869,68,19,31,117,0.1267,0.3895,0.8983,0.8913,0.7826,0.9048,0.8976,0.8913,0.9189,0.8636,19,3,3,34,0.0018,0.45,0.8378,0.8408,0.6651,0.8759,0.8878,0.8299,0.907,0.7419,23,4,8,39,0.0018,23.0,28.0,-5.0,45.0,49.0,-4.0,15.0,16.0,-1.0,78.0,83.0,-5.0,17,31,15,0,14,1,4.0,4.0,4.0,294,4.0,4.0,4.0,74,0.4842,0.7872,0.7861,0.5595,0.8479,0.8576,0.7776,0.8603,0.6869,68.0,19.0,31.0,117.0,0.008,0.3895,0.8983,0.8913,0.7826,0.9048,0.8976,0.8913,0.9189,0.8636,19.0,3.0,3.0,34.0,0.0032,0.45,0.8378,0.8408,0.6651,0.8759,0.8878,0.8299,0.907,0.7419,23.0,4.0,8.0,39.0,0.0033,23.0,28.0,-5.0,45.0,49.0,-4.0,15.0,16.0,-1.0,78.0,83.0,-5.0,4.0,6.0,3.0,5.0,3.0,0.0,8.0,4.0,11.0,3.0,5.0,6.0,4.0,4.0,2.0,2.0,2.0,294.0,2.0,2.0,2.0,74.0,OpenML_27_colic,OpenML_27_colic,27,colic,368,22,9,13,0.8408,0.8759,,0.8299,,4.0,3.0,6.0
3,D_no_mask_pp,False,True,False,False,balanced_acc,val_loss,val_loss,val_bacc,19,B4_D4_K24,0.972245428524131,0.0035402498846531,0.0638647079126349,0.0401606580465692,0.0140680992785808,balanced_bce,4,4,24,256,0.09375,16,19,11.576796807348728,,0.433,0.8,0.7938,0.5792,0.8594,0.8729,0.7889,0.8582,0.7128,67,20,27,121,0.0047,0.3506,0.9153,0.9048,0.8177,0.9079,0.9012,0.9085,0.9211,0.9048,19,3,2,35,0.0016,0.3892,0.8514,0.8436,0.6821,0.8944,0.9082,0.8409,0.8913,0.7857,22,5,6,41,0.0018,21.0,25.0,-4.0,45.0,48.0,-3.0,15.0,17.0,-2.0,80.0,86.0,-6.0,31,46,16,1,8,8,3.806122448979592,4.0,4.0,294,3.824324324324324,4.0,4.0,74,0.433,0.8,0.7938,0.5792,0.8594,0.8729,0.7889,0.8582,0.7128,67.0,20.0,27.0,121.0,0.0039,0.3506,0.9153,0.9048,0.8177,0.9079,0.9012,0.9085,0.9211,0.9048,19.0,3.0,2.0,35.0,0.0031,0.3892,0.8514,0.8436,0.6821,0.8944,0.9082,0.8409,0.8913,0.7857,22.0,5.0,6.0,41.0,0.0029,21.0,25.0,-4.0,45.0,48.0,-3.0,15.0,17.0,-2.0,80.0,86.0,-6.0,9.0,16.0,8.0,4.0,8.0,0.0,12.0,9.0,20.0,8.0,4.0,16.0,9.0,7.0,2.748299360275269,3.0,4.0,294.0,2.7432432174682617,3.0,4.0,74.0,OpenML_27_colic,OpenML_27_colic,27,colic,368,22,9,13,0.8436,0.8944,,0.8409,,9.0,8.0,16.0
4,A_no_mask_no_pp,False,False,False,False,balanced_acc,val_loss,val_loss,val_bacc,19,B3_D4_K24,0.5531107689968767,0.001058283799206,0.0412621484997794,0.041874099431831,0.0131762085519857,balanced_bce,3,4,24,81,0.2962962962962963,16,19,9.846245009452105,,0.4197,0.8085,0.8172,0.6156,0.8848,0.8901,0.8022,0.8992,0.6981,74,13,32,116,0.0026,0.3495,0.9322,0.9459,0.8687,0.9638,0.9765,0.9298,1.0,0.8462,22,0,4,33,0.0014,0.435,0.8243,0.8223,0.632,0.8621,0.8792,0.8145,0.8864,0.7333,22,5,8,39,0.0015,24.0,28.0,-4.0,52.0,52.0,0.0,8.0,13.0,-5.0,77.0,83.0,-6.0,24,39,16,1,9,7,3.724489795918368,4.0,4.0,294,3.689189189189189,4.0,4.0,74,,,,,,,,,,,,,,,,,,,,,,,,,,,,,,,,,,,,,,,,,,,,,,,,,,,,,,,,,,,,,,,,,,,,,,,,,,,,,OpenML_27_colic,OpenML_27_colic,27,colic,368,22,9,13,,,,,,,,
4,B_mask_no_pp,True,False,True,False,balanced_acc,val_loss,val_loss,val_bacc,19,B3_D4_K24,0.5531107689968767,0.001058283799206,0.0412621484997794,0.041874099431831,0.0131762085519857,balanced_bce,3,4,24,81,0.2962962962962963,16,19,11.46925089135766,,0.474,0.8043,0.7949,0.5845,0.8561,0.8659,0.792,0.8542,0.7253,66,21,25,123,0.0027,0.4302,0.8983,0.9005,0.7885,0.887,0.8965,0.8931,0.9429,0.8333,20,2,4,33,0.0018,0.4801,0.7703,0.7955,0.5692,0.8853,0.9056,0.7668,0.9167,0.6316,24,3,14,33,0.0016,11.0,21.0,-10.0,42.0,46.0,-4.0,18.0,19.0,-1.0,90.0,90.0,0.0,33,53,21,0,10,11,4.0,4.0,4.0,294,4.0,4.0,4.0,74,,,,,,,,,,,,,,,,,,,,,,,,,,,,,,,,,,,,,,,,,,,,,,,,,,,,,,,,,,,,,,,,,,,,,,,,,,,,,OpenML_27_colic,OpenML_27_colic,27,colic,368,22,9,13,,,,,,,,
4,C_mask_pp,True,True,True,False,balanced_acc,val_loss,val_loss,val_bacc,19,B3_D4_K24,0.5531107689968767,0.001058283799206,0.0412621484997794,0.041874099431831,0.0131762085519857,balanced_bce,3,4,24,81,0.2962962962962963,16,19,11.879034772515295,,0.474,0.8043,0.7949,0.5845,0.8561,0.8659,0.792,0.8542,0.7253,66,21,25,123,0.0024,0.4302,0.8983,0.9005,0.7885,0.887,0.8965,0.8931,0.9429,0.8333,20,2,4,33,0.0016,0.4801,0.7703,0.7955,0.5692,0.8853,0.9056,0.7668,0.9167,0.6316,24,3,14,33,0.0018,11.0,21.0,-10.0,42.0,46.0,-4.0,18.0,19.0,-1.0,90.0,90.0,0.0,33,53,21,0,10,11,4.0,4.0,4.0,294,4.0,4.0,4.0,74,0.474,0.8043,0.7949,0.5845,0.8561,0.8659,0.792,0.8542,0.7253,66.0,21.0,25.0,123.0,0.0034,0.4302,0.8983,0.9005,0.7885,0.887,0.8965,0.8931,0.9429,0.8333,20.0,2.0,4.0,33.0,0.0029,0.4801,0.7703,0.7955,0.5692,0.8853,0.9056,0.7668,0.9167,0.6316,24.0,3.0,14.0,33.0,0.003,11.0,21.0,-10.0,42.0,46.0,-4.0,18.0,19.0,-1.0,90.0,90.0,0.0,8.0,14.0,7.0,1.0,7.0,0.0,8.0,8.0,15.0,7.0,1.0,14.0,8.0,7.0,3.0,3.0,3.0,294.0,3.0,3.0,3.0,74.0,OpenML_27_colic,OpenML_27_colic,27,colic,368,22,9,13,0.7955,0.8853,,0.7668,,8.0,7.0,14.0
4,D_no_mask_pp,False,True,False,False,balanced_acc,val_loss,val_loss,val_bacc,19,B3_D4_K24,0.5531107689968767,0.001058283799206,0.0412621484997794,0.041874099431831,0.0131762085519857,balanced_bce,3,4,24,81,0.2962962962962963,16,19,10.356731671839952,,0.4197,0.8085,0.8172,0.6156,0.8848,0.8901,0.8022,0.8992,0.6981,74,13,32,116,0.0024,0.3495,0.9322,0.9459,0.8687,0.9638,0.9765,0.9298,1.0,0.8462,22,0,4,33,0.0016,0.435,0.8243,0.8223,0.632,0.8621,0.8792,0.8145,0.8864,0.7333,22,5,8,39,0.0017,24.0,28.0,-4.0,52.0,52.0,0.0,8.0,13.0,-5.0,77.0,83.0,-6.0,24,39,16,1,9,7,3.724489795918368,4.0,4.0,294,3.689189189189189,4.0,4.0,74,0.4197,0.8085,0.8172,0.6156,0.8848,0.8901,0.8022,0.8992,0.6981,74.0,13.0,32.0,116.0,0.004,0.3495,0.9322,0.9459,0.8687,0.9638,0.9765,0.9298,1.0,0.8462,22.0,0.0,4.0,33.0,0.0034,0.435,0.8243,0.8223,0.632,0.8621,0.8792,0.8145,0.8864,0.7333,22.0,5.0,8.0,39.0,0.0033,24.0,28.0,-4.0,52.0,52.0,0.0,8.0,13.0,-5.0,77.0,83.0,-6.0,14.0,24.0,11.0,2.0,9.0,2.0,13.0,14.0,26.0,11.0,2.0,24.0,14.0,11.0,3.319727897644043,3.0,4.0,294.0,3.3648648262023926,3.0,4.0,74.0,OpenML_27_colic,OpenML_27_colic,27,colic,368,22,9,13,0.8223,0.8621,,0.8145,,14.0,11.0,24.0
0,A_no_mask_no_pp,False,False,False,False,balanced_acc,val_loss,val_loss,val_bacc,53,B4_D4_K64,0.7052103712483276,0.011444506780845,0.0320966813074906,0.0026182935619789,0.0129456244297554,balanced_bce,4,4,64,256,0.25,42,53,15.611604914069176,,0.5974,0.6766,0.6975,0.3626,0.7227,0.8325,0.6591,0.8576,0.4752,144,48,159,289,0.012,0.6043,0.6625,0.7113,0.3884,0.7215,0.8507,0.6533,0.8919,0.4651,40,8,46,66,0.0029,0.6093,0.62,0.6429,0.2619,0.702,0.8292,0.6042,0.82,0.42,42,18,58,82,0.0035,101.0,113.0,-12.0,102.0,104.0,-2.0,30.0,40.0,-10.0,207.0,223.0,-16.0,13,21,9,3,6,3,2.97125,3.0,4.0,800,3.015,3.0,4.0,200,,,,,,,,,,,,,,,,,,,,,,,,,,,,,,,,,,,,,,,,,,,,,,,,,,,,,,,,,,,,,,,,,,,,,,,,,,,,,OpenML_31_credit-g,OpenML_31_credit-g,31,credit-g,1000,20,9,11,,,,,,,,
0,B_mask_no_pp,True,False,True,False,balanced_acc,val_loss,val_loss,val_bacc,53,B4_D4_K64,0.7052103712483276,0.011444506780845,0.0320966813074906,0.0026182935619789,0.0129456244297554,balanced_bce,4,4,64,256,0.25,42,53,15.384437412023544,,0.5926,0.6672,0.6894,0.3474,0.7288,0.8316,0.6502,0.8529,0.4658,143,49,164,284,0.0074,0.5989,0.6687,0.7098,0.3849,0.7246,0.8462,0.6575,0.8831,0.4699,39,9,44,68,0.0022,0.5823,0.67,0.7024,0.371,0.7318,0.8397,0.6562,0.87,0.47,47,13,53,87,0.0027,111.0,120.0,-9.0,96.0,104.0,-8.0,36.0,40.0,-4.0,197.0,216.0,-19.0,16,26,11,2,8,3,3.235,4.0,4.0,800,3.24,4.0,4.0,200,,,,,,,,,,,,,,,,,,,,,,,,,,,,,,,,,,,,,,,,,,,,,,,,,,,,,,,,,,,,,,,,,,,,,,,,,,,,,OpenML_31_credit-g,OpenML_31_credit-g,31,credit-g,1000,20,9,11,,,,,,,,
0,C_mask_pp,True,True,True,False,balanced_acc,val_loss,val_loss,val_bacc,53,B4_D4_K64,0.7052103712483276,0.011444506780845,0.0320966813074906,0.0026182935619789,0.0129456244297554,balanced_bce,4,4,64,256,0.25,42,53,14.927010729908943,,0.5926,0.6672,0.6894,0.3474,0.7288,0.8316,0.6502,0.8529,0.4658,143,49,164,284,0.0099,0.5989,0.6687,0.7098,0.3849,0.7246,0.8462,0.6575,0.8831,0.4699,39,9,44,68,0.0022,0.5823,0.67,0.7024,0.371,0.7318,0.8397,0.6562,0.87,0.47,47,13,53,87,0.0024,111.0,120.0,-9.0,96.0,104.0,-8.0,36.0,40.0,-4.0,197.0,216.0,-19.0,16,26,11,2,8,3,3.235,4.0,4.0,800,3.24,4.0,4.0,200,0.5926,0.6672,0.6894,0.3474,0.7288,0.8316,0.6502,0.8529,0.4658,143.0,49.0,164.0,284.0,0.0674,0.5989,0.6687,0.7098,0.3849,0.7246,0.8462,0.6575,0.8831,0.4699,39.0,9.0,44.0,68.0,0.0035,0.5823,0.67,0.7024,0.371,0.7318,0.8397,0.6562,0.87,0.47,47.0,13.0,53.0,87.0,0.0037,111.0,120.0,-9.0,96.0,104.0,-8.0,36.0,40.0,-4.0,197.0,216.0,-19.0,8.0,13.0,6.0,5.0,5.0,1.0,11.0,8.0,18.0,6.0,5.0,13.0,8.0,8.0,2.802500009536743,3.0,4.0,800.0,2.809999942779541,3.0,4.0,200.0,OpenML_31_credit-g,OpenML_31_credit-g,31,credit-g,1000,20,9,11,0.7024,0.7318,,0.6562,,8.0,6.0,13.0
0,D_no_mask_pp,False,True,False,False,balanced_acc,val_loss,val_loss,val_bacc,53,B4_D4_K64,0.7052103712483276,0.011444506780845,0.0320966813074906,0.0026182935619789,0.0129456244297554,balanced_bce,4,4,64,256,0.25,42,53,14.202771745622158,,0.5974,0.6766,0.6975,0.3626,0.7227,0.8325,0.6591,0.8576,0.4752,144,48,159,289,0.0541,0.6043,0.6625,0.7113,0.3884,0.7215,0.8507,0.6533,0.8919,0.4651,40,8,46,66,0.0023,0.6093,0.62,0.6429,0.2619,0.702,0.8292,0.6042,0.82,0.42,42,18,58,82,0.0024,101.0,113.0,-12.0,102.0,104.0,-2.0,30.0,40.0,-10.0,207.0,223.0,-16.0,13,21,9,3,6,3,2.97125,3.0,4.0,800,3.015,3.0,4.0,200,0.5974,0.6766,0.6975,0.3626,0.7227,0.8325,0.6591,0.8576,0.4752,144.0,48.0,159.0,289.0,0.011,0.6043,0.6625,0.7113,0.3884,0.7215,0.8507,0.6533,0.8919,0.4651,40.0,8.0,46.0,66.0,0.0035,0.6093,0.62,0.6429,0.2619,0.702,0.8292,0.6042,0.82,0.42,42.0,18.0,58.0,82.0,0.0032,101.0,113.0,-12.0,102.0,104.0,-2.0,30.0,40.0,-10.0,207.0,223.0,-16.0,7.0,11.0,5.0,6.0,4.0,1.0,11.0,7.0,17.0,5.0,6.0,11.0,7.0,7.0,2.595000028610229,2.0,4.0,800.0,2.6600000858306885,2.0,4.0,200.0,OpenML_31_credit-g,OpenML_31_credit-g,31,credit-g,1000,20,9,11,0.6429,0.702,,0.6042,,7.0,5.0,11.0
1,A_no_mask_no_pp,False,False,False,False,balanced_acc,val_loss,val_loss,val_bacc,53,B3_D4_K48,0.1926625773096164,0.0083154106749033,0.0298382740770493,0.0013642684969047,0.0329604791883015,balanced_bce,3,4,48,81,0.5925925925925926,42,53,14.863812409341335,,0.6346,0.6312,0.6815,0.3347,0.688,0.8085,0.6231,0.8706,0.4379,155,37,199,249,0.0071,0.6239,0.6687,0.7158,0.3963,0.7129,0.8126,0.659,0.8933,0.4706,40,8,45,67,0.0022,0.619,0.65,0.6833,0.3361,0.6946,0.8121,0.6369,0.8571,0.451,46,14,56,84,0.0026,143.0,154.0,-11.0,109.0,115.0,-6.0,23.0,29.0,-6.0,165.0,182.0,-17.0,58,88,31,2,5,26,3.94625,4.0,4.0,800,3.965,4.0,4.0,200,,,,,,,,,,,,,,,,,,,,,,,,,,,,,,,,,,,,,,,,,,,,,,,,,,,,,,,,,,,,,,,,,,,,,,,,,,,,,OpenML_31_credit-g,OpenML_31_credit-g,31,credit-g,1000,20,9,11,,,,,,,,
1,B_mask_no_pp,True,False,True,False,balanced_acc,val_loss,val_loss,val_bacc,53,B3_D4_K48,0.1926625773096164,0.0083154106749033,0.0298382740770493,0.0013642684969047,0.0329604791883015,balanced_bce,3,4,48,81,0.5925925925925926,42,53,14.441160906106234,,0.6425,0.6312,0.6682,0.3086,0.6879,0.8084,0.6196,0.8487,0.4345,146,46,190,258,0.0122,0.6382,0.6813,0.7068,0.3794,0.7118,0.8114,0.6652,0.8675,0.4805,37,11,40,72,0.0022,0.6269,0.645,0.6702,0.3121,0.6943,0.8119,0.6294,0.8416,0.4444,44,16,55,85,0.0027,135.0,150.0,-15.0,102.0,109.0,-7.0,30.0,35.0,-5.0,173.0,186.0,-13.0,58,88,31,4,5,26,3.94875,4.0,4.0,800,3.97,4.0,4.0,200,,,,,,,,,,,,,,,,,,,,,,,,,,,,,,,,,,,,,,,,,,,,,,,,,,,,,,,,,,,,,,,,,,,,,,,,,,,,,OpenML_31_credit-g,OpenML_31_credit-g,31,credit-g,1000,20,9,11,,,,,,,,
1,C_mask_pp,True,True,True,False,balanced_acc,val_loss,val_loss,val_bacc,53,B3_D4_K48,0.1926625773096164,0.0083154106749033,0.0298382740770493,0.0013642684969047,0.0329604791883015,balanced_bce,3,4,48,81,0.5925925925925926,42,53,14.464641205966473,,0.6425,0.6312,0.6682,0.3086,0.6879,0.8084,0.6196,0.8487,0.4345,146,46,190,258,0.0091,0.6382,0.6813,0.7068,0.3794,0.7118,0.8114,0.6652,0.8675,0.4805,37,11,40,72,0.0023,0.6269,0.645,0.6702,0.3121,0.6943,0.8119,0.6294,0.8416,0.4444,44,16,55,85,0.0024,135.0,150.0,-15.0,102.0,109.0,-7.0,30.0,35.0,-5.0,173.0,186.0,-13.0,58,88,31,4,5,26,3.94875,4.0,4.0,800,3.97,4.0,4.0,200,0.6425,0.6312,0.6682,0.3086,0.6879,0.8084,0.6196,0.8487,0.4345,146.0,46.0,190.0,258.0,0.0119,0.6382,0.6813,0.7068,0.3794,0.7118,0.8114,0.6652,0.8675,0.4805,37.0,11.0,40.0,72.0,0.0036,0.6269,0.645,0.6702,0.3121,0.6943,0.8119,0.6294,0.8416,0.4444,44.0,16.0,55.0,85.0,0.004,135.0,150.0,-15.0,102.0,109.0,-7.0,30.0,35.0,-5.0,173.0,186.0,-13.0,10.0,17.0,8.0,4.0,7.0,1.0,12.0,10.0,21.0,8.0,4.0,17.0,10.0,6.0,2.65625,3.0,3.0,800.0,2.565000057220459,3.0,3.0,200.0,OpenML_31_credit-g,OpenML_31_credit-g,31,credit-g,1000,20,9,11,0.6702,0.6943,,0.6294,,10.0,8.0,17.0
1,D_no_mask_pp,False,True,False,False,balanced_acc,val_loss,val_loss,val_bacc,53,B3_D4_K48,0.1926625773096164,0.0083154106749033,0.0298382740770493,0.0013642684969047,0.0329604791883015,balanced_bce,3,4,48,81,0.5925925925925926,42,53,15.13625141978264,,0.6346,0.6312,0.6815,0.3347,0.688,0.8085,0.6231,0.8706,0.4379,155,37,199,249,0.0066,0.6239,0.6687,0.7158,0.3963,0.7129,0.8126,0.659,0.8933,0.4706,40,8,45,67,0.0021,0.619,0.65,0.6833,0.3361,0.6946,0.8121,0.6369,0.8571,0.451,46,14,56,84,0.0021,143.0,154.0,-11.0,109.0,115.0,-6.0,23.0,29.0,-6.0,165.0,182.0,-17.0,58,88,31,2,5,26,3.94625,4.0,4.0,800,3.965,4.0,4.0,200,0.6346,0.6312,0.6815,0.3347,0.688,0.8085,0.6231,0.8706,0.4379,155.0,37.0,199.0,249.0,0.0112,0.6239,0.6687,0.7158,0.3963,0.7129,0.8126,0.659,0.8933,0.4706,40.0,8.0,45.0,67.0,0.0038,0.619,0.65,0.6833,0.3361,0.6946,0.8121,0.6369,0.8571,0.451,46.0,14.0,56.0,84.0,0.0036,143.0,154.0,-11.0,109.0,115.0,-6.0,23.0,29.0,-6.0,165.0,182.0,-17.0,6.0,10.0,5.0,5.0,5.0,0.0,10.0,6.0,15.0,5.0,5.0,10.0,6.0,6.0,2.59375,3.0,3.0,800.0,2.5450000762939453,3.0,3.0,200.0,OpenML_31_credit-g,OpenML_31_credit-g,31,credit-g,1000,20,9,11,0.6833,0.6946,,0.6369,,6.0,5.0,10.0
2,A_no_mask_no_pp,False,False,False,False,balanced_acc,val_loss,val_loss,val_bacc,53,B3_D2_K9,0.2921415896641058,0.0061100344328119,0.0131749854914118,0.0010165207917848,0.0201420625653521,balanced_bce,3,2,9,9,1.0,42,53,12.403791386634111,,0.6472,0.6344,0.6793,0.3298,0.6969,0.8113,0.6248,0.8639,0.4393,152,40,194,254,0.0106,0.6341,0.6625,0.7411,0.451,0.7861,0.8722,0.6591,0.9531,0.4688,45,3,51,61,0.0021,0.6446,0.63,0.6786,0.329,0.697,0.8105,0.6215,0.8667,0.4364,48,12,62,78,0.0023,132.0,143.0,-11.0,104.0,107.0,-3.0,28.0,37.0,-9.0,176.0,193.0,-17.0,4,5,2,1,1,1,1.61125,2.0,2.0,800,1.585,2.0,2.0,200,,,,,,,,,,,,,,,,,,,,,,,,,,,,,,,,,,,,,,,,,,,,,,,,,,,,,,,,,,,,,,,,,,,,,,,,,,,,,OpenML_31_credit-g,OpenML_31_credit-g,31,credit-g,1000,20,9,11,,,,,,,,
2,B_mask_no_pp,True,False,True,False,balanced_acc,val_loss,val_loss,val_bacc,53,B3_D2_K9,0.2921415896641058,0.0061100344328119,0.0131749854914118,0.0010165207917848,0.0201420625653521,balanced_bce,3,2,9,9,1.0,42,53,14.7168126180768,,0.6356,0.6562,0.6801,0.3302,0.6921,0.8039,0.64,0.8476,0.4551,142,50,170,278,0.0155,0.6231,0.6937,0.7634,0.4874,0.7653,0.8538,0.6884,0.9565,0.4945,45,3,46,66,0.0023,0.6364,0.65,0.6786,0.3273,0.6872,0.8001,0.6354,0.85,0.45,45,15,55,85,0.0025,115.0,124.0,-9.0,97.0,97.0,0.0,35.0,47.0,-12.0,193.0,212.0,-19.0,3,4,2,1,2,0,1.61125,2.0,2.0,800,1.585,2.0,2.0,200,,,,,,,,,,,,,,,,,,,,,,,,,,,,,,,,,,,,,,,,,,,,,,,,,,,,,,,,,,,,,,,,,,,,,,,,,,,,,OpenML_31_credit-g,OpenML_31_credit-g,31,credit-g,1000,20,9,11,,,,,,,,
2,C_mask_pp,True,True,True,False,balanced_acc,val_loss,val_loss,val_bacc,53,B3_D2_K9,0.2921415896641058,0.0061100344328119,0.0131749854914118,0.0010165207917848,0.0201420625653521,balanced_bce,3,2,9,9,1.0,42,53,14.562968250364063,,0.6356,0.6562,0.6801,0.3302,0.6921,0.8039,0.64,0.8476,0.4551,142,50,170,278,0.0159,0.6231,0.6937,0.7634,0.4874,0.7653,0.8538,0.6884,0.9565,0.4945,45,3,46,66,0.0022,0.6364,0.65,0.6786,0.3273,0.6872,0.8001,0.6354,0.85,0.45,45,15,55,85,0.0024,115.0,124.0,-9.0,97.0,97.0,0.0,35.0,47.0,-12.0,193.0,212.0,-19.0,3,4,2,1,2,0,1.61125,2.0,2.0,800,1.585,2.0,2.0,200,0.6356,0.6562,0.6801,0.3302,0.6921,0.8039,0.64,0.8476,0.4551,142.0,50.0,170.0,278.0,0.0099,0.6231,0.6937,0.7634,0.4874,0.7653,0.8538,0.6884,0.9565,0.4945,45.0,3.0,46.0,66.0,0.0031,0.6364,0.65,0.6786,0.3273,0.6872,0.8001,0.6354,0.85,0.45,45.0,15.0,55.0,85.0,0.0033,115.0,124.0,-9.0,97.0,97.0,0.0,35.0,47.0,-12.0,193.0,212.0,-19.0,3.0,4.0,2.0,1.0,2.0,0.0,3.0,3.0,5.0,2.0,1.0,4.0,3.0,3.0,1.6112500429153442,2.0,2.0,800.0,1.5850000381469729,2.0,2.0,200.0,OpenML_31_credit-g,OpenML_31_credit-g,31,credit-g,1000,20,9,11,0.6786,0.6872,,0.6354,,3.0,2.0,4.0
2,D_no_mask_pp,False,True,False,False,balanced_acc,val_loss,val_loss,val_bacc,53,B3_D2_K9,0.2921415896641058,0.0061100344328119,0.0131749854914118,0.0010165207917848,0.0201420625653521,balanced_bce,3,2,9,9,1.0,42,53,12.487562488764524,,0.6472,0.6344,0.6793,0.3298,0.6969,0.8113,0.6248,0.8639,0.4393,152,40,194,254,0.0142,0.6341,0.6625,0.7411,0.451,0.7861,0.8722,0.6591,0.9531,0.4688,45,3,51,61,0.0025,0.6446,0.63,0.6786,0.329,0.697,0.8105,0.6215,0.8667,0.4364,48,12,62,78,0.0026,132.0,143.0,-11.0,104.0,107.0,-3.0,28.0,37.0,-9.0,176.0,193.0,-17.0,4,5,2,1,1,1,1.61125,2.0,2.0,800,1.585,2.0,2.0,200,0.6472,0.6344,0.6793,0.3298,0.6969,0.8113,0.6248,0.8639,0.4393,152.0,40.0,194.0,254.0,0.0098,0.6341,0.6625,0.7411,0.451,0.7861,0.8722,0.6591,0.9531,0.4688,45.0,3.0,51.0,61.0,0.003,0.6446,0.63,0.6786,0.329,0.697,0.8105,0.6215,0.8667,0.4364,48.0,12.0,62.0,78.0,0.0031,132.0,143.0,-11.0,104.0,107.0,-3.0,28.0,37.0,-9.0,176.0,193.0,-17.0,4.0,5.0,2.0,1.0,1.0,1.0,3.0,4.0,6.0,2.0,1.0,5.0,4.0,4.0,1.6112500429153442,2.0,2.0,800.0,1.5850000381469729,2.0,2.0,200.0,OpenML_31_credit-g,OpenML_31_credit-g,31,credit-g,1000,20,9,11,0.6786,0.697,,0.6215,,4.0,2.0,5.0
3,A_no_mask_no_pp,False,False,False,False,balanced_acc,val_loss,val_loss,val_bacc,53,B3_D4_K36,0.4311688904050732,0.0010195619661827,0.0031181390911464,0.0276545782915192,0.0998324962821652,balanced_bce,3,4,36,81,0.4444444444444444,42,53,9.85277546197176,,0.611,0.6469,0.6823,0.3343,0.7041,0.8151,0.6344,0.8581,0.4485,148,44,182,266,0.0107,0.5972,0.6687,0.7098,0.3849,0.7138,0.8117,0.6575,0.8831,0.4699,39,9,44,68,0.0022,0.6151,0.635,0.6345,0.2481,0.6657,0.8053,0.6096,0.8018,0.427,38,22,51,89,0.0023,131.0,138.0,-7.0,110.0,109.0,1.0,22.0,35.0,-13.0,177.0,198.0,-21.0,81,120,40,0,0,40,4.0,4.0,4.0,800,4.0,4.0,4.0,200,,,,,,,,,,,,,,,,,,,,,,,,,,,,,,,,,,,,,,,,,,,,,,,,,,,,,,,,,,,,,,,,,,,,,,,,,,,,,OpenML_31_credit-g,OpenML_31_credit-g,31,credit-g,1000,20,9,11,,,,,,,,
3,B_mask_no_pp,True,False,True,False,balanced_acc,val_loss,val_loss,val_bacc,53,B3_D4_K36,0.4311688904050732,0.0010195619661827,0.0031181390911464,0.0276545782915192,0.0998324962821652,balanced_bce,3,4,36,81,0.4444444444444444,42,53,11.070050213485956,,0.5705,0.6719,0.7046,0.3751,0.7164,0.8416,0.6582,0.8719,0.4719,151,41,169,279,0.0151,0.5739,0.6687,0.7158,0.3963,0.7314,0.8447,0.659,0.8933,0.4706,40,8,45,67,0.0023,0.5832,0.64,0.6667,0.3055,0.7121,0.8362,0.625,0.84,0.44,44,16,56,84,0.0026,113.0,124.0,-11.0,107.0,111.0,-4.0,25.0,33.0,-8.0,195.0,212.0,-17.0,39,59,21,2,4,17,3.39125,3.0,4.0,800,3.325,3.0,4.0,200,,,,,,,,,,,,,,,,,,,,,,,,,,,,,,,,,,,,,,,,,,,,,,,,,,,,,,,,,,,,,,,,,,,,,,,,,,,,,OpenML_31_credit-g,OpenML_31_credit-g,31,credit-g,1000,20,9,11,,,,,,,,
3,C_mask_pp,True,True,True,False,balanced_acc,val_loss,val_loss,val_bacc,53,B3_D4_K36,0.4311688904050732,0.0010195619661827,0.0031181390911464,0.0276545782915192,0.0998324962821652,balanced_bce,3,4,36,81,0.4444444444444444,42,53,11.0271727591753,,0.5705,0.6719,0.7046,0.3751,0.7164,0.8416,0.6582,0.8719,0.4719,151,41,169,279,0.011,0.5739,0.6687,0.7158,0.3963,0.7314,0.8447,0.659,0.8933,0.4706,40,8,45,67,0.002,0.5832,0.64,0.6667,0.3055,0.7121,0.8362,0.625,0.84,0.44,44,16,56,84,0.0022,113.0,124.0,-11.0,107.0,111.0,-4.0,25.0,33.0,-8.0,195.0,212.0,-17.0,39,59,21,2,4,17,3.39125,3.0,4.0,800,3.325,3.0,4.0,200,0.5705,0.6719,0.7046,0.3751,0.7164,0.8416,0.6582,0.8719,0.4719,151.0,41.0,169.0,279.0,0.0113,0.5739,0.6687,0.7158,0.3963,0.7314,0.8447,0.659,0.8933,0.4706,40.0,8.0,45.0,67.0,0.0033,0.5832,0.64,0.6667,0.3055,0.7121,0.8362,0.625,0.84,0.44,44.0,16.0,56.0,84.0,0.0034,113.0,124.0,-11.0,107.0,111.0,-4.0,25.0,33.0,-8.0,195.0,212.0,-17.0,10.0,18.0,9.0,3.0,9.0,0.0,12.0,10.0,21.0,9.0,3.0,18.0,10.0,9.0,3.365000009536743,3.0,4.0,800.0,3.319999933242798,3.0,4.0,200.0,OpenML_31_credit-g,OpenML_31_credit-g,31,credit-g,1000,20,9,11,0.6667,0.7121,,0.625,,10.0,9.0,18.0
3,D_no_mask_pp,False,True,False,False,balanced_acc,val_loss,val_loss,val_bacc,53,B3_D4_K36,0.4311688904050732,0.0010195619661827,0.0031181390911464,0.0276545782915192,0.0998324962821652,balanced_bce,3,4,36,81,0.4444444444444444,42,53,9.017982508987188,,0.611,0.6469,0.6823,0.3343,0.7041,0.8151,0.6344,0.8581,0.4485,148,44,182,266,0.0124,0.5972,0.6687,0.7098,0.3849,0.7138,0.8117,0.6575,0.8831,0.4699,39,9,44,68,0.0021,0.6151,0.635,0.6345,0.2481,0.6657,0.8053,0.6096,0.8018,0.427,38,22,51,89,0.0024,131.0,138.0,-7.0,110.0,109.0,1.0,22.0,35.0,-13.0,177.0,198.0,-21.0,81,120,40,0,0,40,4.0,4.0,4.0,800,4.0,4.0,4.0,200,0.611,0.6469,0.6823,0.3343,0.7041,0.8151,0.6344,0.8581,0.4485,148.0,44.0,182.0,266.0,0.0098,0.5972,0.6687,0.7098,0.3849,0.7138,0.8117,0.6575,0.8831,0.4699,39.0,9.0,44.0,68.0,0.0035,0.6167,0.63,0.631,0.2412,0.6652,0.8051,0.6053,0.8,0.4222,38.0,22.0,52.0,88.0,0.0035,130.0,138.0,-8.0,110.0,109.0,1.0,22.0,35.0,-13.0,178.0,198.0,-20.0,15.0,28.0,14.0,1.0,14.0,0.0,15.0,15.0,29.0,14.0,1.0,28.0,15.0,13.0,3.997499942779541,4.0,4.0,800.0,3.990000009536743,4.0,4.0,200.0,OpenML_31_credit-g,OpenML_31_credit-g,31,credit-g,1000,20,9,11,0.631,0.6652,,0.6053,,15.0,14.0,28.0
4,A_no_mask_no_pp,False,False,False,False,balanced_acc,val_loss,val_loss,val_bacc,53,B3_D3_K6,0.5043737215892837,0.0045785245922902,0.0015043406163865,0.0354623387913591,0.0472201682099678,balanced_bce,3,3,6,27,0.2222222222222222,42,53,7.0633961372077465,,0.6114,0.6484,0.6775,0.3253,0.7324,0.8454,0.634,0.8495,0.4486,144,48,177,271,0.0118,0.6045,0.6813,0.7128,0.3901,0.7468,0.8526,0.6671,0.8765,0.481,38,10,41,71,0.002,0.6273,0.62,0.6571,0.2886,0.7018,0.816,0.6087,0.8404,0.4245,45,15,61,79,0.0025,116.0,136.0,-20.0,99.0,106.0,-7.0,33.0,38.0,-5.0,192.0,200.0,-8.0,25,37,13,0,2,11,3.0,3.0,3.0,800,3.0,3.0,3.0,200,,,,,,,,,,,,,,,,,,,,,,,,,,,,,,,,,,,,,,,,,,,,,,,,,,,,,,,,,,,,,,,,,,,,,,,,,,,,,OpenML_31_credit-g,OpenML_31_credit-g,31,credit-g,1000,20,9,11,,,,,,,,
4,B_mask_no_pp,True,False,True,False,balanced_acc,val_loss,val_loss,val_bacc,53,B3_D3_K6,0.5043737215892837,0.0045785245922902,0.0015043406163865,0.0354623387913591,0.0472201682099678,balanced_bce,3,3,6,27,0.2222222222222222,42,53,10.776234567165377,,0.5695,0.65,0.7009,0.3699,0.7545,0.8604,0.6416,0.8862,0.4543,159,33,191,257,0.0381,0.5756,0.6625,0.7292,0.4249,0.7414,0.8509,0.6571,0.9265,0.4674,43,5,49,63,0.0029,0.5867,0.64,0.6952,0.3605,0.7364,0.8569,0.6328,0.8864,0.4464,50,10,62,78,0.0029,129.0,142.0,-13.0,109.0,116.0,-7.0,23.0,28.0,-5.0,179.0,194.0,-15.0,24,35,12,1,1,11,3.0,3.0,3.0,800,3.0,3.0,3.0,200,,,,,,,,,,,,,,,,,,,,,,,,,,,,,,,,,,,,,,,,,,,,,,,,,,,,,,,,,,,,,,,,,,,,,,,,,,,,,OpenML_31_credit-g,OpenML_31_credit-g,31,credit-g,1000,20,9,11,,,,,,,,
4,C_mask_pp,True,True,True,False,balanced_acc,val_loss,val_loss,val_bacc,53,B3_D3_K6,0.5043737215892837,0.0045785245922902,0.0015043406163865,0.0354623387913591,0.0472201682099678,balanced_bce,3,3,6,27,0.2222222222222222,42,53,9.975381817668676,,0.5695,0.65,0.7009,0.3699,0.7545,0.8604,0.6416,0.8862,0.4543,159,33,191,257,0.0126,0.5756,0.6625,0.7292,0.4249,0.7414,0.8509,0.6571,0.9265,0.4674,43,5,49,63,0.0019,0.5867,0.64,0.6952,0.3605,0.7364,0.8569,0.6328,0.8864,0.4464,50,10,62,78,0.0022,129.0,142.0,-13.0,109.0,116.0,-7.0,23.0,28.0,-5.0,179.0,194.0,-15.0,24,35,12,1,1,11,3.0,3.0,3.0,800,3.0,3.0,3.0,200,0.5695,0.65,0.7009,0.3699,0.7545,0.8604,0.6416,0.8862,0.4543,159.0,33.0,191.0,257.0,0.0138,0.5756,0.6625,0.7292,0.4249,0.7414,0.8509,0.6571,0.9265,0.4674,43.0,5.0,49.0,63.0,0.0034,0.5867,0.64,0.6952,0.3605,0.7364,0.8569,0.6328,0.8864,0.4464,50.0,10.0,62.0,78.0,0.0037,129.0,142.0,-13.0,109.0,116.0,-7.0,23.0,28.0,-5.0,179.0,194.0,-15.0,11.0,18.0,8.0,0.0,6.0,2.0,8.0,11.0,18.0,8.0,0.0,18.0,11.0,11.0,3.0,3.0,3.0,800.0,3.0,3.0,3.0,200.0,OpenML_31_credit-g,OpenML_31_credit-g,31,credit-g,1000,20,9,11,0.6952,0.7364,,0.6328,,11.0,8.0,18.0
4,D_no_mask_pp,False,True,False,False,balanced_acc,val_loss,val_loss,val_bacc,53,B3_D3_K6,0.5043737215892837,0.0045785245922902,0.0015043406163865,0.0354623387913591,0.0472201682099678,balanced_bce,3,3,6,27,0.2222222222222222,42,53,7.685646168887615,,0.6114,0.6484,0.6775,0.3253,0.7324,0.8454,0.634,0.8495,0.4486,144,48,177,271,0.0117,0.6045,0.6813,0.7128,0.3901,0.7468,0.8526,0.6671,0.8765,0.481,38,10,41,71,0.0021,0.6273,0.62,0.6571,0.2886,0.7018,0.816,0.6087,0.8404,0.4245,45,15,61,79,0.0023,116.0,136.0,-20.0,99.0,106.0,-7.0,33.0,38.0,-5.0,192.0,200.0,-8.0,25,37,13,0,2,11,3.0,3.0,3.0,800,3.0,3.0,3.0,200,0.6114,0.6484,0.6775,0.3253,0.7324,0.8454,0.634,0.8495,0.4486,144.0,48.0,177.0,271.0,0.0109,0.6045,0.6813,0.7128,0.3901,0.7468,0.8526,0.6671,0.8765,0.481,38.0,10.0,41.0,71.0,0.0033,0.6273,0.62,0.6571,0.2886,0.7018,0.816,0.6087,0.8404,0.4245,45.0,15.0,61.0,79.0,0.0035,116.0,136.0,-20.0,99.0,106.0,-7.0,33.0,38.0,-5.0,192.0,200.0,-8.0,8.0,13.0,6.0,1.0,5.0,1.0,7.0,8.0,14.0,6.0,1.0,13.0,8.0,7.0,2.726249933242798,3.0,3.0,800.0,2.7049999237060547,3.0,3.0,200.0,OpenML_31_credit-g,OpenML_31_credit-g,31,credit-g,1000,20,9,11,0.6571,0.7018,,0.6087,,8.0,6.0,13.0
0,A_no_mask_no_pp,False,False,False,False,balanced_acc,val_loss,val_loss,val_bacc,40,B4_D3_K8,1.1131373604758596,0.0040822630450309,0.0025404164511286,0.0031721170400654,0.0978993970576235,balanced_bce,4,3,8,64,0.125,32,40,10.687857042998075,,0.5748,0.7312,0.7475,0.472,0.746,0.5365,0.7229,0.583,0.8672,222,98,34,137,0.0052,0.5925,0.6992,0.7257,0.4309,0.7528,0.5455,0.694,0.5469,0.8644,51,29,8,35,0.0021,0.5854,0.7143,0.7076,0.402,0.7157,0.5171,0.6978,0.5781,0.8111,73,27,17,37,0.0022,17.0,26.0,-9.0,149.0,171.0,-22.0,71.0,69.0,2.0,100.0,102.0,-2.0,7,12,6,1,6,0,2.5814332247557004,3.0,3.0,614,2.51948051948052,3.0,3.0,154,,,,,,,,,,,,,,,,,,,,,,,,,,,,,,,,,,,,,,,,,,,,,,,,,,,,,,,,,,,,,,,,,,,,,,,,,,,,,OpenML_37_diabetes,OpenML_37_diabetes,37,diabetes,768,8,8,0,,,,,,,,
0,B_mask_no_pp,True,False,True,False,balanced_acc,val_loss,val_loss,val_bacc,40,B4_D3_K8,1.1131373604758596,0.0040822630450309,0.0025404164511286,0.0031721170400654,0.0978993970576235,balanced_bce,4,3,8,64,0.125,32,40,10.05997658893466,,0.6066,0.6762,0.6998,0.381,0.731,0.5312,0.6702,0.5236,0.8397,199,121,38,133,0.0047,0.61,0.6911,0.7087,0.3981,0.7119,0.5011,0.6835,0.541,0.8387,52,28,10,33,0.0017,0.591,0.7013,0.7274,0.4344,0.7596,0.563,0.6962,0.55,0.8649,64,36,10,44,0.0019,28.0,28.0,0.0,135.0,147.0,-12.0,85.0,93.0,-8.0,89.0,100.0,-11.0,3,4,2,2,2,0,1.6188925081433223,2.0,2.0,614,1.5909090909090908,2.0,2.0,154,,,,,,,,,,,,,,,,,,,,,,,,,,,,,,,,,,,,,,,,,,,,,,,,,,,,,,,,,,,,,,,,,,,,,,,,,,,,,OpenML_37_diabetes,OpenML_37_diabetes,37,diabetes,768,8,8,0,,,,,,,,
0,C_mask_pp,True,True,True,False,balanced_acc,val_loss,val_loss,val_bacc,40,B4_D3_K8,1.1131373604758596,0.0040822630450309,0.0025404164511286,0.0031721170400654,0.0978993970576235,balanced_bce,4,3,8,64,0.125,32,40,10.18667959049344,,0.6066,0.6762,0.6998,0.381,0.731,0.5312,0.6702,0.5236,0.8397,199,121,38,133,0.0051,0.61,0.6911,0.7087,0.3981,0.7119,0.5011,0.6835,0.541,0.8387,52,28,10,33,0.0021,0.591,0.7013,0.7274,0.4344,0.7596,0.563,0.6962,0.55,0.8649,64,36,10,44,0.002,28.0,28.0,0.0,135.0,147.0,-12.0,85.0,93.0,-8.0,89.0,100.0,-11.0,3,4,2,2,2,0,1.6188925081433223,2.0,2.0,614,1.5909090909090908,2.0,2.0,154,0.6066,0.6762,0.6998,0.381,0.731,0.5312,0.6702,0.5236,0.8397,199.0,121.0,38.0,133.0,0.0065,0.61,0.6911,0.7087,0.3981,0.7119,0.5011,0.6835,0.541,0.8387,52.0,28.0,10.0,33.0,0.0026,0.591,0.7013,0.7274,0.4344,0.7596,0.563,0.6962,0.55,0.8649,64.0,36.0,10.0,44.0,0.0027,28.0,28.0,0.0,135.0,147.0,-12.0,85.0,93.0,-8.0,89.0,100.0,-11.0,3.0,4.0,2.0,2.0,2.0,0.0,4.0,3.0,6.0,2.0,2.0,4.0,3.0,3.0,1.6188925504684448,2.0,2.0,614.0,1.590909123420715,2.0,2.0,154.0,OpenML_37_diabetes,OpenML_37_diabetes,37,diabetes,768,8,8,0,0.7274,0.7596,,0.6962,,3.0,2.0,4.0
0,D_no_mask_pp,False,True,False,False,balanced_acc,val_loss,val_loss,val_bacc,40,B4_D3_K8,1.1131373604758596,0.0040822630450309,0.0025404164511286,0.0031721170400654,0.0978993970576235,balanced_bce,4,3,8,64,0.125,32,40,9.998653583228588,,0.5748,0.7312,0.7475,0.472,0.746,0.5365,0.7229,0.583,0.8672,222,98,34,137,0.0057,0.5925,0.6992,0.7257,0.4309,0.7528,0.5455,0.694,0.5469,0.8644,51,29,8,35,0.0019,0.5854,0.7143,0.7076,0.402,0.7157,0.5171,0.6978,0.5781,0.8111,73,27,17,37,0.0022,17.0,26.0,-9.0,149.0,171.0,-22.0,71.0,69.0,2.0,100.0,102.0,-2.0,7,12,6,1,6,0,2.5814332247557004,3.0,3.0,614,2.51948051948052,3.0,3.0,154,0.5748,0.7312,0.7475,0.472,0.746,0.5365,0.7229,0.583,0.8672,222.0,98.0,34.0,137.0,0.0075,0.5925,0.6992,0.7257,0.4309,0.7528,0.5455,0.694,0.5469,0.8644,51.0,29.0,8.0,35.0,0.0031,0.5854,0.7143,0.7076,0.402,0.7157,0.5171,0.6978,0.5781,0.8111,73.0,27.0,17.0,37.0,0.0032,17.0,26.0,-9.0,149.0,171.0,-22.0,71.0,69.0,2.0,100.0,102.0,-2.0,7.0,12.0,6.0,1.0,6.0,0.0,7.0,7.0,13.0,6.0,1.0,12.0,7.0,7.0,2.5814332962036133,3.0,3.0,614.0,2.519480466842652,3.0,3.0,154.0,OpenML_37_diabetes,OpenML_37_diabetes,37,diabetes,768,8,8,0,0.7076,0.7157,,0.6978,,7.0,6.0,12.0
1,A_no_mask_no_pp,False,False,False,False,balanced_acc,val_loss,val_loss,val_bacc,40,B4_D3_K12,1.084249375824747,0.0015374421816154,0.0295421401303092,0.0547762006715656,0.0207459566540201,balanced_bce,4,3,12,64,0.1875,32,40,8.960625015199184,,0.5874,0.6578,0.664,0.313,0.7353,0.5552,0.6462,0.5065,0.7923,206,114,54,117,0.005,0.4981,0.7561,0.7641,0.5066,0.8362,0.6712,0.7456,0.6182,0.8676,59,21,9,34,0.0019,0.6125,0.6558,0.6583,0.3031,0.6983,0.5211,0.6432,0.507,0.7831,65,35,18,36,0.0021,36.0,45.0,-9.0,141.0,147.0,-6.0,79.0,93.0,-14.0,81.0,83.0,-2.0,8,13,6,1,5,1,2.750814332247557,3.0,3.0,614,2.6948051948051948,3.0,3.0,154,,,,,,,,,,,,,,,,,,,,,,,,,,,,,,,,,,,,,,,,,,,,,,,,,,,,,,,,,,,,,,,,,,,,,,,,,,,,,OpenML_37_diabetes,OpenML_37_diabetes,37,diabetes,768,8,8,0,,,,,,,,
1,B_mask_no_pp,True,False,True,False,balanced_acc,val_loss,val_loss,val_bacc,40,B4_D3_K12,1.084249375824747,0.0015374421816154,0.0295421401303092,0.0547762006715656,0.0207459566540201,balanced_bce,4,3,12,64,0.1875,32,40,7.543861415237188,,0.5724,0.7128,0.6926,0.379,0.7585,0.5794,0.689,0.5815,0.7915,243,77,64,107,0.0052,0.4919,0.7886,0.7783,0.5463,0.8676,0.7851,0.7722,0.6809,0.8553,65,15,11,32,0.0023,0.6053,0.6948,0.6628,0.327,0.7028,0.5644,0.6635,0.566,0.7624,77,23,24,30,0.0467,40.0,53.0,-13.0,166.0,178.0,-12.0,54.0,62.0,-8.0,77.0,75.0,2.0,7,12,6,1,6,0,2.8583061889250816,3.0,3.0,614,2.8766233766233764,3.0,3.0,154,,,,,,,,,,,,,,,,,,,,,,,,,,,,,,,,,,,,,,,,,,,,,,,,,,,,,,,,,,,,,,,,,,,,,,,,,,,,,OpenML_37_diabetes,OpenML_37_diabetes,37,diabetes,768,8,8,0,,,,,,,,
1,C_mask_pp,True,True,True,False,balanced_acc,val_loss,val_loss,val_bacc,40,B4_D3_K12,1.084249375824747,0.0015374421816154,0.0295421401303092,0.0547762006715656,0.0207459566540201,balanced_bce,4,3,12,64,0.1875,32,40,7.936151344329119,,0.5724,0.7128,0.6926,0.379,0.7585,0.5794,0.689,0.5815,0.7915,243,77,64,107,0.0056,0.4919,0.7886,0.7783,0.5463,0.8676,0.7851,0.7722,0.6809,0.8553,65,15,11,32,0.0019,0.6053,0.6948,0.6628,0.327,0.7028,0.5644,0.6635,0.566,0.7624,77,23,24,30,0.0021,40.0,53.0,-13.0,166.0,178.0,-12.0,54.0,62.0,-8.0,77.0,75.0,2.0,7,12,6,1,6,0,2.8583061889250816,3.0,3.0,614,2.8766233766233764,3.0,3.0,154,0.5724,0.7128,0.6926,0.379,0.7585,0.5794,0.689,0.5815,0.7915,243.0,77.0,64.0,107.0,0.0076,0.4919,0.7886,0.7783,0.5463,0.8676,0.7851,0.7722,0.6809,0.8553,65.0,15.0,11.0,32.0,0.0032,0.6053,0.6948,0.6628,0.327,0.7028,0.5644,0.6635,0.566,0.7624,77.0,23.0,24.0,30.0,0.003,40.0,53.0,-13.0,166.0,178.0,-12.0,54.0,62.0,-8.0,77.0,75.0,2.0,7.0,12.0,6.0,1.0,6.0,0.0,7.0,7.0,13.0,6.0,1.0,12.0,7.0,7.0,2.858306169509888,3.0,3.0,614.0,2.8766233921051025,3.0,3.0,154.0,OpenML_37_diabetes,OpenML_37_diabetes,37,diabetes,768,8,8,0,0.6628,0.7028,,0.6635,,7.0,6.0,12.0
1,D_no_mask_pp,False,True,False,False,balanced_acc,val_loss,val_loss,val_bacc,40,B4_D3_K12,1.084249375824747,0.0015374421816154,0.0295421401303092,0.0547762006715656,0.0207459566540201,balanced_bce,4,3,12,64,0.1875,32,40,8.589000295847654,,0.5874,0.6578,0.664,0.313,0.7353,0.5552,0.6462,0.5065,0.7923,206,114,54,117,0.0046,0.4981,0.7561,0.7641,0.5066,0.8362,0.6712,0.7456,0.6182,0.8676,59,21,9,34,0.0018,0.6125,0.6558,0.6583,0.3031,0.6983,0.5211,0.6432,0.507,0.7831,65,35,18,36,0.0018,36.0,45.0,-9.0,141.0,147.0,-6.0,79.0,93.0,-14.0,81.0,83.0,-2.0,8,13,6,1,5,1,2.750814332247557,3.0,3.0,614,2.6948051948051948,3.0,3.0,154,0.5874,0.6578,0.664,0.313,0.7353,0.5552,0.6462,0.5065,0.7923,206.0,114.0,54.0,117.0,0.0072,0.4981,0.7561,0.7641,0.5066,0.8362,0.6712,0.7456,0.6182,0.8676,59.0,21.0,9.0,34.0,0.003,0.6125,0.6558,0.6583,0.3031,0.6983,0.5211,0.6432,0.507,0.7831,65.0,35.0,18.0,36.0,0.0066,36.0,45.0,-9.0,141.0,147.0,-6.0,79.0,93.0,-14.0,81.0,83.0,-2.0,8.0,13.0,6.0,1.0,5.0,1.0,7.0,8.0,14.0,6.0,1.0,13.0,8.0,8.0,2.750814437866211,3.0,3.0,614.0,2.694805145263672,3.0,3.0,154.0,OpenML_37_diabetes,OpenML_37_diabetes,37,diabetes,768,8,8,0,0.6583,0.6983,,0.6432,,8.0,6.0,13.0
2,A_no_mask_no_pp,False,False,False,False,balanced_acc,val_loss,val_loss,val_bacc,40,B4_D4_K24,0.6811042803275451,0.0145870603860786,0.0095932259916805,0.0231769593673263,0.0026509458322725,balanced_bce,4,4,24,256,0.09375,32,40,10.08661275729537,,0.5819,0.6762,0.693,0.3678,0.7863,0.6264,0.6682,0.5246,0.8259,204,116,43,128,0.1473,0.565,0.7561,0.7749,0.5247,0.8041,0.6509,0.7488,0.6102,0.8906,57,23,7,36,0.0019,0.5431,0.6753,0.7202,0.4264,0.8433,0.7301,0.6739,0.5222,0.8906,57,43,7,47,0.0021,36.0,36.0,0.0,147.0,147.0,0.0,73.0,93.0,-20.0,81.0,92.0,-11.0,23,37,15,3,9,6,3.806188925081434,4.0,4.0,614,3.7662337662337664,4.0,4.0,154,,,,,,,,,,,,,,,,,,,,,,,,,,,,,,,,,,,,,,,,,,,,,,,,,,,,,,,,,,,,,,,,,,,,,,,,,,,,,OpenML_37_diabetes,OpenML_37_diabetes,37,diabetes,768,8,8,0,,,,,,,,
2,B_mask_no_pp,True,False,True,False,balanced_acc,val_loss,val_loss,val_bacc,40,B4_D4_K24,0.6811042803275451,0.0145870603860786,0.0095932259916805,0.0231769593673263,0.0026509458322725,balanced_bce,4,4,24,256,0.09375,32,40,8.915381520986557,,0.5692,0.7169,0.7025,0.3954,0.7557,0.5632,0.6963,0.5833,0.8027,240,80,59,112,0.0609,0.5336,0.7724,0.7605,0.5112,0.7936,0.611,0.7547,0.6596,0.8421,64,16,12,31,0.0022,0.5441,0.7273,0.7261,0.436,0.8104,0.6555,0.7133,0.5909,0.8295,73,27,15,39,0.0026,44.0,47.0,-3.0,167.0,176.0,-9.0,53.0,64.0,-11.0,73.0,81.0,-8.0,16,26,11,5,8,3,3.6579804560260585,4.0,4.0,614,3.649350649350649,4.0,4.0,154,,,,,,,,,,,,,,,,,,,,,,,,,,,,,,,,,,,,,,,,,,,,,,,,,,,,,,,,,,,,,,,,,,,,,,,,,,,,,OpenML_37_diabetes,OpenML_37_diabetes,37,diabetes,768,8,8,0,,,,,,,,
2,C_mask_pp,True,True,True,False,balanced_acc,val_loss,val_loss,val_bacc,40,B4_D4_K24,0.6811042803275451,0.0145870603860786,0.0095932259916805,0.0231769593673263,0.0026509458322725,balanced_bce,4,4,24,256,0.09375,32,40,8.604379460215569,,0.5692,0.7169,0.7025,0.3954,0.7557,0.5632,0.6963,0.5833,0.8027,240,80,59,112,0.1105,0.5336,0.7724,0.7605,0.5112,0.7936,0.611,0.7547,0.6596,0.8421,64,16,12,31,0.0021,0.5441,0.7273,0.7261,0.436,0.8104,0.6555,0.7133,0.5909,0.8295,73,27,15,39,0.0021,44.0,47.0,-3.0,167.0,176.0,-9.0,53.0,64.0,-11.0,73.0,81.0,-8.0,16,26,11,5,8,3,3.6579804560260585,4.0,4.0,614,3.649350649350649,4.0,4.0,154,0.5692,0.7169,0.7025,0.3954,0.7557,0.5632,0.6963,0.5833,0.8027,240.0,80.0,59.0,112.0,0.008,0.5336,0.7724,0.7605,0.5112,0.7936,0.611,0.7547,0.6596,0.8421,64.0,16.0,12.0,31.0,0.003,0.5441,0.7273,0.7261,0.436,0.8104,0.6555,0.7133,0.5909,0.8295,73.0,27.0,15.0,39.0,0.0039,44.0,47.0,-3.0,167.0,176.0,-9.0,53.0,64.0,-11.0,73.0,81.0,-8.0,12.0,20.0,9.0,6.0,7.0,2.0,15.0,12.0,26.0,9.0,6.0,20.0,12.0,11.0,3.6547231674194336,4.0,4.0,614.0,3.649350643157959,4.0,4.0,154.0,OpenML_37_diabetes,OpenML_37_diabetes,37,diabetes,768,8,8,0,0.7261,0.8104,,0.7133,,12.0,9.0,20.0
2,D_no_mask_pp,False,True,False,False,balanced_acc,val_loss,val_loss,val_bacc,40,B4_D4_K24,0.6811042803275451,0.0145870603860786,0.0095932259916805,0.0231769593673263,0.0026509458322725,balanced_bce,4,4,24,256,0.09375,32,40,10.023600846529009,,0.5819,0.6762,0.693,0.3678,0.7863,0.6264,0.6682,0.5246,0.8259,204,116,43,128,0.0056,0.565,0.7561,0.7749,0.5247,0.8041,0.6509,0.7488,0.6102,0.8906,57,23,7,36,0.002,0.5431,0.6753,0.7202,0.4264,0.8433,0.7301,0.6739,0.5222,0.8906,57,43,7,47,0.002,36.0,36.0,0.0,147.0,147.0,0.0,73.0,93.0,-20.0,81.0,92.0,-11.0,23,37,15,3,9,6,3.806188925081434,4.0,4.0,614,3.7662337662337664,4.0,4.0,154,0.5819,0.6762,0.693,0.3678,0.7863,0.6264,0.6682,0.5246,0.8259,204.0,116.0,43.0,128.0,0.007,0.565,0.7561,0.7749,0.5247,0.8041,0.6509,0.7488,0.6102,0.8906,57.0,23.0,7.0,36.0,0.003,0.5431,0.6753,0.7202,0.4264,0.8433,0.7301,0.6739,0.5222,0.8906,57.0,43.0,7.0,47.0,0.0028,36.0,36.0,0.0,147.0,147.0,0.0,73.0,93.0,-20.0,81.0,92.0,-11.0,21.0,33.0,13.0,5.0,7.0,6.0,18.0,21.0,38.0,13.0,5.0,33.0,21.0,16.0,3.768729686737061,4.0,4.0,614.0,3.7142856121063232,4.0,4.0,154.0,OpenML_37_diabetes,OpenML_37_diabetes,37,diabetes,768,8,8,0,0.7202,0.8433,,0.6739,,21.0,13.0,33.0
3,A_no_mask_no_pp,False,False,False,False,balanced_acc,val_loss,val_loss,val_bacc,40,B4_D2_K16,0.091124158865796,0.009438501759472,0.0029352858278488,0.0071073898496906,0.0467483589508267,balanced_bce,4,2,16,16,1.0,32,40,11.866057861596346,,0.5735,0.6965,0.7059,0.3932,0.7665,0.5867,0.686,0.5478,0.8276,216,104,45,126,0.0051,0.5251,0.7805,0.8044,0.5807,0.8459,0.7147,0.7745,0.6333,0.9206,58,22,5,38,0.002,0.5938,0.6623,0.6804,0.3443,0.7617,0.5893,0.6553,0.5128,0.8158,62,38,14,40,0.0023,31.0,40.0,-9.0,154.0,158.0,-4.0,66.0,82.0,-16.0,86.0,88.0,-2.0,16,20,5,0,0,5,2.0,2.0,2.0,614,2.0,2.0,2.0,154,,,,,,,,,,,,,,,,,,,,,,,,,,,,,,,,,,,,,,,,,,,,,,,,,,,,,,,,,,,,,,,,,,,,,,,,,,,,,OpenML_37_diabetes,OpenML_37_diabetes,37,diabetes,768,8,8,0,,,,,,,,
3,B_mask_no_pp,True,False,True,False,balanced_acc,val_loss,val_loss,val_bacc,40,B4_D2_K16,0.091124158865796,0.009438501759472,0.0029352858278488,0.0071073898496906,0.0467483589508267,balanced_bce,4,2,16,16,1.0,32,40,9.874237287789583,,0.5618,0.7271,0.7471,0.4709,0.809,0.6502,0.7198,0.5768,0.872,218,102,32,139,0.0051,0.5928,0.6911,0.7087,0.3981,0.7794,0.5925,0.6835,0.541,0.8387,52,28,10,33,0.0021,0.5762,0.6948,0.7224,0.4251,0.7971,0.6597,0.6901,0.5432,0.863,63,37,10,44,0.0022,22.0,22.0,0.0,155.0,166.0,-11.0,65.0,74.0,-9.0,95.0,106.0,-11.0,16,20,5,0,0,5,2.0,2.0,2.0,614,2.0,2.0,2.0,154,,,,,,,,,,,,,,,,,,,,,,,,,,,,,,,,,,,,,,,,,,,,,,,,,,,,,,,,,,,,,,,,,,,,,,,,,,,,,OpenML_37_diabetes,OpenML_37_diabetes,37,diabetes,768,8,8,0,,,,,,,,
3,C_mask_pp,True,True,True,False,balanced_acc,val_loss,val_loss,val_bacc,40,B4_D2_K16,0.091124158865796,0.009438501759472,0.0029352858278488,0.0071073898496906,0.0467483589508267,balanced_bce,4,2,16,16,1.0,32,40,10.062927842140198,,0.5618,0.7271,0.7471,0.4709,0.809,0.6502,0.7198,0.5768,0.872,218,102,32,139,0.0054,0.5928,0.6911,0.7087,0.3981,0.7794,0.5925,0.6835,0.541,0.8387,52,28,10,33,0.0019,0.5762,0.6948,0.7224,0.4251,0.7971,0.6597,0.6901,0.5432,0.863,63,37,10,44,0.0023,22.0,22.0,0.0,155.0,166.0,-11.0,65.0,74.0,-9.0,95.0,106.0,-11.0,16,20,5,0,0,5,2.0,2.0,2.0,614,2.0,2.0,2.0,154,0.5618,0.7271,0.7471,0.4709,0.809,0.6502,0.7198,0.5768,0.872,218.0,102.0,32.0,139.0,0.0065,0.5928,0.6911,0.7087,0.3981,0.7794,0.5925,0.6835,0.541,0.8387,52.0,28.0,10.0,33.0,0.0026,0.5762,0.6948,0.7224,0.4251,0.7971,0.6597,0.6901,0.5432,0.863,63.0,37.0,10.0,44.0,0.0027,22.0,22.0,0.0,155.0,166.0,-11.0,65.0,74.0,-9.0,95.0,106.0,-11.0,16.0,20.0,5.0,0.0,0.0,5.0,5.0,16.0,20.0,5.0,0.0,20.0,16.0,16.0,2.0,2.0,2.0,614.0,2.0,2.0,2.0,154.0,OpenML_37_diabetes,OpenML_37_diabetes,37,diabetes,768,8,8,0,0.7224,0.7971,,0.6901,,16.0,5.0,20.0
3,D_no_mask_pp,False,True,False,False,balanced_acc,val_loss,val_loss,val_bacc,40,B4_D2_K16,0.091124158865796,0.009438501759472,0.0029352858278488,0.0071073898496906,0.0467483589508267,balanced_bce,4,2,16,16,1.0,32,40,11.19128519296646,,0.5735,0.6965,0.7059,0.3932,0.7665,0.5867,0.686,0.5478,0.8276,216,104,45,126,0.005,0.5251,0.7805,0.8044,0.5807,0.8459,0.7147,0.7745,0.6333,0.9206,58,22,5,38,0.0021,0.5938,0.6623,0.6804,0.3443,0.7617,0.5893,0.6553,0.5128,0.8158,62,38,14,40,0.0022,31.0,40.0,-9.0,154.0,158.0,-4.0,66.0,82.0,-16.0,86.0,88.0,-2.0,16,20,5,0,0,5,2.0,2.0,2.0,614,2.0,2.0,2.0,154,0.5735,0.6965,0.7059,0.3932,0.7665,0.5867,0.686,0.5478,0.8276,216.0,104.0,45.0,126.0,0.0061,0.5251,0.7805,0.8044,0.5807,0.8459,0.7147,0.7745,0.6333,0.9206,58.0,22.0,5.0,38.0,0.0029,0.5938,0.6623,0.6804,0.3443,0.7617,0.5893,0.6553,0.5128,0.8158,62.0,38.0,14.0,40.0,0.0028,31.0,40.0,-9.0,154.0,158.0,-4.0,66.0,82.0,-16.0,86.0,88.0,-2.0,15.0,19.0,5.0,0.0,0.0,5.0,5.0,15.0,19.0,5.0,0.0,19.0,15.0,15.0,2.0,2.0,2.0,614.0,2.0,2.0,2.0,154.0,OpenML_37_diabetes,OpenML_37_diabetes,37,diabetes,768,8,8,0,0.6804,0.7617,,0.6553,,15.0,5.0,19.0
4,A_no_mask_no_pp,False,False,False,False,balanced_acc,val_loss,val_loss,val_bacc,40,B4_D3_K32,0.0990715130139259,0.0430661121964958,0.0745041479206841,0.0120659896785225,0.0020163687689327,balanced_bce,4,3,32,64,0.5,32,40,9.317336168140171,,0.5532,0.7169,0.7297,0.4384,0.7769,0.5847,0.7075,0.569,0.8494,220,100,39,132,0.0051,0.4934,0.7642,0.7703,0.5195,0.8496,0.7292,0.7532,0.6296,0.8696,60,20,9,34,0.0018,0.5064,0.7597,0.7681,0.5146,0.8243,0.6894,0.7496,0.6232,0.8706,74,26,11,43,0.002,28.0,30.0,-2.0,146.0,160.0,-14.0,74.0,80.0,-6.0,89.0,98.0,-9.0,30,41,12,2,2,10,2.913680781758958,3.0,3.0,614,2.9025974025974026,3.0,3.0,154,,,,,,,,,,,,,,,,,,,,,,,,,,,,,,,,,,,,,,,,,,,,,,,,,,,,,,,,,,,,,,,,,,,,,,,,,,,,,OpenML_37_diabetes,OpenML_37_diabetes,37,diabetes,768,8,8,0,,,,,,,,
4,B_mask_no_pp,True,False,True,False,balanced_acc,val_loss,val_loss,val_bacc,40,B4_D3_K32,0.0990715130139259,0.0430661121964958,0.0745041479206841,0.0120659896785225,0.0020163687689327,balanced_bce,4,3,32,64,0.5,32,40,10.679001923650503,,0.5452,0.7128,0.7184,0.4182,0.7896,0.6541,0.7009,0.5676,0.8327,224,96,45,126,0.0052,0.486,0.7967,0.7953,0.5735,0.8564,0.7483,0.7839,0.68,0.8767,64,16,9,34,0.002,0.5218,0.7727,0.7696,0.5234,0.8096,0.6943,0.7588,0.6508,0.8571,78,22,13,41,0.0023,32.0,36.0,-4.0,146.0,160.0,-14.0,74.0,80.0,-6.0,85.0,92.0,-7.0,37,50,14,4,2,12,2.6302931596091206,3.0,3.0,614,2.616883116883117,3.0,3.0,154,,,,,,,,,,,,,,,,,,,,,,,,,,,,,,,,,,,,,,,,,,,,,,,,,,,,,,,,,,,,,,,,,,,,,,,,,,,,,OpenML_37_diabetes,OpenML_37_diabetes,37,diabetes,768,8,8,0,,,,,,,,
4,C_mask_pp,True,True,True,False,balanced_acc,val_loss,val_loss,val_bacc,40,B4_D3_K32,0.0990715130139259,0.0430661121964958,0.0745041479206841,0.0120659896785225,0.0020163687689327,balanced_bce,4,3,32,64,0.5,32,40,10.37137896567583,,0.5452,0.7128,0.7184,0.4182,0.7896,0.6541,0.7009,0.5676,0.8327,224,96,45,126,0.005,0.486,0.7967,0.7953,0.5735,0.8564,0.7483,0.7839,0.68,0.8767,64,16,9,34,0.0019,0.5218,0.7727,0.7696,0.5234,0.8096,0.6943,0.7588,0.6508,0.8571,78,22,13,41,0.0023,32.0,36.0,-4.0,146.0,160.0,-14.0,74.0,80.0,-6.0,85.0,92.0,-7.0,37,50,14,4,2,12,2.6302931596091206,3.0,3.0,614,2.616883116883117,3.0,3.0,154,0.5452,0.7128,0.7184,0.4182,0.7896,0.6541,0.7009,0.5676,0.8327,224.0,96.0,45.0,126.0,0.0073,0.486,0.7967,0.7953,0.5735,0.8564,0.7483,0.7839,0.68,0.8767,64.0,16.0,9.0,34.0,0.0031,0.5218,0.7727,0.7696,0.5234,0.8096,0.6943,0.7588,0.6508,0.8571,78.0,22.0,13.0,41.0,0.0027,32.0,36.0,-4.0,146.0,160.0,-14.0,74.0,80.0,-6.0,85.0,92.0,-7.0,19.0,25.0,7.0,10.0,1.0,6.0,17.0,19.0,35.0,7.0,10.0,25.0,19.0,17.0,2.19543981552124,2.0,3.0,614.0,2.1883115768432617,2.0,3.0,154.0,OpenML_37_diabetes,OpenML_37_diabetes,37,diabetes,768,8,8,0,0.7696,0.8096,,0.7588,,19.0,7.0,25.0
4,D_no_mask_pp,False,True,False,False,balanced_acc,val_loss,val_loss,val_bacc,40,B4_D3_K32,0.0990715130139259,0.0430661121964958,0.0745041479206841,0.0120659896785225,0.0020163687689327,balanced_bce,4,3,32,64,0.5,32,40,8.821967337280512,,0.5532,0.7169,0.7297,0.4384,0.7769,0.5847,0.7075,0.569,0.8494,220,100,39,132,0.0049,0.4934,0.7642,0.7703,0.5195,0.8496,0.7292,0.7532,0.6296,0.8696,60,20,9,34,0.0019,0.5064,0.7597,0.7681,0.5146,0.8243,0.6894,0.7496,0.6232,0.8706,74,26,11,43,0.002,28.0,30.0,-2.0,146.0,160.0,-14.0,74.0,80.0,-6.0,89.0,98.0,-9.0,30,41,12,2,2,10,2.913680781758958,3.0,3.0,614,2.9025974025974026,3.0,3.0,154,0.5532,0.7169,0.7297,0.4384,0.7769,0.5847,0.7075,0.569,0.8494,220.0,100.0,39.0,132.0,0.0065,0.4934,0.7642,0.7703,0.5195,0.8496,0.7292,0.7532,0.6296,0.8696,60.0,20.0,9.0,34.0,0.0031,0.5064,0.7597,0.7681,0.5146,0.8243,0.6894,0.7496,0.6232,0.8706,74.0,26.0,11.0,43.0,0.003,28.0,30.0,-2.0,146.0,160.0,-14.0,74.0,80.0,-6.0,89.0,98.0,-9.0,21.0,30.0,10.0,4.0,4.0,6.0,14.0,21.0,34.0,10.0,4.0,30.0,21.0,19.0,2.887622117996216,3.0,3.0,614.0,2.850649356842041,3.0,3.0,154.0,OpenML_37_diabetes,OpenML_37_diabetes,37,diabetes,768,8,8,0,0.7681,0.8243,,0.7496,,21.0,10.0,30.0
0,A_no_mask_no_pp,False,False,False,False,balanced_acc,val_loss,val_loss,val_bacc,170,B3_D4_K36,0.4034603690830845,0.0067922276592776,0.0104469168532339,0.067355045326187,0.004602044758113,balanced_bce,3,4,36,81,0.4444444444444444,136,170,10.666463665664196,,0.2357,0.9012,0.898,0.8079,0.9625,0.9498,0.9,0.8602,0.9596,808,168,34,1034,0.0347,0.2057,0.9102,0.9073,0.8256,0.9702,0.9597,0.9091,0.8696,0.9671,206,39,7,260,0.0051,0.2033,0.9094,0.9059,0.8267,0.969,0.9553,0.9081,0.8613,0.9806,253,53,5,329,0.0074,29.0,27.0,2.0,555.0,602.0,-47.0,115.0,129.0,-14.0,705.0,774.0,-69.0,62,93,32,4,3,29,3.8720657276995305,4.0,4.0,2556,3.878125,4.0,4.0,640,,,,,,,,,,,,,,,,,,,,,,,,,,,,,,,,,,,,,,,,,,,,,,,,,,,,,,,,,,,,,,,,,,,,,,,,,,,,,OpenML_3_kr-vs-kp,OpenML_3_kr-vs-kp,3,kr-vs-kp,3196,36,35,1,,,,,,,,
0,B_mask_no_pp,True,False,True,False,balanced_acc,val_loss,val_loss,val_bacc,170,B3_D4_K36,0.4034603690830845,0.0067922276592776,0.0104469168532339,0.067355045326187,0.004602044758113,balanced_bce,3,4,36,81,0.4444444444444444,136,170,9.880486447364092,,0.2596,0.9012,0.898,0.8079,0.9447,0.9212,0.9,0.8602,0.9596,808,168,34,1034,0.0788,0.2518,0.9102,0.9073,0.8256,0.9472,0.9231,0.9091,0.8696,0.9671,206,39,7,260,0.0093,0.2533,0.9094,0.9059,0.8267,0.9457,0.9206,0.9081,0.8613,0.9806,253,53,5,329,0.0069,29.0,27.0,2.0,555.0,602.0,-47.0,115.0,129.0,-14.0,705.0,774.0,-69.0,41,62,22,3,4,18,3.6960093896713615,4.0,4.0,2556,3.7171875,4.0,4.0,640,,,,,,,,,,,,,,,,,,,,,,,,,,,,,,,,,,,,,,,,,,,,,,,,,,,,,,,,,,,,,,,,,,,,,,,,,,,,,OpenML_3_kr-vs-kp,OpenML_3_kr-vs-kp,3,kr-vs-kp,3196,36,35,1,,,,,,,,
0,C_mask_pp,True,True,True,False,balanced_acc,val_loss,val_loss,val_bacc,170,B3_D4_K36,0.4034603690830845,0.0067922276592776,0.0104469168532339,0.067355045326187,0.004602044758113,balanced_bce,3,4,36,81,0.4444444444444444,136,170,10.036737076938152,,0.2596,0.9012,0.898,0.8079,0.9447,0.9212,0.9,0.8602,0.9596,808,168,34,1034,0.115,0.2518,0.9102,0.9073,0.8256,0.9472,0.9231,0.9091,0.8696,0.9671,206,39,7,260,0.0056,0.2533,0.9094,0.9059,0.8267,0.9457,0.9206,0.9081,0.8613,0.9806,253,53,5,329,0.0073,29.0,27.0,2.0,555.0,602.0,-47.0,115.0,129.0,-14.0,705.0,774.0,-69.0,41,62,22,3,4,18,3.6960093896713615,4.0,4.0,2556,3.7171875,4.0,4.0,640,0.2596,0.9012,0.898,0.8079,0.9447,0.9212,0.9,0.8602,0.9596,808.0,168.0,34.0,1034.0,0.0328,0.2518,0.9102,0.9073,0.8256,0.9472,0.9231,0.9091,0.8696,0.9671,206.0,39.0,7.0,260.0,0.008,0.2533,0.9094,0.9059,0.8267,0.9457,0.9206,0.9081,0.8613,0.9806,253.0,53.0,5.0,329.0,0.0121,29.0,27.0,2.0,555.0,602.0,-47.0,115.0,129.0,-14.0,705.0,774.0,-69.0,10.0,18.0,9.0,5.0,9.0,0.0,14.0,10.0,23.0,9.0,5.0,18.0,10.0,10.0,3.585680723190308,4.0,4.0,2556.0,3.614062547683716,4.0,4.0,640.0,OpenML_3_kr-vs-kp,OpenML_3_kr-vs-kp,3,kr-vs-kp,3196,36,35,1,0.9059,0.9457,,0.9081,,10.0,9.0,18.0
0,D_no_mask_pp,False,True,False,False,balanced_acc,val_loss,val_loss,val_bacc,170,B3_D4_K36,0.4034603690830845,0.0067922276592776,0.0104469168532339,0.067355045326187,0.004602044758113,balanced_bce,3,4,36,81,0.4444444444444444,136,170,10.39925830811262,,0.2357,0.9012,0.898,0.8079,0.9625,0.9498,0.9,0.8602,0.9596,808,168,34,1034,0.1286,0.2057,0.9102,0.9073,0.8256,0.9702,0.9597,0.9091,0.8696,0.9671,206,39,7,260,0.0059,0.2033,0.9094,0.9059,0.8267,0.969,0.9553,0.9081,0.8613,0.9806,253,53,5,329,0.0076,29.0,27.0,2.0,555.0,602.0,-47.0,115.0,129.0,-14.0,705.0,774.0,-69.0,62,93,32,4,3,29,3.8720657276995305,4.0,4.0,2556,3.878125,4.0,4.0,640,0.2357,0.9012,0.898,0.8079,0.9625,0.9498,0.9,0.8602,0.9596,808.0,168.0,34.0,1034.0,0.0317,0.2057,0.9102,0.9073,0.8256,0.9702,0.9597,0.9091,0.8696,0.9671,206.0,39.0,7.0,260.0,0.0076,0.2033,0.9094,0.9059,0.8267,0.969,0.9553,0.9081,0.8613,0.9806,253.0,53.0,5.0,329.0,0.0108,29.0,27.0,2.0,555.0,602.0,-47.0,115.0,129.0,-14.0,705.0,774.0,-69.0,6.0,10.0,5.0,5.0,5.0,0.0,10.0,6.0,15.0,5.0,5.0,10.0,6.0,6.0,2.9299685955047607,3.0,4.0,2556.0,2.978125095367432,3.0,4.0,640.0,OpenML_3_kr-vs-kp,OpenML_3_kr-vs-kp,3,kr-vs-kp,3196,36,35,1,0.9059,0.969,,0.9081,,6.0,5.0,10.0
1,A_no_mask_no_pp,False,False,False,False,balanced_acc,val_loss,val_loss,val_bacc,170,B3_D4_K48,0.175594064056936,0.0031609111994221,0.0014801912196191,0.0508562022663271,0.029619540509023,balanced_bce,3,4,48,81,0.5925925925925926,136,170,14.701521635055542,,0.2161,0.9305,0.9292,0.8617,0.9571,0.9347,0.9302,0.9127,0.9523,878,98,44,1024,0.0278,0.1566,0.959,0.958,0.9185,0.9751,0.9595,0.9588,0.9424,0.9786,229,16,5,262,0.0048,0.2037,0.9359,0.9351,0.872,0.9622,0.9433,0.9357,0.9246,0.9492,280,26,15,319,0.0065,29.0,39.0,-10.0,598.0,649.0,-51.0,72.0,82.0,-10.0,705.0,762.0,-57.0,68,102,35,3,3,32,3.814553990610329,4.0,4.0,2556,3.80625,4.0,4.0,640,,,,,,,,,,,,,,,,,,,,,,,,,,,,,,,,,,,,,,,,,,,,,,,,,,,,,,,,,,,,,,,,,,,,,,,,,,,,,OpenML_3_kr-vs-kp,OpenML_3_kr-vs-kp,3,kr-vs-kp,3196,36,35,1,,,,,,,,
1,B_mask_no_pp,True,False,True,False,balanced_acc,val_loss,val_loss,val_bacc,170,B3_D4_K48,0.175594064056936,0.0031609111994221,0.0014801912196191,0.0508562022663271,0.029619540509023,balanced_bce,3,4,48,81,0.5925925925925926,136,170,12.310288403183222,,0.2464,0.9149,0.9124,0.8328,0.9444,0.9203,0.9141,0.8821,0.9588,838,138,36,1032,0.1078,0.1805,0.9453,0.9439,0.8919,0.9662,0.9491,0.945,0.9223,0.9738,223,22,6,261,0.0056,0.243,0.9125,0.9103,0.8276,0.9463,0.9226,0.9118,0.8819,0.9529,263,43,13,321,0.0073,23.0,30.0,-7.0,575.0,615.0,-40.0,95.0,116.0,-21.0,711.0,771.0,-60.0,72,109,38,1,5,33,4.0,4.0,4.0,2556,4.0,4.0,4.0,640,,,,,,,,,,,,,,,,,,,,,,,,,,,,,,,,,,,,,,,,,,,,,,,,,,,,,,,,,,,,,,,,,,,,,,,,,,,,,OpenML_3_kr-vs-kp,OpenML_3_kr-vs-kp,3,kr-vs-kp,3196,36,35,1,,,,,,,,
1,C_mask_pp,True,True,True,False,balanced_acc,val_loss,val_loss,val_bacc,170,B3_D4_K48,0.175594064056936,0.0031609111994221,0.0014801912196191,0.0508562022663271,0.029619540509023,balanced_bce,3,4,48,81,0.5925925925925926,136,170,12.966320361942053,,0.2464,0.9149,0.9124,0.8328,0.9444,0.9203,0.9141,0.8821,0.9588,838,138,36,1032,0.081,0.1805,0.9453,0.9439,0.8919,0.9662,0.9491,0.945,0.9223,0.9738,223,22,6,261,0.0061,0.243,0.9125,0.9103,0.8276,0.9463,0.9226,0.9118,0.8819,0.9529,263,43,13,321,0.0071,23.0,30.0,-7.0,575.0,615.0,-40.0,95.0,116.0,-21.0,711.0,771.0,-60.0,72,109,38,1,5,33,4.0,4.0,4.0,2556,4.0,4.0,4.0,640,0.2464,0.9149,0.9124,0.8328,0.9444,0.9203,0.9141,0.8821,0.9588,838.0,138.0,36.0,1032.0,0.0333,0.1805,0.9453,0.9439,0.8919,0.9662,0.9491,0.945,0.9223,0.9738,223.0,22.0,6.0,261.0,0.0087,0.243,0.9125,0.9103,0.8276,0.9463,0.9226,0.9118,0.8819,0.9529,263.0,43.0,13.0,321.0,0.011,23.0,30.0,-7.0,575.0,615.0,-40.0,95.0,116.0,-21.0,711.0,771.0,-60.0,10.0,18.0,9.0,5.0,9.0,0.0,14.0,10.0,23.0,9.0,5.0,18.0,10.0,10.0,3.5825507640838623,4.0,4.0,2556.0,3.575000047683716,4.0,4.0,640.0,OpenML_3_kr-vs-kp,OpenML_3_kr-vs-kp,3,kr-vs-kp,3196,36,35,1,0.9103,0.9463,,0.9118,,10.0,9.0,18.0
1,D_no_mask_pp,False,True,False,False,balanced_acc,val_loss,val_loss,val_bacc,170,B3_D4_K48,0.175594064056936,0.0031609111994221,0.0014801912196191,0.0508562022663271,0.029619540509023,balanced_bce,3,4,48,81,0.5925925925925926,136,170,15.144856862723827,,0.2161,0.9305,0.9292,0.8617,0.9571,0.9347,0.9302,0.9127,0.9523,878,98,44,1024,0.1702,0.1566,0.959,0.958,0.9185,0.9751,0.9595,0.9588,0.9424,0.9786,229,16,5,262,0.0077,0.2037,0.9359,0.9351,0.872,0.9622,0.9433,0.9357,0.9246,0.9492,280,26,15,319,0.0106,29.0,39.0,-10.0,598.0,649.0,-51.0,72.0,82.0,-10.0,705.0,762.0,-57.0,68,102,35,3,3,32,3.814553990610329,4.0,4.0,2556,3.80625,4.0,4.0,640,0.2161,0.9305,0.9292,0.8617,0.9571,0.9347,0.9302,0.9127,0.9523,878.0,98.0,44.0,1024.0,0.0438,0.1566,0.959,0.958,0.9185,0.9751,0.9595,0.9588,0.9424,0.9786,229.0,16.0,5.0,262.0,0.0109,0.2037,0.9359,0.9351,0.872,0.9622,0.9433,0.9357,0.9246,0.9492,280.0,26.0,15.0,319.0,0.0141,29.0,39.0,-10.0,598.0,649.0,-51.0,72.0,82.0,-10.0,705.0,762.0,-57.0,10.0,18.0,9.0,5.0,9.0,0.0,14.0,10.0,23.0,9.0,5.0,18.0,10.0,9.0,3.627934217453003,4.0,4.0,2556.0,3.607812404632568,4.0,4.0,640.0,OpenML_3_kr-vs-kp,OpenML_3_kr-vs-kp,3,kr-vs-kp,3196,36,35,1,0.9351,0.9622,,0.9357,,10.0,9.0,18.0
2,A_no_mask_no_pp,False,False,False,False,balanced_acc,val_loss,val_loss,val_bacc,170,B4_D4_K48,0.4468377762360814,0.0040733751770279,0.0040509934358861,0.0605126363081855,0.0927021632201883,balanced_bce,4,4,48,256,0.1875,136,170,11.051430739462376,,0.1934,0.9002,0.8967,0.8076,0.9728,0.9608,0.8988,0.8547,0.9673,799,177,27,1041,0.0383,0.1823,0.9102,0.9075,0.8248,0.9752,0.9632,0.9092,0.8721,0.9628,207,38,8,259,0.0049,0.1759,0.9125,0.91,0.8286,0.978,0.9696,0.9117,0.8777,0.9596,261,45,11,323,0.0069,16.0,19.0,-3.0,538.0,592.0,-54.0,132.0,139.0,-7.0,718.0,782.0,-64.0,122,164,43,5,2,41,3.3693270735524257,4.0,4.0,2556,3.284375,4.0,4.0,640,,,,,,,,,,,,,,,,,,,,,,,,,,,,,,,,,,,,,,,,,,,,,,,,,,,,,,,,,,,,,,,,,,,,,,,,,,,,,OpenML_3_kr-vs-kp,OpenML_3_kr-vs-kp,3,kr-vs-kp,3196,36,35,1,,,,,,,,
2,B_mask_no_pp,True,False,True,False,balanced_acc,val_loss,val_loss,val_bacc,170,B4_D4_K48,0.4468377762360814,0.0040733751770279,0.0040509934358861,0.0605126363081855,0.0927021632201883,balanced_bce,4,4,48,256,0.1875,136,170,10.90048561617732,,0.309,0.9369,0.9354,0.8748,0.9545,0.9294,0.9365,0.9159,0.9628,881,95,34,1034,0.0455,0.3181,0.9355,0.9347,0.8712,0.9544,0.9305,0.9353,0.9239,0.9492,224,21,12,255,0.0056,0.2788,0.9437,0.9428,0.8877,0.9648,0.9442,0.9435,0.9306,0.9592,282,24,12,322,0.0076,22.0,22.0,0.0,599.0,657.0,-58.0,71.0,74.0,-3.0,712.0,779.0,-67.0,51,73,23,3,6,17,3.9683098591549295,4.0,4.0,2556,3.9515625,4.0,4.0,640,,,,,,,,,,,,,,,,,,,,,,,,,,,,,,,,,,,,,,,,,,,,,,,,,,,,,,,,,,,,,,,,,,,,,,,,,,,,,OpenML_3_kr-vs-kp,OpenML_3_kr-vs-kp,3,kr-vs-kp,3196,36,35,1,,,,,,,,
2,C_mask_pp,True,True,True,False,balanced_acc,val_loss,val_loss,val_bacc,170,B4_D4_K48,0.4468377762360814,0.0040733751770279,0.0040509934358861,0.0605126363081855,0.0927021632201883,balanced_bce,4,4,48,256,0.1875,136,170,11.022557754069569,,0.309,0.9369,0.9354,0.8748,0.9545,0.9294,0.9365,0.9159,0.9628,881,95,34,1034,0.0367,0.3181,0.9355,0.9347,0.8712,0.9544,0.9305,0.9353,0.9239,0.9492,224,21,12,255,0.0053,0.2788,0.9437,0.9428,0.8877,0.9648,0.9442,0.9435,0.9306,0.9592,282,24,12,322,0.0075,22.0,22.0,0.0,599.0,657.0,-58.0,71.0,74.0,-3.0,712.0,779.0,-67.0,51,73,23,3,6,17,3.9683098591549295,4.0,4.0,2556,3.9515625,4.0,4.0,640,0.309,0.9369,0.9354,0.8748,0.9545,0.9294,0.9365,0.9159,0.9628,881.0,95.0,34.0,1034.0,0.0306,0.3181,0.9355,0.9347,0.8712,0.9544,0.9305,0.9353,0.9239,0.9492,224.0,21.0,12.0,255.0,0.0077,0.2788,0.9437,0.9428,0.8877,0.9648,0.9442,0.9435,0.9306,0.9592,282.0,24.0,12.0,322.0,0.0105,22.0,22.0,0.0,599.0,657.0,-58.0,71.0,74.0,-3.0,712.0,779.0,-67.0,8.0,14.0,7.0,5.0,7.0,0.0,12.0,8.0,19.0,7.0,5.0,14.0,8.0,8.0,3.0,3.0,3.0,2556.0,3.0,3.0,3.0,640.0,OpenML_3_kr-vs-kp,OpenML_3_kr-vs-kp,3,kr-vs-kp,3196,36,35,1,0.9428,0.9648,,0.9435,,8.0,7.0,14.0
2,D_no_mask_pp,False,True,False,False,balanced_acc,val_loss,val_loss,val_bacc,170,B4_D4_K48,0.4468377762360814,0.0040733751770279,0.0040509934358861,0.0605126363081855,0.0927021632201883,balanced_bce,4,4,48,256,0.1875,136,170,11.79947977885604,,0.1934,0.9002,0.8967,0.8076,0.9728,0.9608,0.8988,0.8547,0.9673,799,177,27,1041,0.0223,0.1823,0.9102,0.9075,0.8248,0.9752,0.9632,0.9092,0.8721,0.9628,207,38,8,259,0.0048,0.1759,0.9125,0.91,0.8286,0.978,0.9696,0.9117,0.8777,0.9596,261,45,11,323,0.0075,16.0,19.0,-3.0,538.0,592.0,-54.0,132.0,139.0,-7.0,718.0,782.0,-64.0,122,164,43,5,2,41,3.3693270735524257,4.0,4.0,2556,3.284375,4.0,4.0,640,0.1934,0.9002,0.8967,0.8076,0.9728,0.9608,0.8988,0.8547,0.9673,799.0,177.0,27.0,1041.0,0.034,0.1823,0.9102,0.9075,0.8248,0.9752,0.9632,0.9092,0.8721,0.9628,207.0,38.0,8.0,259.0,0.0079,0.1759,0.9125,0.91,0.8286,0.978,0.9696,0.9117,0.8777,0.9596,261.0,45.0,11.0,323.0,0.0109,16.0,19.0,-3.0,538.0,592.0,-54.0,132.0,139.0,-7.0,718.0,782.0,-64.0,7.0,12.0,6.0,4.0,6.0,0.0,10.0,7.0,16.0,6.0,4.0,12.0,7.0,7.0,3.191705703735352,4.0,4.0,2556.0,3.081249952316284,4.0,4.0,640.0,OpenML_3_kr-vs-kp,OpenML_3_kr-vs-kp,3,kr-vs-kp,3196,36,35,1,0.91,0.978,,0.9117,,7.0,6.0,12.0
3,A_no_mask_no_pp,False,False,False,False,balanced_acc,val_loss,val_loss,val_bacc,170,B3_D4_K24,0.6677149266861551,0.013169204830893,0.0029348849097682,0.0660799424988824,0.0019897752097436,balanced_bce,3,4,24,81,0.2962962962962963,136,170,10.4036709330976,,0.1902,0.9374,0.9361,0.8754,0.9685,0.9679,0.9371,0.9196,0.9589,886,90,38,1030,0.0636,0.1925,0.9355,0.9345,0.8714,0.9677,0.9682,0.9353,0.9209,0.953,223,22,11,256,0.0051,0.1782,0.9422,0.9408,0.8854,0.9714,0.9702,0.9419,0.9207,0.9686,278,28,9,325,0.0071,29.0,27.0,2.0,608.0,663.0,-55.0,62.0,68.0,-6.0,705.0,774.0,-69.0,13,23,11,1,10,1,3.618935837245696,4.0,4.0,2556,3.628125,4.0,4.0,640,,,,,,,,,,,,,,,,,,,,,,,,,,,,,,,,,,,,,,,,,,,,,,,,,,,,,,,,,,,,,,,,,,,,,,,,,,,,,OpenML_3_kr-vs-kp,OpenML_3_kr-vs-kp,3,kr-vs-kp,3196,36,35,1,,,,,,,,
3,B_mask_no_pp,True,False,True,False,balanced_acc,val_loss,val_loss,val_bacc,170,B3_D4_K24,0.6677149266861551,0.013169204830893,0.0029348849097682,0.0660799424988824,0.0019897752097436,balanced_bce,3,4,24,81,0.2962962962962963,136,170,9.581536531448364,,0.2148,0.9364,0.9347,0.8742,0.9532,0.9311,0.936,0.9121,0.9669,876,100,30,1038,0.1529,0.2089,0.9414,0.9401,0.8837,0.9526,0.929,0.9411,0.9217,0.9654,223,22,8,259,0.0049,0.209,0.9375,0.9357,0.8768,0.9556,0.9325,0.9371,0.9106,0.9716,274,32,8,326,0.0067,22.0,22.0,0.0,602.0,653.0,-51.0,68.0,78.0,-10.0,712.0,779.0,-67.0,9,16,8,3,8,0,3.172926447574335,3.0,4.0,2556,3.1828125,3.0,4.0,640,,,,,,,,,,,,,,,,,,,,,,,,,,,,,,,,,,,,,,,,,,,,,,,,,,,,,,,,,,,,,,,,,,,,,,,,,,,,,OpenML_3_kr-vs-kp,OpenML_3_kr-vs-kp,3,kr-vs-kp,3196,36,35,1,,,,,,,,
3,C_mask_pp,True,True,True,False,balanced_acc,val_loss,val_loss,val_bacc,170,B3_D4_K24,0.6677149266861551,0.013169204830893,0.0029348849097682,0.0660799424988824,0.0019897752097436,balanced_bce,3,4,24,81,0.2962962962962963,136,170,9.631064131855965,,0.2148,0.9364,0.9347,0.8742,0.9532,0.9311,0.936,0.9121,0.9669,876,100,30,1038,0.0707,0.2089,0.9414,0.9401,0.8837,0.9526,0.929,0.9411,0.9217,0.9654,223,22,8,259,0.006,0.209,0.9375,0.9357,0.8768,0.9556,0.9325,0.9371,0.9106,0.9716,274,32,8,326,0.0078,22.0,22.0,0.0,602.0,653.0,-51.0,68.0,78.0,-10.0,712.0,779.0,-67.0,9,16,8,3,8,0,3.172926447574335,3.0,4.0,2556,3.1828125,3.0,4.0,640,0.2148,0.9364,0.9347,0.8742,0.9532,0.9311,0.936,0.9121,0.9669,876.0,100.0,30.0,1038.0,0.0315,0.2089,0.9414,0.9401,0.8837,0.9526,0.929,0.9411,0.9217,0.9654,223.0,22.0,8.0,259.0,0.0077,0.209,0.9375,0.9357,0.8768,0.9556,0.9325,0.9371,0.9106,0.9716,274.0,32.0,8.0,326.0,0.011,22.0,22.0,0.0,602.0,653.0,-51.0,68.0,78.0,-10.0,712.0,779.0,-67.0,9.0,16.0,8.0,3.0,8.0,0.0,11.0,9.0,19.0,8.0,3.0,16.0,9.0,9.0,3.172926425933838,3.0,4.0,2556.0,3.182812452316284,3.0,4.0,640.0,OpenML_3_kr-vs-kp,OpenML_3_kr-vs-kp,3,kr-vs-kp,3196,36,35,1,0.9357,0.9556,,0.9371,,9.0,8.0,16.0
3,D_no_mask_pp,False,True,False,False,balanced_acc,val_loss,val_loss,val_bacc,170,B3_D4_K24,0.6677149266861551,0.013169204830893,0.0029348849097682,0.0660799424988824,0.0019897752097436,balanced_bce,3,4,24,81,0.2962962962962963,136,170,9.625447370111942,,0.1902,0.9374,0.9361,0.8754,0.9685,0.9679,0.9371,0.9196,0.9589,886,90,38,1030,0.0332,0.1925,0.9355,0.9345,0.8714,0.9677,0.9682,0.9353,0.9209,0.953,223,22,11,256,0.0053,0.1782,0.9422,0.9408,0.8854,0.9714,0.9702,0.9419,0.9207,0.9686,278,28,9,325,0.0072,29.0,27.0,2.0,608.0,663.0,-55.0,62.0,68.0,-6.0,705.0,774.0,-69.0,13,23,11,1,10,1,3.618935837245696,4.0,4.0,2556,3.628125,4.0,4.0,640,0.1902,0.9374,0.9361,0.8754,0.9685,0.9679,0.9371,0.9196,0.9589,886.0,90.0,38.0,1030.0,0.0329,0.1925,0.9355,0.9345,0.8714,0.9677,0.9682,0.9353,0.9209,0.953,223.0,22.0,11.0,256.0,0.0069,0.1782,0.9422,0.9408,0.8854,0.9714,0.9702,0.9419,0.9207,0.9686,278.0,28.0,9.0,325.0,0.0107,29.0,27.0,2.0,608.0,663.0,-55.0,62.0,68.0,-6.0,705.0,774.0,-69.0,10.0,18.0,9.0,2.0,9.0,0.0,11.0,10.0,20.0,9.0,2.0,18.0,10.0,10.0,3.2378716468811035,4.0,4.0,2556.0,3.2562499046325684,4.0,4.0,640.0,OpenML_3_kr-vs-kp,OpenML_3_kr-vs-kp,3,kr-vs-kp,3196,36,35,1,0.9408,0.9714,,0.9419,,10.0,9.0,18.0
4,A_no_mask_no_pp,False,False,False,False,balanced_acc,val_loss,val_loss,val_bacc,170,B4_D4_K32,0.2433305657422845,0.0068008011350391,0.0037772327294184,0.0326451926143214,0.0281007541422748,balanced_bce,4,4,32,256,0.125,136,170,14.47639511153102,,0.2031,0.9452,0.9439,0.8913,0.9584,0.9374,0.9449,0.9253,0.9696,892,84,28,1040,0.0216,0.2421,0.9277,0.9267,0.8557,0.9434,0.9243,0.9274,0.9137,0.9444,221,24,13,254,0.0053,0.2271,0.9344,0.9333,0.8691,0.953,0.928,0.9341,0.9195,0.9521,278,28,14,320,0.0068,14.0,15.0,-1.0,614.0,671.0,-57.0,56.0,60.0,-4.0,720.0,786.0,-66.0,131,175,45,3,1,44,4.0,4.0,4.0,2556,4.0,4.0,4.0,640,,,,,,,,,,,,,,,,,,,,,,,,,,,,,,,,,,,,,,,,,,,,,,,,,,,,,,,,,,,,,,,,,,,,,,,,,,,,,OpenML_3_kr-vs-kp,OpenML_3_kr-vs-kp,3,kr-vs-kp,3196,36,35,1,,,,,,,,
4,B_mask_no_pp,True,False,True,False,balanced_acc,val_loss,val_loss,val_bacc,170,B4_D4_K32,0.2433305657422845,0.0068008011350391,0.0037772327294184,0.0326451926143214,0.0281007541422748,balanced_bce,4,4,32,256,0.125,136,170,14.564824253320694,,0.2138,0.9041,0.9005,0.816,0.9686,0.9546,0.9027,0.8568,0.9745,801,175,21,1047,0.0322,0.2379,0.9043,0.902,0.8114,0.9654,0.9527,0.9035,0.8733,0.9455,208,37,12,255,0.0056,0.218,0.9047,0.9021,0.813,0.9708,0.96,0.9038,0.8699,0.952,258,48,13,321,0.0073,8.0,9.0,-1.0,543.0,593.0,-50.0,127.0,138.0,-11.0,726.0,792.0,-66.0,116,157,42,6,0,42,3.89358372456964,4.0,4.0,2556,3.9015625,4.0,4.0,640,,,,,,,,,,,,,,,,,,,,,,,,,,,,,,,,,,,,,,,,,,,,,,,,,,,,,,,,,,,,,,,,,,,,,,,,,,,,,OpenML_3_kr-vs-kp,OpenML_3_kr-vs-kp,3,kr-vs-kp,3196,36,35,1,,,,,,,,
4,C_mask_pp,True,True,True,False,balanced_acc,val_loss,val_loss,val_bacc,170,B4_D4_K32,0.2433305657422845,0.0068008011350391,0.0037772327294184,0.0326451926143214,0.0281007541422748,balanced_bce,4,4,32,256,0.125,136,170,14.378656156361105,,0.2138,0.9041,0.9005,0.816,0.9686,0.9546,0.9027,0.8568,0.9745,801,175,21,1047,0.0947,0.2379,0.9043,0.902,0.8114,0.9654,0.9527,0.9035,0.8733,0.9455,208,37,12,255,0.0053,0.218,0.9047,0.9021,0.813,0.9708,0.96,0.9038,0.8699,0.952,258,48,13,321,0.007,8.0,9.0,-1.0,543.0,593.0,-50.0,127.0,138.0,-11.0,726.0,792.0,-66.0,116,157,42,6,0,42,3.89358372456964,4.0,4.0,2556,3.9015625,4.0,4.0,640,0.2138,0.9041,0.9005,0.816,0.9686,0.9546,0.9027,0.8568,0.9745,801.0,175.0,21.0,1047.0,0.032,0.2379,0.9043,0.902,0.8114,0.9654,0.9527,0.9035,0.8733,0.9455,208.0,37.0,12.0,255.0,0.0077,0.218,0.9047,0.9021,0.813,0.9708,0.96,0.9038,0.8699,0.952,258.0,48.0,13.0,321.0,0.0108,8.0,9.0,-1.0,543.0,593.0,-50.0,127.0,138.0,-11.0,726.0,792.0,-66.0,12.0,22.0,11.0,3.0,11.0,0.0,14.0,12.0,25.0,11.0,3.0,22.0,12.0,12.0,3.859546184539795,4.0,4.0,2556.0,3.868750095367432,4.0,4.0,640.0,OpenML_3_kr-vs-kp,OpenML_3_kr-vs-kp,3,kr-vs-kp,3196,36,35,1,0.9021,0.9708,,0.9038,,12.0,11.0,22.0
4,D_no_mask_pp,False,True,False,False,balanced_acc,val_loss,val_loss,val_bacc,170,B4_D4_K32,0.2433305657422845,0.0068008011350391,0.0037772327294184,0.0326451926143214,0.0281007541422748,balanced_bce,4,4,32,256,0.125,136,170,15.187198117375374,,0.2031,0.9452,0.9439,0.8913,0.9584,0.9374,0.9449,0.9253,0.9696,892,84,28,1040,0.0326,0.2421,0.9277,0.9267,0.8557,0.9434,0.9243,0.9274,0.9137,0.9444,221,24,13,254,0.007,0.2271,0.9344,0.9333,0.8691,0.953,0.928,0.9341,0.9195,0.9521,278,28,14,320,0.0095,14.0,15.0,-1.0,614.0,671.0,-57.0,56.0,60.0,-4.0,720.0,786.0,-66.0,131,175,45,3,1,44,4.0,4.0,4.0,2556,4.0,4.0,4.0,640,0.2031,0.9452,0.9439,0.8913,0.9584,0.9374,0.9449,0.9253,0.9696,892.0,84.0,28.0,1040.0,0.0328,0.2421,0.9277,0.9267,0.8557,0.9434,0.9243,0.9274,0.9137,0.9444,221.0,24.0,13.0,254.0,0.0144,0.2271,0.9344,0.9333,0.8691,0.953,0.928,0.9341,0.9195,0.9521,278.0,28.0,14.0,320.0,0.0132,14.0,15.0,-1.0,614.0,671.0,-57.0,56.0,60.0,-4.0,720.0,786.0,-66.0,13.0,24.0,12.0,2.0,12.0,0.0,14.0,13.0,26.0,12.0,2.0,24.0,13.0,12.0,3.952660322189331,4.0,4.0,2556.0,3.956249952316284,4.0,4.0,640.0,OpenML_3_kr-vs-kp,OpenML_3_kr-vs-kp,3,kr-vs-kp,3196,36,35,1,0.9333,0.953,,0.9341,,13.0,12.0,24.0
0,A_no_mask_no_pp,False,False,False,False,balanced_acc,val_loss,val_loss,val_bacc,245,B4_D4_K64,0.4672201459361547,0.0189904120608432,0.0112698721439029,0.0509359229405369,0.0153389451979411,balanced_bce,4,4,64,256,0.25,196,245,13.459861792623997,,0.334,0.8699,0.8618,0.7266,0.9279,0.8814,0.8632,0.8429,0.8868,1606,178,205,955,0.0309,0.3197,0.875,0.8667,0.7372,0.9332,0.8936,0.8685,0.8511,0.8899,404,42,50,240,0.0075,0.3353,0.8664,0.8527,0.718,0.9262,0.8917,0.8579,0.8614,0.8693,512,46,77,286,0.0101,128.0,155.0,-27.0,1094.0,1202.0,-108.0,132.0,136.0,-4.0,669.0,715.0,-46.0,141,194,54,6,4,50,3.851358695652174,4.0,4.0,3680,3.871878393051032,4.0,4.0,921,,,,,,,,,,,,,,,,,,,,,,,,,,,,,,,,,,,,,,,,,,,,,,,,,,,,,,,,,,,,,,,,,,,,,,,,,,,,,OpenML_44_spambase,OpenML_44_spambase,44,spambase,4601,57,57,0,,,,,,,,
0,B_mask_no_pp,True,False,True,False,balanced_acc,val_loss,val_loss,val_bacc,245,B4_D4_K64,0.4672201459361547,0.0189904120608432,0.0112698721439029,0.0509359229405369,0.0153389451979411,balanced_bce,4,4,64,256,0.25,196,245,12.894739430397747,,0.3209,0.8801,0.8712,0.7476,0.9194,0.8786,0.8736,0.8612,0.8916,1629,155,198,962,0.0511,0.2968,0.8967,0.8895,0.7829,0.9326,0.8954,0.8913,0.8794,0.9075,412,34,42,248,0.0102,0.3156,0.8893,0.8802,0.7668,0.9239,0.8822,0.8831,0.8761,0.8972,515,43,59,304,0.0143,139.0,156.0,-17.0,1114.0,1217.0,-103.0,112.0,121.0,-9.0,658.0,714.0,-56.0,117,160,44,4,2,42,3.6782608695652175,4.0,4.0,3680,3.6796959826275786,4.0,4.0,921,,,,,,,,,,,,,,,,,,,,,,,,,,,,,,,,,,,,,,,,,,,,,,,,,,,,,,,,,,,,,,,,,,,,,,,,,,,,,OpenML_44_spambase,OpenML_44_spambase,44,spambase,4601,57,57,0,,,,,,,,
0,C_mask_pp,True,True,True,False,balanced_acc,val_loss,val_loss,val_bacc,245,B4_D4_K64,0.4672201459361547,0.0189904120608432,0.0112698721439029,0.0509359229405369,0.0153389451979411,balanced_bce,4,4,64,256,0.25,196,245,12.166585456579924,,0.3209,0.8801,0.8712,0.7476,0.9194,0.8786,0.8736,0.8612,0.8916,1629,155,198,962,0.038,0.2968,0.8967,0.8895,0.7829,0.9326,0.8954,0.8913,0.8794,0.9075,412,34,42,248,0.0075,0.3156,0.8893,0.8802,0.7668,0.9239,0.8822,0.8831,0.8761,0.8972,515,43,59,304,0.0101,139.0,156.0,-17.0,1114.0,1217.0,-103.0,112.0,121.0,-9.0,658.0,714.0,-56.0,117,160,44,4,2,42,3.6782608695652175,4.0,4.0,3680,3.6796959826275786,4.0,4.0,921,0.3209,0.8801,0.8712,0.7476,0.9194,0.8786,0.8736,0.8612,0.8916,1629.0,155.0,198.0,962.0,0.0455,0.2968,0.8967,0.8895,0.7829,0.9326,0.8954,0.8913,0.8794,0.9075,412.0,34.0,42.0,248.0,0.0113,0.3156,0.8893,0.8802,0.7668,0.9239,0.8822,0.8831,0.8761,0.8972,515.0,43.0,59.0,304.0,0.0155,139.0,156.0,-17.0,1114.0,1217.0,-103.0,112.0,121.0,-9.0,658.0,714.0,-56.0,23.0,36.0,14.0,5.0,7.0,7.0,19.0,23.0,41.0,14.0,5.0,36.0,23.0,15.0,3.660597801208496,4.0,4.0,3680.0,3.659066200256348,4.0,4.0,921.0,OpenML_44_spambase,OpenML_44_spambase,44,spambase,4601,57,57,0,0.8802,0.9239,,0.8831,,23.0,14.0,36.0
0,D_no_mask_pp,False,True,False,False,balanced_acc,val_loss,val_loss,val_bacc,245,B4_D4_K64,0.4672201459361547,0.0189904120608432,0.0112698721439029,0.0509359229405369,0.0153389451979411,balanced_bce,4,4,64,256,0.25,196,245,12.960828311741352,,0.334,0.8699,0.8618,0.7266,0.9279,0.8814,0.8632,0.8429,0.8868,1606,178,205,955,0.0337,0.3197,0.875,0.8667,0.7372,0.9332,0.8936,0.8685,0.8511,0.8899,404,42,50,240,0.0076,0.3353,0.8664,0.8527,0.718,0.9262,0.8917,0.8579,0.8614,0.8693,512,46,77,286,0.0096,128.0,155.0,-27.0,1094.0,1202.0,-108.0,132.0,136.0,-4.0,669.0,715.0,-46.0,141,194,54,6,4,50,3.851358695652174,4.0,4.0,3680,3.871878393051032,4.0,4.0,921,0.334,0.8699,0.8618,0.7266,0.9279,0.8814,0.8632,0.8429,0.8868,1606.0,178.0,205.0,955.0,0.0478,0.3197,0.875,0.8667,0.7372,0.9332,0.8936,0.8685,0.8511,0.8899,404.0,42.0,50.0,240.0,0.0113,0.3353,0.8664,0.8527,0.718,0.9262,0.8917,0.8579,0.8614,0.8693,512.0,46.0,77.0,286.0,0.0153,128.0,155.0,-27.0,1094.0,1202.0,-108.0,132.0,136.0,-4.0,669.0,715.0,-46.0,44.0,69.0,26.0,9.0,13.0,13.0,35.0,44.0,78.0,26.0,9.0,69.0,44.0,39.0,3.812771797180176,4.0,4.0,3680.0,3.8414766788482666,4.0,4.0,921.0,OpenML_44_spambase,OpenML_44_spambase,44,spambase,4601,57,57,0,0.8527,0.9262,,0.8579,,44.0,26.0,69.0
1,A_no_mask_no_pp,False,False,False,False,balanced_acc,val_loss,val_loss,val_bacc,245,B4_D4_K16,0.3991739907253543,0.0058507810119648,0.030574584153426,0.0858592269975316,0.0022276029526711,balanced_bce,4,4,16,256,0.0625,196,245,9.97321768850088,,0.3779,0.8696,0.8687,0.7306,0.9174,0.8732,0.8648,0.8154,0.9084,1557,227,157,1003,0.0332,0.4006,0.8668,0.8624,0.7223,0.9049,0.8585,0.8611,0.8243,0.8955,394,52,46,244,0.007,0.3955,0.8534,0.8511,0.6965,0.9004,0.8525,0.8479,0.7984,0.8924,481,77,58,305,0.0093,99.0,111.0,-12.0,1076.0,1163.0,-87.0,150.0,175.0,-25.0,698.0,759.0,-61.0,120,166,47,2,4,43,3.851086956521739,4.0,4.0,3680,3.8523344191096633,4.0,4.0,921,,,,,,,,,,,,,,,,,,,,,,,,,,,,,,,,,,,,,,,,,,,,,,,,,,,,,,,,,,,,,,,,,,,,,,,,,,,,,OpenML_44_spambase,OpenML_44_spambase,44,spambase,4601,57,57,0,,,,,,,,
1,B_mask_no_pp,True,False,True,False,balanced_acc,val_loss,val_loss,val_bacc,245,B4_D4_K16,0.3991739907253543,0.0058507810119648,0.030574584153426,0.0858592269975316,0.0022276029526711,balanced_bce,4,4,16,256,0.0625,196,245,13.454297743737698,,0.4049,0.839,0.8442,0.676,0.9045,0.8512,0.8351,0.7579,0.9058,1462,322,152,1008,0.0447,0.3819,0.8655,0.8655,0.7231,0.9083,0.8534,0.8608,0.8071,0.9082,386,60,39,251,0.0072,0.3926,0.8426,0.8446,0.679,0.902,0.8617,0.8379,0.7711,0.8979,466,92,53,310,0.0092,99.0,113.0,-14.0,996.0,1076.0,-80.0,230.0,262.0,-32.0,698.0,757.0,-59.0,125,173,49,5,6,43,4.0,4.0,4.0,3680,4.0,4.0,4.0,921,,,,,,,,,,,,,,,,,,,,,,,,,,,,,,,,,,,,,,,,,,,,,,,,,,,,,,,,,,,,,,,,,,,,,,,,,,,,,OpenML_44_spambase,OpenML_44_spambase,44,spambase,4601,57,57,0,,,,,,,,
1,C_mask_pp,True,True,True,False,balanced_acc,val_loss,val_loss,val_bacc,245,B4_D4_K16,0.3991739907253543,0.0058507810119648,0.030574584153426,0.0858592269975316,0.0022276029526711,balanced_bce,4,4,16,256,0.0625,196,245,13.418261989951134,,0.4049,0.839,0.8442,0.676,0.9045,0.8512,0.8351,0.7579,0.9058,1462,322,152,1008,0.0323,0.3819,0.8655,0.8655,0.7231,0.9083,0.8534,0.8608,0.8071,0.9082,386,60,39,251,0.008,0.3926,0.8426,0.8446,0.679,0.902,0.8617,0.8379,0.7711,0.8979,466,92,53,310,0.0098,99.0,113.0,-14.0,996.0,1076.0,-80.0,230.0,262.0,-32.0,698.0,757.0,-59.0,125,173,49,5,6,43,4.0,4.0,4.0,3680,4.0,4.0,4.0,921,0.4049,0.839,0.8442,0.676,0.9045,0.8512,0.8351,0.7579,0.9058,1462.0,322.0,152.0,1008.0,0.0437,0.3819,0.8655,0.8655,0.7231,0.9083,0.8534,0.8608,0.8071,0.9082,386.0,60.0,39.0,251.0,0.0109,0.3931,0.8415,0.8437,0.677,0.9019,0.8617,0.8369,0.7692,0.8977,465.0,93.0,53.0,310.0,0.0143,99.0,113.0,-14.0,997.0,1076.0,-79.0,229.0,262.0,-33.0,698.0,757.0,-59.0,23.0,38.0,16.0,3.0,11.0,5.0,19.0,23.0,41.0,16.0,3.0,38.0,23.0,23.0,3.438315153121948,3.0,4.0,3680.0,3.448425531387329,3.0,4.0,921.0,OpenML_44_spambase,OpenML_44_spambase,44,spambase,4601,57,57,0,0.8437,0.9019,,0.8369,,23.0,16.0,38.0
1,D_no_mask_pp,False,True,False,False,balanced_acc,val_loss,val_loss,val_bacc,245,B4_D4_K16,0.3991739907253543,0.0058507810119648,0.030574584153426,0.0858592269975316,0.0022276029526711,balanced_bce,4,4,16,256,0.0625,196,245,9.64318123832345,,0.3779,0.8696,0.8687,0.7306,0.9174,0.8732,0.8648,0.8154,0.9084,1557,227,157,1003,0.0391,0.4006,0.8668,0.8624,0.7223,0.9049,0.8585,0.8611,0.8243,0.8955,394,52,46,244,0.0078,0.3955,0.8534,0.8511,0.6965,0.9004,0.8525,0.8479,0.7984,0.8924,481,77,58,305,0.0096,99.0,111.0,-12.0,1076.0,1163.0,-87.0,150.0,175.0,-25.0,698.0,759.0,-61.0,120,166,47,2,4,43,3.851086956521739,4.0,4.0,3680,3.8523344191096633,4.0,4.0,921,0.3779,0.8696,0.8687,0.7306,0.9174,0.8732,0.8648,0.8154,0.9084,1557.0,227.0,157.0,1003.0,0.0451,0.4006,0.8668,0.8624,0.7223,0.9049,0.8585,0.8611,0.8243,0.8955,394.0,52.0,46.0,244.0,0.0118,0.3955,0.8534,0.8511,0.6965,0.9004,0.8525,0.8479,0.7984,0.8924,481.0,77.0,58.0,305.0,0.0144,99.0,111.0,-12.0,1076.0,1163.0,-87.0,150.0,175.0,-25.0,698.0,759.0,-61.0,27.0,43.0,17.0,6.0,10.0,7.0,23.0,27.0,49.0,17.0,6.0,43.0,27.0,26.0,3.735869646072388,4.0,4.0,3680.0,3.744842529296875,4.0,4.0,921.0,OpenML_44_spambase,OpenML_44_spambase,44,spambase,4601,57,57,0,0.8511,0.9004,,0.8479,,27.0,17.0,43.0
2,A_no_mask_no_pp,False,False,False,False,balanced_acc,val_loss,val_loss,val_bacc,245,B4_D4_K48,0.3488574096023603,0.0262447431459503,0.0028868190886087,0.0050863360136265,0.0688331281475182,balanced_bce,4,4,48,256,0.1875,196,245,20.20706582441926,,0.3627,0.8832,0.8811,0.7574,0.8996,0.8098,0.8785,0.8383,0.9143,1589,195,149,1011,0.0311,0.3729,0.875,0.8685,0.7379,0.888,0.814,0.869,0.8438,0.8951,401,45,47,243,0.0071,0.3508,0.8893,0.8807,0.7669,0.8944,0.829,0.8832,0.8739,0.8986,514,44,58,305,0.0096,91.0,102.0,-11.0,1075.0,1188.0,-113.0,151.0,150.0,1.0,706.0,768.0,-62.0,138,186,49,9,2,47,3.9067934782608695,4.0,4.0,3680,3.89685124864278,4.0,4.0,921,,,,,,,,,,,,,,,,,,,,,,,,,,,,,,,,,,,,,,,,,,,,,,,,,,,,,,,,,,,,,,,,,,,,,,,,,,,,,OpenML_44_spambase,OpenML_44_spambase,44,spambase,4601,57,57,0,,,,,,,,
2,B_mask_no_pp,True,False,True,False,balanced_acc,val_loss,val_loss,val_bacc,245,B4_D4_K48,0.3488574096023603,0.0262447431459503,0.0028868190886087,0.0050863360136265,0.0688331281475182,balanced_bce,4,4,48,256,0.1875,196,245,20.08114320039749,,0.3547,0.8604,0.8706,0.7258,0.9082,0.8341,0.8578,0.7708,0.9398,1467,317,94,1066,0.0325,0.3526,0.8682,0.875,0.7362,0.9024,0.8305,0.865,0.7898,0.933,376,70,27,263,0.0074,0.3762,0.8545,0.8626,0.7109,0.8962,0.8121,0.8514,0.7694,0.9274,460,98,36,327,0.0094,58.0,67.0,-9.0,1007.0,1091.0,-84.0,219.0,247.0,-28.0,739.0,803.0,-64.0,100,138,39,2,3,36,3.848369565217392,4.0,4.0,3680,3.821932681867535,4.0,4.0,921,,,,,,,,,,,,,,,,,,,,,,,,,,,,,,,,,,,,,,,,,,,,,,,,,,,,,,,,,,,,,,,,,,,,,,,,,,,,,OpenML_44_spambase,OpenML_44_spambase,44,spambase,4601,57,57,0,,,,,,,,
2,C_mask_pp,True,True,True,False,balanced_acc,val_loss,val_loss,val_bacc,245,B4_D4_K48,0.3488574096023603,0.0262447431459503,0.0028868190886087,0.0050863360136265,0.0688331281475182,balanced_bce,4,4,48,256,0.1875,196,245,19.776450112462044,,0.3547,0.8604,0.8706,0.7258,0.9082,0.8341,0.8578,0.7708,0.9398,1467,317,94,1066,0.0317,0.3526,0.8682,0.875,0.7362,0.9024,0.8305,0.865,0.7898,0.933,376,70,27,263,0.0075,0.3762,0.8545,0.8626,0.7109,0.8962,0.8121,0.8514,0.7694,0.9274,460,98,36,327,0.0099,58.0,67.0,-9.0,1007.0,1091.0,-84.0,219.0,247.0,-28.0,739.0,803.0,-64.0,100,138,39,2,3,36,3.848369565217392,4.0,4.0,3680,3.821932681867535,4.0,4.0,921,0.3547,0.8604,0.8706,0.7258,0.9082,0.8341,0.8578,0.7708,0.9398,1467.0,317.0,94.0,1066.0,0.0434,0.3526,0.8682,0.875,0.7362,0.9024,0.8305,0.865,0.7898,0.933,376.0,70.0,27.0,263.0,0.0107,0.3762,0.8545,0.8626,0.7109,0.8962,0.8121,0.8514,0.7694,0.9274,460.0,98.0,36.0,327.0,0.0138,58.0,67.0,-9.0,1007.0,1091.0,-84.0,219.0,247.0,-28.0,739.0,803.0,-64.0,12.0,22.0,11.0,3.0,11.0,0.0,14.0,12.0,25.0,11.0,3.0,22.0,12.0,12.0,3.817662954330444,4.0,4.0,3680.0,3.795874118804932,4.0,4.0,921.0,OpenML_44_spambase,OpenML_44_spambase,44,spambase,4601,57,57,0,0.8626,0.8962,,0.8514,,12.0,11.0,22.0
2,D_no_mask_pp,False,True,False,False,balanced_acc,val_loss,val_loss,val_bacc,245,B4_D4_K48,0.3488574096023603,0.0262447431459503,0.0028868190886087,0.0050863360136265,0.0688331281475182,balanced_bce,4,4,48,256,0.1875,196,245,19.214605301618576,,0.3627,0.8832,0.8811,0.7574,0.8996,0.8098,0.8785,0.8383,0.9143,1589,195,149,1011,0.0316,0.3729,0.875,0.8685,0.7379,0.888,0.814,0.869,0.8438,0.8951,401,45,47,243,0.0071,0.3508,0.8893,0.8807,0.7669,0.8944,0.829,0.8832,0.8739,0.8986,514,44,58,305,0.009,91.0,102.0,-11.0,1075.0,1188.0,-113.0,151.0,150.0,1.0,706.0,768.0,-62.0,138,186,49,9,2,47,3.9067934782608695,4.0,4.0,3680,3.89685124864278,4.0,4.0,921,0.3627,0.8832,0.8811,0.7574,0.8996,0.8098,0.8785,0.8383,0.9143,1589.0,195.0,149.0,1011.0,0.0416,0.3729,0.875,0.8685,0.7379,0.888,0.814,0.869,0.8438,0.8951,401.0,45.0,47.0,243.0,0.0109,0.3508,0.8893,0.8807,0.7669,0.8944,0.829,0.8832,0.8739,0.8986,514.0,44.0,58.0,305.0,0.0139,91.0,102.0,-11.0,1075.0,1188.0,-113.0,151.0,150.0,1.0,706.0,768.0,-62.0,19.0,32.0,14.0,7.0,11.0,3.0,21.0,19.0,39.0,14.0,7.0,32.0,19.0,18.0,3.107608795166016,3.0,4.0,3680.0,3.096634149551392,3.0,4.0,921.0,OpenML_44_spambase,OpenML_44_spambase,44,spambase,4601,57,57,0,0.8807,0.8944,,0.8832,,19.0,14.0,32.0
3,A_no_mask_no_pp,False,False,False,False,balanced_acc,val_loss,val_loss,val_bacc,245,B3_D4_K24,0.4323645208582868,0.0115829871685157,0.0555641918960143,0.0368961802517531,0.0091542435873225,balanced_bce,3,4,24,81,0.2962962962962963,196,245,10.901749890297651,,0.4227,0.8427,0.8496,0.6857,0.9049,0.8216,0.8392,0.7583,0.9141,1458,326,137,1023,0.0278,0.4249,0.8356,0.8384,0.666,0.8918,0.7841,0.831,0.76,0.8954,368,78,43,247,0.0072,0.4137,0.8567,0.8663,0.7175,0.9064,0.8117,0.8539,0.768,0.9347,458,100,32,331,0.0094,105.0,94.0,11.0,1000.0,1090.0,-90.0,226.0,248.0,-22.0,692.0,776.0,-84.0,51,76,26,5,2,24,3.326358695652174,3.0,4.0,3680,3.3648208469055376,3.0,4.0,921,,,,,,,,,,,,,,,,,,,,,,,,,,,,,,,,,,,,,,,,,,,,,,,,,,,,,,,,,,,,,,,,,,,,,,,,,,,,,OpenML_44_spambase,OpenML_44_spambase,44,spambase,4601,57,57,0,,,,,,,,
3,B_mask_no_pp,True,False,True,False,balanced_acc,val_loss,val_loss,val_bacc,245,B3_D4_K24,0.4323645208582868,0.0115829871685157,0.0555641918960143,0.0368961802517531,0.0091542435873225,balanced_bce,3,4,24,81,0.2962962962962963,196,245,12.96504034474492,,0.3917,0.8516,0.8552,0.699,0.8876,0.8242,0.8475,0.7779,0.9099,1495,289,148,1012,0.0366,0.4,0.8546,0.8529,0.6995,0.8778,0.808,0.8492,0.798,0.8951,384,62,45,245,0.0078,0.3404,0.8719,0.8784,0.7432,0.9174,0.8562,0.8687,0.7952,0.9348,473,85,33,330,0.0101,115.0,103.0,12.0,1022.0,1111.0,-89.0,204.0,227.0,-23.0,682.0,767.0,-85.0,58,88,31,1,5,26,3.5478260869565217,4.0,4.0,3680,3.549402823018458,4.0,4.0,921,,,,,,,,,,,,,,,,,,,,,,,,,,,,,,,,,,,,,,,,,,,,,,,,,,,,,,,,,,,,,,,,,,,,,,,,,,,,,OpenML_44_spambase,OpenML_44_spambase,44,spambase,4601,57,57,0,,,,,,,,
3,C_mask_pp,True,True,True,False,balanced_acc,val_loss,val_loss,val_bacc,245,B3_D4_K24,0.4323645208582868,0.0115829871685157,0.0555641918960143,0.0368961802517531,0.0091542435873225,balanced_bce,3,4,24,81,0.2962962962962963,196,245,13.052944790571928,,0.3917,0.8516,0.8552,0.699,0.8876,0.8242,0.8475,0.7779,0.9099,1495,289,148,1012,0.0337,0.4,0.8546,0.8529,0.6995,0.8778,0.808,0.8492,0.798,0.8951,384,62,45,245,0.0074,0.3404,0.8719,0.8784,0.7432,0.9174,0.8562,0.8687,0.7952,0.9348,473,85,33,330,0.0094,115.0,103.0,12.0,1022.0,1111.0,-89.0,204.0,227.0,-23.0,682.0,767.0,-85.0,58,88,31,1,5,26,3.5478260869565217,4.0,4.0,3680,3.549402823018458,4.0,4.0,921,0.3917,0.8516,0.8552,0.699,0.8876,0.8242,0.8475,0.7779,0.9099,1495.0,289.0,148.0,1012.0,0.0427,0.4,0.8546,0.8529,0.6995,0.8778,0.808,0.8492,0.798,0.8951,384.0,62.0,45.0,245.0,0.0113,0.3404,0.8719,0.8784,0.7432,0.9174,0.8562,0.8687,0.7952,0.9348,473.0,85.0,33.0,330.0,0.0149,115.0,103.0,12.0,1022.0,1111.0,-89.0,204.0,227.0,-23.0,682.0,767.0,-85.0,10.0,17.0,8.0,6.0,7.0,1.0,14.0,10.0,23.0,8.0,6.0,17.0,10.0,10.0,2.829619646072388,3.0,4.0,3680.0,2.856677532196045,3.0,4.0,921.0,OpenML_44_spambase,OpenML_44_spambase,44,spambase,4601,57,57,0,0.8784,0.9174,,0.8687,,10.0,8.0,17.0
3,D_no_mask_pp,False,True,False,False,balanced_acc,val_loss,val_loss,val_bacc,245,B3_D4_K24,0.4323645208582868,0.0115829871685157,0.0555641918960143,0.0368961802517531,0.0091542435873225,balanced_bce,3,4,24,81,0.2962962962962963,196,245,11.03281682357192,,0.4227,0.8427,0.8496,0.6857,0.9049,0.8216,0.8392,0.7583,0.9141,1458,326,137,1023,0.0294,0.4249,0.8356,0.8384,0.666,0.8918,0.7841,0.831,0.76,0.8954,368,78,43,247,0.0071,0.4137,0.8567,0.8663,0.7175,0.9064,0.8117,0.8539,0.768,0.9347,458,100,32,331,0.0097,105.0,94.0,11.0,1000.0,1090.0,-90.0,226.0,248.0,-22.0,692.0,776.0,-84.0,51,76,26,5,2,24,3.326358695652174,3.0,4.0,3680,3.3648208469055376,3.0,4.0,921,0.4227,0.8427,0.8496,0.6857,0.9049,0.8216,0.8392,0.7583,0.9141,1458.0,326.0,137.0,1023.0,0.0415,0.4249,0.8356,0.8384,0.666,0.8918,0.7841,0.831,0.76,0.8954,368.0,78.0,43.0,247.0,0.0106,0.4137,0.8567,0.8663,0.7175,0.9064,0.8117,0.8539,0.768,0.9347,458.0,100.0,32.0,331.0,0.0138,105.0,94.0,11.0,1000.0,1090.0,-90.0,226.0,248.0,-22.0,692.0,776.0,-84.0,8.0,14.0,7.0,5.0,7.0,0.0,12.0,8.0,19.0,7.0,5.0,14.0,8.0,8.0,2.988586902618408,3.0,4.0,3680.0,2.9989142417907715,3.0,4.0,921.0,OpenML_44_spambase,OpenML_44_spambase,44,spambase,4601,57,57,0,0.8663,0.9064,,0.8539,,8.0,7.0,14.0
4,A_no_mask_no_pp,False,False,False,False,balanced_acc,val_loss,val_loss,val_bacc,245,B4_D4_K48,0.149274013646787,0.0012105647514949,0.0233135598001835,0.0716572243899134,0.09835510942211,balanced_bce,4,4,48,256,0.1875,196,245,12.684701416641474,,0.3671,0.856,0.848,0.6977,0.9064,0.8458,0.8488,0.8217,0.8778,1580,204,220,940,0.0451,0.3268,0.875,0.8613,0.7362,0.9229,0.8792,0.8669,0.875,0.875,413,33,59,231,0.008,0.3162,0.8817,0.8739,0.7513,0.9302,0.8818,0.8755,0.8588,0.8959,508,50,59,304,0.009,161.0,161.0,0.0,1072.0,1167.0,-95.0,154.0,171.0,-17.0,636.0,709.0,-73.0,170,227,58,2,1,57,3.756521739130435,4.0,4.0,3680,3.743756786102063,4.0,4.0,921,,,,,,,,,,,,,,,,,,,,,,,,,,,,,,,,,,,,,,,,,,,,,,,,,,,,,,,,,,,,,,,,,,,,,,,,,,,,,OpenML_44_spambase,OpenML_44_spambase,44,spambase,4601,57,57,0,,,,,,,,
4,B_mask_no_pp,True,False,True,False,balanced_acc,val_loss,val_loss,val_bacc,245,B4_D4_K48,0.149274013646787,0.0012105647514949,0.0233135598001835,0.0716572243899134,0.09835510942211,balanced_bce,4,4,48,256,0.1875,196,245,14.634211253374817,,0.3732,0.8604,0.8657,0.7187,0.9124,0.851,0.8568,0.7844,0.9219,1500,284,127,1033,0.047,0.3944,0.8533,0.8638,0.7122,0.904,0.8269,0.8506,0.7615,0.9356,363,83,25,265,0.0099,0.3507,0.8708,0.8756,0.7389,0.924,0.863,0.8673,0.799,0.9279,476,82,37,326,0.0126,90.0,102.0,-12.0,1024.0,1137.0,-113.0,202.0,201.0,1.0,707.0,768.0,-61.0,206,277,72,2,1,71,3.6953804347826087,4.0,4.0,3680,3.699239956568946,4.0,4.0,921,,,,,,,,,,,,,,,,,,,,,,,,,,,,,,,,,,,,,,,,,,,,,,,,,,,,,,,,,,,,,,,,,,,,,,,,,,,,,OpenML_44_spambase,OpenML_44_spambase,44,spambase,4601,57,57,0,,,,,,,,
4,C_mask_pp,True,True,True,False,balanced_acc,val_loss,val_loss,val_bacc,245,B4_D4_K48,0.149274013646787,0.0012105647514949,0.0233135598001835,0.0716572243899134,0.09835510942211,balanced_bce,4,4,48,256,0.1875,196,245,14.64970837533474,,0.3732,0.8604,0.8657,0.7187,0.9124,0.851,0.8568,0.7844,0.9219,1500,284,127,1033,0.0364,0.3944,0.8533,0.8638,0.7122,0.904,0.8269,0.8506,0.7615,0.9356,363,83,25,265,0.0076,0.3507,0.8708,0.8756,0.7389,0.924,0.863,0.8673,0.799,0.9279,476,82,37,326,0.0098,90.0,102.0,-12.0,1024.0,1137.0,-113.0,202.0,201.0,1.0,707.0,768.0,-61.0,206,277,72,2,1,71,3.6953804347826087,4.0,4.0,3680,3.699239956568946,4.0,4.0,921,0.3732,0.8604,0.8657,0.7187,0.9124,0.851,0.8568,0.7844,0.9219,1500.0,284.0,127.0,1033.0,0.043,0.3944,0.8533,0.8638,0.7122,0.904,0.8269,0.8506,0.7615,0.9356,363.0,83.0,25.0,265.0,0.0113,0.3519,0.8697,0.8747,0.737,0.9236,0.8626,0.8662,0.7971,0.9277,475.0,83.0,37.0,326.0,0.0143,90.0,102.0,-12.0,1025.0,1137.0,-112.0,201.0,201.0,0.0,707.0,768.0,-61.0,25.0,44.0,20.0,2.0,17.0,3.0,22.0,25.0,46.0,20.0,2.0,44.0,25.0,23.0,3.692119598388672,4.0,4.0,3680.0,3.698154211044312,4.0,4.0,921.0,OpenML_44_spambase,OpenML_44_spambase,44,spambase,4601,57,57,0,0.8747,0.9236,,0.8662,,25.0,20.0,44.0
4,D_no_mask_pp,False,True,False,False,balanced_acc,val_loss,val_loss,val_bacc,245,B4_D4_K48,0.149274013646787,0.0012105647514949,0.0233135598001835,0.0716572243899134,0.09835510942211,balanced_bce,4,4,48,256,0.1875,196,245,12.693088117986916,,0.3671,0.856,0.848,0.6977,0.9064,0.8458,0.8488,0.8217,0.8778,1580,204,220,940,0.038,0.3268,0.875,0.8613,0.7362,0.9229,0.8792,0.8669,0.875,0.875,413,33,59,231,0.0073,0.3162,0.8817,0.8739,0.7513,0.9302,0.8818,0.8755,0.8588,0.8959,508,50,59,304,0.0095,161.0,161.0,0.0,1072.0,1167.0,-95.0,154.0,171.0,-17.0,636.0,709.0,-73.0,170,227,58,2,1,57,3.756521739130435,4.0,4.0,3680,3.743756786102063,4.0,4.0,921,0.3671,0.856,0.848,0.6977,0.9064,0.8458,0.8488,0.8217,0.8778,1580.0,204.0,220.0,940.0,0.0431,0.3268,0.875,0.8613,0.7362,0.9229,0.8792,0.8669,0.875,0.875,413.0,33.0,59.0,231.0,0.0106,0.3162,0.8817,0.8739,0.7513,0.9302,0.8818,0.8755,0.8588,0.8959,508.0,50.0,59.0,304.0,0.0145,161.0,161.0,0.0,1072.0,1167.0,-95.0,154.0,171.0,-17.0,636.0,709.0,-73.0,22.0,36.0,15.0,6.0,9.0,6.0,21.0,22.0,42.0,15.0,6.0,36.0,22.0,20.0,3.681250095367432,4.0,4.0,3680.0,3.664495229721069,4.0,4.0,921.0,OpenML_44_spambase,OpenML_44_spambase,44,spambase,4601,57,57,0,0.8739,0.9302,,0.8755,,22.0,15.0,36.0
0,A_no_mask_no_pp,False,False,False,False,balanced_acc,val_loss,val_loss,val_bacc,51,B3_D4_K36,0.5200371384399868,0.0109476330905022,0.0556831271647814,0.071480069811489,0.0076831938755277,balanced_bce,3,4,36,81,0.4444444444444444,40,51,6.949358392506838,,0.4621,0.7964,0.7976,0.5937,0.855,0.7903,0.7961,0.7632,0.829,257,72,53,232,0.0072,0.5066,0.7922,0.794,0.5862,0.8224,0.7355,0.7919,0.7532,0.8312,64,19,13,58,0.0021,0.4659,0.7979,0.8028,0.6056,0.859,0.7963,0.7979,0.7404,0.8652,77,27,12,77,0.0024,41.0,40.0,1.0,180.0,193.0,-13.0,45.0,53.0,-8.0,155.0,174.0,-19.0,45,71,27,5,10,17,3.8645833333333335,4.0,4.0,768,3.8704663212435233,4.0,4.0,193,,,,,,,,,,,,,,,,,,,,,,,,,,,,,,,,,,,,,,,,,,,,,,,,,,,,,,,,,,,,,,,,,,,,,,,,,,,,,OpenML_45557_Mammographic-Mass-Data-Set,OpenML_45557_Mammographic-Mass-Data-Set,45557,Mammographic-Mass-Data-Set,961,4,2,2,,,,,,,,
0,B_mask_no_pp,True,False,True,False,balanced_acc,val_loss,val_loss,val_bacc,51,B3_D4_K36,0.5200371384399868,0.0109476330905022,0.0556831271647814,0.071480069811489,0.0076831938755277,balanced_bce,3,4,36,81,0.4444444444444444,40,51,8.795821715146303,,0.4677,0.7948,0.7951,0.5891,0.856,0.7896,0.7942,0.7677,0.8202,260,69,57,228,0.0071,0.5153,0.7857,0.787,0.5722,0.8222,0.7451,0.7853,0.75,0.8205,64,19,14,57,0.002,0.4651,0.8238,0.8252,0.6485,0.862,0.8072,0.8235,0.7895,0.8571,84,20,14,75,0.0022,43.0,43.0,0.0,176.0,196.0,-20.0,49.0,50.0,-1.0,153.0,171.0,-18.0,16,26,11,3,7,4,3.4453125,3.0,4.0,768,3.430051813471503,3.0,4.0,193,,,,,,,,,,,,,,,,,,,,,,,,,,,,,,,,,,,,,,,,,,,,,,,,,,,,,,,,,,,,,,,,,,,,,,,,,,,,,OpenML_45557_Mammographic-Mass-Data-Set,OpenML_45557_Mammographic-Mass-Data-Set,45557,Mammographic-Mass-Data-Set,961,4,2,2,,,,,,,,
0,C_mask_pp,True,True,True,False,balanced_acc,val_loss,val_loss,val_bacc,51,B3_D4_K36,0.5200371384399868,0.0109476330905022,0.0556831271647814,0.071480069811489,0.0076831938755277,balanced_bce,3,4,36,81,0.4444444444444444,40,51,8.281648978590965,,0.4677,0.7948,0.7951,0.5891,0.856,0.7896,0.7942,0.7677,0.8202,260,69,57,228,0.007,0.5153,0.7857,0.787,0.5722,0.8222,0.7451,0.7853,0.75,0.8205,64,19,14,57,0.002,0.4651,0.8238,0.8252,0.6485,0.862,0.8072,0.8235,0.7895,0.8571,84,20,14,75,0.0023,43.0,43.0,0.0,176.0,196.0,-20.0,49.0,50.0,-1.0,153.0,171.0,-18.0,16,26,11,3,7,4,3.4453125,3.0,4.0,768,3.430051813471503,3.0,4.0,193,0.4677,0.7948,0.7951,0.5891,0.856,0.7896,0.7942,0.7677,0.8202,260.0,69.0,57.0,228.0,0.015,0.5153,0.7857,0.787,0.5722,0.8222,0.7451,0.7853,0.75,0.8205,64.0,19.0,14.0,57.0,0.0036,0.4651,0.8238,0.8252,0.6485,0.862,0.8072,0.8235,0.7895,0.8571,84.0,20.0,14.0,75.0,0.0035,43.0,43.0,0.0,176.0,196.0,-20.0,49.0,50.0,-1.0,153.0,171.0,-18.0,11.0,17.0,7.0,6.0,4.0,3.0,13.0,11.0,23.0,7.0,6.0,17.0,11.0,10.0,3.1393229961395264,3.0,4.0,768.0,3.1036269664764404,3.0,3.79998779296875,193.0,OpenML_45557_Mammographic-Mass-Data-Set,OpenML_45557_Mammographic-Mass-Data-Set,45557,Mammographic-Mass-Data-Set,961,4,2,2,0.8252,0.862,,0.8235,,11.0,7.0,17.0
0,D_no_mask_pp,False,True,False,False,balanced_acc,val_loss,val_loss,val_bacc,51,B3_D4_K36,0.5200371384399868,0.0109476330905022,0.0556831271647814,0.071480069811489,0.0076831938755277,balanced_bce,3,4,36,81,0.4444444444444444,40,51,6.798432189971209,,0.4621,0.7964,0.7976,0.5937,0.855,0.7903,0.7961,0.7632,0.829,257,72,53,232,0.0071,0.5066,0.7922,0.794,0.5862,0.8224,0.7355,0.7919,0.7532,0.8312,64,19,13,58,0.0021,0.4659,0.7979,0.8028,0.6056,0.859,0.7963,0.7979,0.7404,0.8652,77,27,12,77,0.0025,41.0,40.0,1.0,180.0,193.0,-13.0,45.0,53.0,-8.0,155.0,174.0,-19.0,45,71,27,5,10,17,3.8645833333333335,4.0,4.0,768,3.8704663212435233,4.0,4.0,193,0.4621,0.7964,0.7976,0.5937,0.855,0.7903,0.7961,0.7632,0.829,257.0,72.0,53.0,232.0,0.0109,0.5066,0.7922,0.794,0.5862,0.8224,0.7355,0.7919,0.7532,0.8312,64.0,19.0,13.0,58.0,0.0035,0.4659,0.7979,0.8028,0.6056,0.859,0.7963,0.7979,0.7404,0.8652,77.0,27.0,12.0,77.0,0.0037,41.0,40.0,1.0,180.0,193.0,-13.0,45.0,53.0,-8.0,155.0,174.0,-19.0,11.0,19.0,9.0,7.0,8.0,1.0,16.0,11.0,26.0,9.0,7.0,19.0,11.0,9.0,3.3684895038604736,3.0,4.0,768.0,3.331606149673462,3.0,4.0,193.0,OpenML_45557_Mammographic-Mass-Data-Set,OpenML_45557_Mammographic-Mass-Data-Set,45557,Mammographic-Mass-Data-Set,961,4,2,2,0.8028,0.859,,0.7979,,11.0,9.0,19.0
1,A_no_mask_no_pp,False,False,False,False,balanced_acc,val_loss,val_loss,val_bacc,51,B4_D2_K8,0.140823142920813,0.0132445298267348,0.007526449307286,0.0013302393012058,0.067857227900321,balanced_bce,4,2,8,16,0.5,40,51,12.0842610783875,,0.5906,0.7785,0.775,0.5538,0.7859,0.7096,0.7761,0.7811,0.7765,271,58,78,207,0.0066,0.589,0.7792,0.7738,0.5552,0.7993,0.7174,0.7754,0.7937,0.7692,70,13,21,50,0.002,0.5948,0.7668,0.7585,0.533,0.7878,0.7082,0.7602,0.8056,0.7438,90,14,31,58,0.0025,47.0,57.0,-10.0,181.0,201.0,-20.0,44.0,45.0,-1.0,149.0,157.0,-8.0,10,13,4,0,0,4,2.0,2.0,2.0,768,2.0,2.0,2.0,193,,,,,,,,,,,,,,,,,,,,,,,,,,,,,,,,,,,,,,,,,,,,,,,,,,,,,,,,,,,,,,,,,,,,,,,,,,,,,OpenML_45557_Mammographic-Mass-Data-Set,OpenML_45557_Mammographic-Mass-Data-Set,45557,Mammographic-Mass-Data-Set,961,4,2,2,,,,,,,,
1,B_mask_no_pp,True,False,True,False,balanced_acc,val_loss,val_loss,val_bacc,51,B4_D2_K8,0.140823142920813,0.0132445298267348,0.007526449307286,0.0013302393012058,0.067857227900321,balanced_bce,4,2,8,16,0.5,40,51,13.10190387442708,,0.5756,0.7818,0.7795,0.5605,0.7818,0.7006,0.7801,0.7745,0.7876,267,62,72,213,0.0075,0.5792,0.7727,0.7688,0.5415,0.7797,0.7071,0.7699,0.7727,0.7727,68,15,20,51,0.0019,0.5829,0.7668,0.7585,0.533,0.7585,0.6856,0.7602,0.8056,0.7438,90,14,31,58,0.0024,41.0,52.0,-11.0,177.0,199.0,-22.0,48.0,47.0,1.0,155.0,162.0,-7.0,8,10,3,1,0,3,1.96875,2.0,2.0,768,2.0,2.0,2.0,193,,,,,,,,,,,,,,,,,,,,,,,,,,,,,,,,,,,,,,,,,,,,,,,,,,,,,,,,,,,,,,,,,,,,,,,,,,,,,OpenML_45557_Mammographic-Mass-Data-Set,OpenML_45557_Mammographic-Mass-Data-Set,45557,Mammographic-Mass-Data-Set,961,4,2,2,,,,,,,,
1,C_mask_pp,True,True,True,False,balanced_acc,val_loss,val_loss,val_bacc,51,B4_D2_K8,0.140823142920813,0.0132445298267348,0.007526449307286,0.0013302393012058,0.067857227900321,balanced_bce,4,2,8,16,0.5,40,51,13.384464334696531,,0.5756,0.7818,0.7795,0.5605,0.7818,0.7006,0.7801,0.7745,0.7876,267,62,72,213,0.0069,0.5792,0.7727,0.7688,0.5415,0.7797,0.7071,0.7699,0.7727,0.7727,68,15,20,51,0.0023,0.5829,0.7668,0.7585,0.533,0.7585,0.6856,0.7602,0.8056,0.7438,90,14,31,58,0.0053,41.0,52.0,-11.0,177.0,199.0,-22.0,48.0,47.0,1.0,155.0,162.0,-7.0,8,10,3,1,0,3,1.96875,2.0,2.0,768,2.0,2.0,2.0,193,0.5756,0.7818,0.7795,0.5605,0.7818,0.7006,0.7801,0.7745,0.7876,267.0,62.0,72.0,213.0,0.0099,0.5792,0.7727,0.7688,0.5415,0.7797,0.7071,0.7699,0.7727,0.7727,68.0,15.0,20.0,51.0,0.003,0.5829,0.7668,0.7585,0.533,0.7585,0.6856,0.7602,0.8056,0.7438,90.0,14.0,31.0,58.0,0.0031,41.0,52.0,-11.0,177.0,199.0,-22.0,48.0,47.0,1.0,155.0,162.0,-7.0,3.0,4.0,2.0,1.0,2.0,0.0,3.0,3.0,5.0,2.0,1.0,4.0,3.0,2.0,1.96875,2.0,2.0,768.0,2.0,2.0,2.0,193.0,OpenML_45557_Mammographic-Mass-Data-Set,OpenML_45557_Mammographic-Mass-Data-Set,45557,Mammographic-Mass-Data-Set,961,4,2,2,0.7585,0.7585,,0.7602,,3.0,2.0,4.0
1,D_no_mask_pp,False,True,False,False,balanced_acc,val_loss,val_loss,val_bacc,51,B4_D2_K8,0.140823142920813,0.0132445298267348,0.007526449307286,0.0013302393012058,0.067857227900321,balanced_bce,4,2,8,16,0.5,40,51,12.70843431353569,,0.5906,0.7785,0.775,0.5538,0.7859,0.7096,0.7761,0.7811,0.7765,271,58,78,207,0.0069,0.589,0.7792,0.7738,0.5552,0.7993,0.7174,0.7754,0.7937,0.7692,70,13,21,50,0.002,0.5948,0.7668,0.7585,0.533,0.7878,0.7082,0.7602,0.8056,0.7438,90,14,31,58,0.0023,47.0,57.0,-10.0,181.0,201.0,-20.0,44.0,45.0,-1.0,149.0,157.0,-8.0,10,13,4,0,0,4,2.0,2.0,2.0,768,2.0,2.0,2.0,193,0.5906,0.7785,0.775,0.5538,0.7859,0.7096,0.7761,0.7811,0.7765,271.0,58.0,78.0,207.0,0.0104,0.589,0.7792,0.7738,0.5552,0.7993,0.7174,0.7754,0.7937,0.7692,70.0,13.0,21.0,50.0,0.004,0.5948,0.7668,0.7585,0.533,0.7878,0.7082,0.7602,0.8056,0.7438,90.0,14.0,31.0,58.0,0.0032,47.0,57.0,-10.0,181.0,201.0,-20.0,44.0,45.0,-1.0,149.0,157.0,-8.0,3.0,4.0,2.0,1.0,2.0,0.0,3.0,3.0,5.0,2.0,1.0,4.0,3.0,3.0,1.7734375,2.0,2.0,768.0,1.8082901239395144,2.0,2.0,193.0,OpenML_45557_Mammographic-Mass-Data-Set,OpenML_45557_Mammographic-Mass-Data-Set,45557,Mammographic-Mass-Data-Set,961,4,2,2,0.7585,0.7878,,0.7602,,3.0,2.0,4.0
2,A_no_mask_no_pp,False,False,False,False,balanced_acc,val_loss,val_loss,val_bacc,51,B4_D3_K12,0.6930284638636558,0.0399635162774799,0.0120472880554926,0.001828004424208,0.0109658545445918,balanced_bce,4,3,12,64,0.1875,40,51,12.708173654973509,,0.5576,0.785,0.7813,0.5671,0.7813,0.7026,0.7825,0.7909,0.7806,274,55,77,208,0.0065,0.5656,0.7727,0.7668,0.5423,0.7668,0.6883,0.7684,0.7903,0.7609,70,13,22,49,0.002,0.5798,0.7513,0.7441,0.4993,0.7441,0.6646,0.7456,0.7733,0.7373,87,17,31,58,0.0023,46.0,55.0,-9.0,187.0,204.0,-17.0,38.0,42.0,-4.0,150.0,159.0,-9.0,6,9,4,4,3,1,2.0,2.0,2.0,768,2.0,2.0,2.0,193,,,,,,,,,,,,,,,,,,,,,,,,,,,,,,,,,,,,,,,,,,,,,,,,,,,,,,,,,,,,,,,,,,,,,,,,,,,,,OpenML_45557_Mammographic-Mass-Data-Set,OpenML_45557_Mammographic-Mass-Data-Set,45557,Mammographic-Mass-Data-Set,961,4,2,2,,,,,,,,
2,B_mask_no_pp,True,False,True,False,balanced_acc,val_loss,val_loss,val_bacc,51,B4_D3_K12,0.6930284638636558,0.0399635162774799,0.0120472880554926,0.001828004424208,0.0109658545445918,balanced_bce,4,3,12,64,0.1875,40,51,14.757124476134775,,0.5694,0.772,0.7776,0.5576,0.8041,0.6983,0.7719,0.7114,0.8487,230,99,41,244,0.0071,0.5775,0.7922,0.796,0.5911,0.8026,0.7021,0.7922,0.7407,0.8493,62,21,11,60,0.0024,0.5855,0.7668,0.7683,0.5349,0.782,0.6777,0.7664,0.7292,0.8041,78,26,19,70,0.0025,22.0,30.0,-8.0,152.0,168.0,-16.0,73.0,78.0,-5.0,174.0,184.0,-10.0,8,13,6,2,5,1,2.692708333333333,3.0,3.0,768,2.6424870466321244,3.0,3.0,193,,,,,,,,,,,,,,,,,,,,,,,,,,,,,,,,,,,,,,,,,,,,,,,,,,,,,,,,,,,,,,,,,,,,,,,,,,,,,OpenML_45557_Mammographic-Mass-Data-Set,OpenML_45557_Mammographic-Mass-Data-Set,45557,Mammographic-Mass-Data-Set,961,4,2,2,,,,,,,,
2,C_mask_pp,True,True,True,False,balanced_acc,val_loss,val_loss,val_bacc,51,B4_D3_K12,0.6930284638636558,0.0399635162774799,0.0120472880554926,0.001828004424208,0.0109658545445918,balanced_bce,4,3,12,64,0.1875,40,51,15.442244309931992,,0.5694,0.772,0.7776,0.5576,0.8041,0.6983,0.7719,0.7114,0.8487,230,99,41,244,0.0067,0.5775,0.7922,0.796,0.5911,0.8026,0.7021,0.7922,0.7407,0.8493,62,21,11,60,0.0021,0.5855,0.7668,0.7683,0.5349,0.782,0.6777,0.7664,0.7292,0.8041,78,26,19,70,0.0022,22.0,30.0,-8.0,152.0,168.0,-16.0,73.0,78.0,-5.0,174.0,184.0,-10.0,8,13,6,2,5,1,2.692708333333333,3.0,3.0,768,2.6424870466321244,3.0,3.0,193,0.5694,0.772,0.7776,0.5576,0.8041,0.6983,0.7719,0.7114,0.8487,230.0,99.0,41.0,244.0,0.0102,0.5775,0.7922,0.796,0.5911,0.8026,0.7021,0.7922,0.7407,0.8493,62.0,21.0,11.0,60.0,0.003,0.5855,0.7668,0.7683,0.5349,0.782,0.6777,0.7664,0.7292,0.8041,78.0,26.0,19.0,70.0,0.0037,22.0,30.0,-8.0,152.0,168.0,-16.0,73.0,78.0,-5.0,174.0,184.0,-10.0,4.0,6.0,3.0,3.0,3.0,0.0,6.0,4.0,9.0,3.0,3.0,6.0,4.0,4.0,2.0364582538604736,2.0,3.0,768.0,2.1036269664764404,2.0,3.0,193.0,OpenML_45557_Mammographic-Mass-Data-Set,OpenML_45557_Mammographic-Mass-Data-Set,45557,Mammographic-Mass-Data-Set,961,4,2,2,0.7683,0.782,,0.7664,,4.0,3.0,6.0
2,D_no_mask_pp,False,True,False,False,balanced_acc,val_loss,val_loss,val_bacc,51,B4_D3_K12,0.6930284638636558,0.0399635162774799,0.0120472880554926,0.001828004424208,0.0109658545445918,balanced_bce,4,3,12,64,0.1875,40,51,12.822183813899755,,0.5576,0.785,0.7813,0.5671,0.7813,0.7026,0.7825,0.7909,0.7806,274,55,77,208,0.007,0.5656,0.7727,0.7668,0.5423,0.7668,0.6883,0.7684,0.7903,0.7609,70,13,22,49,0.0022,0.5798,0.7513,0.7441,0.4993,0.7441,0.6646,0.7456,0.7733,0.7373,87,17,31,58,0.0026,46.0,55.0,-9.0,187.0,204.0,-17.0,38.0,42.0,-4.0,150.0,159.0,-9.0,6,9,4,4,3,1,2.0,2.0,2.0,768,2.0,2.0,2.0,193,0.5576,0.785,0.7813,0.5671,0.7813,0.7026,0.7825,0.7909,0.7806,274.0,55.0,77.0,208.0,0.0104,0.5656,0.7727,0.7668,0.5423,0.7668,0.6883,0.7684,0.7903,0.7609,70.0,13.0,22.0,49.0,0.0037,0.5798,0.7513,0.7441,0.4993,0.7441,0.6646,0.7456,0.7733,0.7373,87.0,17.0,31.0,58.0,0.004,46.0,55.0,-9.0,187.0,204.0,-17.0,38.0,42.0,-4.0,150.0,159.0,-9.0,2.0,2.0,1.0,4.0,1.0,0.0,5.0,2.0,6.0,1.0,4.0,2.0,2.0,2.0,1.0,1.0,1.0,768.0,1.0,1.0,1.0,193.0,OpenML_45557_Mammographic-Mass-Data-Set,OpenML_45557_Mammographic-Mass-Data-Set,45557,Mammographic-Mass-Data-Set,961,4,2,2,0.7441,0.7441,,0.7456,,2.0,1.0,2.0
3,A_no_mask_no_pp,False,False,False,False,balanced_acc,val_loss,val_loss,val_bacc,51,B3_D4_K12,0.6636845574068749,0.0082007491601639,0.0031789378843864,0.0226605072225594,0.0059414855644168,balanced_bce,3,4,12,81,0.1481481481481481,40,51,10.06465108692646,,0.476,0.8127,0.8121,0.6238,0.8501,0.7987,0.8119,0.7951,0.8282,270,59,56,229,0.007,0.508,0.7857,0.79,0.5795,0.8286,0.7361,0.7857,0.7317,0.8472,61,22,11,60,0.0023,0.4726,0.8135,0.8156,0.6293,0.8527,0.7681,0.8132,0.7732,0.8542,82,22,14,75,0.0025,42.0,45.0,-3.0,188.0,209.0,-21.0,37.0,37.0,0.0,154.0,169.0,-15.0,16,28,13,1,11,2,3.8619791666666665,4.0,4.0,768,3.844559585492228,4.0,4.0,193,,,,,,,,,,,,,,,,,,,,,,,,,,,,,,,,,,,,,,,,,,,,,,,,,,,,,,,,,,,,,,,,,,,,,,,,,,,,,OpenML_45557_Mammographic-Mass-Data-Set,OpenML_45557_Mammographic-Mass-Data-Set,45557,Mammographic-Mass-Data-Set,961,4,2,2,,,,,,,,
3,B_mask_no_pp,True,False,True,False,balanced_acc,val_loss,val_loss,val_bacc,51,B3_D4_K12,0.6636845574068749,0.0082007491601639,0.0031789378843864,0.0226605072225594,0.0059414855644168,balanced_bce,3,4,12,81,0.1481481481481481,40,51,9.465116910636423,,0.4682,0.8176,0.8192,0.6368,0.8517,0.7754,0.8174,0.7818,0.8534,262,67,45,240,0.0073,0.54,0.7792,0.784,0.568,0.8054,0.7144,0.7792,0.7229,0.8451,60,23,11,60,0.002,0.5366,0.7927,0.7972,0.5939,0.7978,0.6999,0.7927,0.7379,0.8556,77,27,13,76,0.0024,32.0,34.0,-2.0,185.0,202.0,-17.0,40.0,44.0,-4.0,164.0,180.0,-16.0,9,15,7,5,6,1,2.7578125,3.0,3.0,768,2.715025906735751,3.0,3.0,193,,,,,,,,,,,,,,,,,,,,,,,,,,,,,,,,,,,,,,,,,,,,,,,,,,,,,,,,,,,,,,,,,,,,,,,,,,,,,OpenML_45557_Mammographic-Mass-Data-Set,OpenML_45557_Mammographic-Mass-Data-Set,45557,Mammographic-Mass-Data-Set,961,4,2,2,,,,,,,,
3,C_mask_pp,True,True,True,False,balanced_acc,val_loss,val_loss,val_bacc,51,B3_D4_K12,0.6636845574068749,0.0082007491601639,0.0031789378843864,0.0226605072225594,0.0059414855644168,balanced_bce,3,4,12,81,0.1481481481481481,40,51,9.092799082398416,,0.4682,0.8176,0.8192,0.6368,0.8517,0.7754,0.8174,0.7818,0.8534,262,67,45,240,0.0079,0.54,0.7792,0.784,0.568,0.8054,0.7144,0.7792,0.7229,0.8451,60,23,11,60,0.0025,0.5366,0.7927,0.7972,0.5939,0.7978,0.6999,0.7927,0.7379,0.8556,77,27,13,76,0.0028,32.0,34.0,-2.0,185.0,202.0,-17.0,40.0,44.0,-4.0,164.0,180.0,-16.0,9,15,7,5,6,1,2.7578125,3.0,3.0,768,2.715025906735751,3.0,3.0,193,0.4682,0.8176,0.8192,0.6368,0.8517,0.7754,0.8174,0.7818,0.8534,262.0,67.0,45.0,240.0,0.0115,0.54,0.7792,0.784,0.568,0.8054,0.7144,0.7792,0.7229,0.8451,60.0,23.0,11.0,60.0,0.0037,0.5366,0.7927,0.7972,0.5939,0.7978,0.6999,0.7927,0.7379,0.8556,77.0,27.0,13.0,76.0,0.004,32.0,34.0,-2.0,185.0,202.0,-17.0,40.0,44.0,-4.0,164.0,180.0,-16.0,7.0,12.0,6.0,5.0,6.0,0.0,11.0,7.0,17.0,6.0,5.0,12.0,7.0,6.0,2.7578125,3.0,3.0,768.0,2.7150259017944336,3.0,3.0,193.0,OpenML_45557_Mammographic-Mass-Data-Set,OpenML_45557_Mammographic-Mass-Data-Set,45557,Mammographic-Mass-Data-Set,961,4,2,2,0.7972,0.7978,,0.7927,,7.0,6.0,12.0
3,D_no_mask_pp,False,True,False,False,balanced_acc,val_loss,val_loss,val_bacc,51,B3_D4_K12,0.6636845574068749,0.0082007491601639,0.0031789378843864,0.0226605072225594,0.0059414855644168,balanced_bce,3,4,12,81,0.1481481481481481,40,51,9.692721039056778,,0.476,0.8127,0.8121,0.6238,0.8501,0.7987,0.8119,0.7951,0.8282,270,59,56,229,0.0067,0.508,0.7857,0.79,0.5795,0.8286,0.7361,0.7857,0.7317,0.8472,61,22,11,60,0.0025,0.4726,0.8135,0.8156,0.6293,0.8527,0.7681,0.8132,0.7732,0.8542,82,22,14,75,0.0022,42.0,45.0,-3.0,188.0,209.0,-21.0,37.0,37.0,0.0,154.0,169.0,-15.0,16,28,13,1,11,2,3.8619791666666665,4.0,4.0,768,3.844559585492228,4.0,4.0,193,0.476,0.8127,0.8121,0.6238,0.8501,0.7987,0.8119,0.7951,0.8282,270.0,59.0,56.0,229.0,0.0121,0.508,0.7857,0.79,0.5795,0.8286,0.7361,0.7857,0.7317,0.8472,61.0,22.0,11.0,60.0,0.0044,0.4726,0.8135,0.8156,0.6293,0.8527,0.7681,0.8132,0.7732,0.8542,82.0,22.0,14.0,75.0,0.0037,42.0,45.0,-3.0,188.0,209.0,-21.0,37.0,37.0,0.0,154.0,169.0,-15.0,11.0,20.0,10.0,3.0,10.0,0.0,13.0,11.0,23.0,10.0,3.0,20.0,11.0,10.0,3.8359375,4.0,4.0,768.0,3.83419680595398,4.0,4.0,193.0,OpenML_45557_Mammographic-Mass-Data-Set,OpenML_45557_Mammographic-Mass-Data-Set,45557,Mammographic-Mass-Data-Set,961,4,2,2,0.8156,0.8527,,0.8132,,11.0,10.0,20.0
4,A_no_mask_no_pp,False,False,False,False,balanced_acc,val_loss,val_loss,val_bacc,51,B3_D4_K36,0.4094662010526885,0.0317333397827834,0.0553342057865474,0.0652249755006757,0.0145239695423702,balanced_bce,3,4,36,81,0.4444444444444444,40,51,8.952729165554047,,0.4795,0.7818,0.7834,0.5655,0.8498,0.8037,0.7815,0.7443,0.8197,250,79,55,230,0.0066,0.5153,0.7727,0.7708,0.5423,0.8154,0.7601,0.7711,0.7571,0.7857,66,17,18,53,0.002,0.4828,0.7617,0.7643,0.5271,0.8479,0.7823,0.7615,0.7172,0.8085,76,28,18,71,0.0022,37.0,37.0,0.0,174.0,184.0,-10.0,51.0,62.0,-11.0,159.0,177.0,-18.0,59,90,32,6,6,26,3.91796875,4.0,4.0,768,3.911917098445596,4.0,4.0,193,,,,,,,,,,,,,,,,,,,,,,,,,,,,,,,,,,,,,,,,,,,,,,,,,,,,,,,,,,,,,,,,,,,,,,,,,,,,,OpenML_45557_Mammographic-Mass-Data-Set,OpenML_45557_Mammographic-Mass-Data-Set,45557,Mammographic-Mass-Data-Set,961,4,2,2,,,,,,,,
4,B_mask_no_pp,True,False,True,False,balanced_acc,val_loss,val_loss,val_bacc,51,B3_D4_K36,0.4094662010526885,0.0317333397827834,0.0553342057865474,0.0652249755006757,0.0145239695423702,balanced_bce,3,4,36,81,0.4444444444444444,40,51,9.701471630483866,,0.4717,0.7883,0.7945,0.5924,0.8499,0.7741,0.7881,0.7233,0.8727,233,96,34,251,0.0071,0.5507,0.7792,0.784,0.568,0.7908,0.6914,0.7792,0.7229,0.8451,60,23,11,60,0.0021,0.5309,0.7617,0.7724,0.5585,0.819,0.7439,0.7602,0.6807,0.8919,66,38,8,81,0.0022,26.0,23.0,3.0,167.0,173.0,-6.0,58.0,73.0,-15.0,170.0,191.0,-21.0,43,68,26,6,10,16,3.9088541666666665,4.0,4.0,768,3.906735751295337,4.0,4.0,193,,,,,,,,,,,,,,,,,,,,,,,,,,,,,,,,,,,,,,,,,,,,,,,,,,,,,,,,,,,,,,,,,,,,,,,,,,,,,OpenML_45557_Mammographic-Mass-Data-Set,OpenML_45557_Mammographic-Mass-Data-Set,45557,Mammographic-Mass-Data-Set,961,4,2,2,,,,,,,,
4,C_mask_pp,True,True,True,False,balanced_acc,val_loss,val_loss,val_bacc,51,B3_D4_K36,0.4094662010526885,0.0317333397827834,0.0553342057865474,0.0652249755006757,0.0145239695423702,balanced_bce,3,4,36,81,0.4444444444444444,40,51,10.192488551139832,,0.4717,0.7883,0.7945,0.5924,0.8499,0.7741,0.7881,0.7233,0.8727,233,96,34,251,0.0071,0.5507,0.7792,0.784,0.568,0.7908,0.6914,0.7792,0.7229,0.8451,60,23,11,60,0.0021,0.5309,0.7617,0.7724,0.5585,0.819,0.7439,0.7602,0.6807,0.8919,66,38,8,81,0.0023,26.0,23.0,3.0,167.0,173.0,-6.0,58.0,73.0,-15.0,170.0,191.0,-21.0,43,68,26,6,10,16,3.9088541666666665,4.0,4.0,768,3.906735751295337,4.0,4.0,193,0.4717,0.7883,0.7945,0.5924,0.8499,0.7741,0.7881,0.7233,0.8727,233.0,96.0,34.0,251.0,0.0125,0.5507,0.7792,0.784,0.568,0.7908,0.6914,0.7792,0.7229,0.8451,60.0,23.0,11.0,60.0,0.004,0.5309,0.7617,0.7724,0.5585,0.819,0.7439,0.7602,0.6807,0.8919,66.0,38.0,8.0,81.0,0.0043,26.0,23.0,3.0,167.0,173.0,-6.0,58.0,73.0,-15.0,170.0,191.0,-21.0,9.0,15.0,7.0,7.0,6.0,1.0,14.0,9.0,22.0,7.0,7.0,15.0,9.0,9.0,2.9544270038604736,3.0,4.0,768.0,2.9792745113372803,3.0,4.0,193.0,OpenML_45557_Mammographic-Mass-Data-Set,OpenML_45557_Mammographic-Mass-Data-Set,45557,Mammographic-Mass-Data-Set,961,4,2,2,0.7724,0.819,,0.7602,,9.0,7.0,15.0
4,D_no_mask_pp,False,True,False,False,balanced_acc,val_loss,val_loss,val_bacc,51,B3_D4_K36,0.4094662010526885,0.0317333397827834,0.0553342057865474,0.0652249755006757,0.0145239695423702,balanced_bce,3,4,36,81,0.4444444444444444,40,51,8.607893913984299,,0.4795,0.7818,0.7834,0.5655,0.8498,0.8037,0.7815,0.7443,0.8197,250,79,55,230,0.0068,0.5153,0.7727,0.7708,0.5423,0.8154,0.7601,0.7711,0.7571,0.7857,66,17,18,53,0.0021,0.4828,0.7617,0.7643,0.5271,0.8479,0.7823,0.7615,0.7172,0.8085,76,28,18,71,0.0022,37.0,37.0,0.0,174.0,184.0,-10.0,51.0,62.0,-11.0,159.0,177.0,-18.0,59,90,32,6,6,26,3.91796875,4.0,4.0,768,3.911917098445596,4.0,4.0,193,0.4795,0.7818,0.7834,0.5655,0.8498,0.8037,0.7815,0.7443,0.8197,250.0,79.0,55.0,230.0,0.0137,0.5153,0.7727,0.7708,0.5423,0.8154,0.7601,0.7711,0.7571,0.7857,66.0,17.0,18.0,53.0,0.0035,0.4828,0.7617,0.7643,0.5271,0.8479,0.7823,0.7615,0.7172,0.8085,76.0,28.0,18.0,71.0,0.0038,37.0,37.0,0.0,174.0,184.0,-10.0,51.0,62.0,-11.0,159.0,177.0,-18.0,11.0,19.0,9.0,7.0,8.0,1.0,16.0,11.0,26.0,9.0,7.0,19.0,11.0,10.0,3.1328125,3.0,4.0,768.0,3.124352216720581,3.0,4.0,193.0,OpenML_45557_Mammographic-Mass-Data-Set,OpenML_45557_Mammographic-Mass-Data-Set,45557,Mammographic-Mass-Data-Set,961,4,2,2,0.7643,0.8479,,0.7615,,11.0,9.0,19.0
0,A_no_mask_no_pp,False,False,False,False,balanced_acc,val_loss,val_loss,val_bacc,16,B4_D4_K32,0.7731986333429554,0.0043882775379623,0.0264826394987421,0.0607854574148564,0.0024137317809658,balanced_bce,4,4,32,256,0.125,16,16,6.857658606022596,,0.5775,0.7879,0.8306,0.5558,0.84,0.9457,0.7465,0.9672,0.5,19,2,19,59,0.0017,0.4009,0.84,0.9,0.6667,0.94,0.98,0.8016,1.0,0.5556,5,0,4,16,0.0013,0.8372,0.7097,0.63,0.2263,0.6,0.8417,0.6043,0.8636,0.3333,3,3,6,19,0.0013,13.0,15.0,-2.0,16.0,14.0,2.0,-1.0,2.0,-3.0,40.0,43.0,-3.0,19,33,15,2,13,2,3.564516129032258,4.0,4.0,124,3.3548387096774195,3.0,4.0,31,,,,,,,,,,,,,,,,,,,,,,,,,,,,,,,,,,,,,,,,,,,,,,,,,,,,,,,,,,,,,,,,,,,,,,,,,,,,,OpenML_55_hepatitis,OpenML_55_hepatitis,55,hepatitis,155,19,19,0,,,,,,,,
0,B_mask_no_pp,True,False,True,False,balanced_acc,val_loss,val_loss,val_bacc,16,B4_D4_K32,0.7731986333429554,0.0043882775379623,0.0264826394987421,0.0607854574148564,0.0024137317809658,balanced_bce,4,4,32,256,0.125,16,16,5.918668512254953,,0.3974,0.798,0.8022,0.5241,0.8733,0.9427,0.7454,0.9394,0.5152,17,4,16,62,0.0017,0.2175,0.96,0.975,0.8898,0.98,0.9917,0.9417,1.0,0.8333,5,0,1,19,0.0013,0.505,0.7742,0.67,0.3213,0.7433,0.8949,0.6593,0.875,0.4286,3,3,4,21,0.0015,12.0,15.0,-3.0,14.0,12.0,2.0,1.0,4.0,-3.0,41.0,43.0,-2.0,11,19,9,2,8,1,3.4596774193548385,3.0,4.0,124,3.161290322580645,3.0,4.0,31,,,,,,,,,,,,,,,,,,,,,,,,,,,,,,,,,,,,,,,,,,,,,,,,,,,,,,,,,,,,,,,,,,,,,,,,,,,,,OpenML_55_hepatitis,OpenML_55_hepatitis,55,hepatitis,155,19,19,0,,,,,,,,
0,C_mask_pp,True,True,True,False,balanced_acc,val_loss,val_loss,val_bacc,16,B4_D4_K32,0.7731986333429554,0.0043882775379623,0.0264826394987421,0.0607854574148564,0.0024137317809658,balanced_bce,4,4,32,256,0.125,16,16,5.538042675703764,,0.3974,0.798,0.8022,0.5241,0.8733,0.9427,0.7454,0.9394,0.5152,17,4,16,62,0.0019,0.2175,0.96,0.975,0.8898,0.98,0.9917,0.9417,1.0,0.8333,5,0,1,19,0.0016,0.505,0.7742,0.67,0.3213,0.7433,0.8949,0.6593,0.875,0.4286,3,3,4,21,0.0014,12.0,15.0,-3.0,14.0,12.0,2.0,1.0,4.0,-3.0,41.0,43.0,-2.0,11,19,9,2,8,1,3.4596774193548385,3.0,4.0,124,3.161290322580645,3.0,4.0,31,0.3974,0.798,0.8022,0.5241,0.8733,0.9427,0.7454,0.9394,0.5152,17.0,4.0,16.0,62.0,0.0594,0.2175,0.96,0.975,0.8898,0.98,0.9917,0.9417,1.0,0.8333,5.0,0.0,1.0,19.0,0.0026,0.505,0.7742,0.67,0.3213,0.7433,0.8949,0.6593,0.875,0.4286,3.0,3.0,4.0,21.0,0.0024,12.0,15.0,-3.0,14.0,12.0,2.0,1.0,4.0,-3.0,41.0,43.0,-2.0,6.0,10.0,5.0,6.0,5.0,0.0,11.0,6.0,16.0,5.0,6.0,10.0,6.0,5.0,2.564516067504883,3.0,3.0,124.0,2.322580575942993,2.0,3.0,31.0,OpenML_55_hepatitis,OpenML_55_hepatitis,55,hepatitis,155,19,19,0,0.67,0.7433,,0.6593,,6.0,5.0,10.0
0,D_no_mask_pp,False,True,False,False,balanced_acc,val_loss,val_loss,val_bacc,16,B4_D4_K32,0.7731986333429554,0.0043882775379623,0.0264826394987421,0.0607854574148564,0.0024137317809658,balanced_bce,4,4,32,256,0.125,16,16,4.76339103281498,,0.5775,0.7879,0.8306,0.5558,0.84,0.9457,0.7465,0.9672,0.5,19,2,19,59,0.0016,0.4009,0.84,0.9,0.6667,0.94,0.98,0.8016,1.0,0.5556,5,0,4,16,0.0013,0.8372,0.7097,0.63,0.2263,0.6,0.8417,0.6043,0.8636,0.3333,3,3,6,19,0.0014,13.0,15.0,-2.0,16.0,14.0,2.0,-1.0,2.0,-3.0,40.0,43.0,-3.0,19,33,15,2,13,2,3.564516129032258,4.0,4.0,124,3.3548387096774195,3.0,4.0,31,0.5775,0.7879,0.8306,0.5558,0.84,0.9457,0.7465,0.9672,0.5,19.0,2.0,19.0,59.0,0.0026,0.4009,0.84,0.9,0.6667,0.94,0.98,0.8016,1.0,0.5556,5.0,0.0,4.0,16.0,0.0025,0.8372,0.7097,0.63,0.2263,0.6,0.8417,0.6043,0.8636,0.3333,3.0,3.0,6.0,19.0,0.0026,13.0,15.0,-2.0,16.0,14.0,2.0,-1.0,2.0,-3.0,40.0,43.0,-3.0,11.0,19.0,9.0,6.0,8.0,1.0,15.0,11.0,25.0,9.0,6.0,19.0,11.0,4.0,2.895161390304565,3.0,4.0,124.0,2.903225898742676,3.0,4.0,31.0,OpenML_55_hepatitis,OpenML_55_hepatitis,55,hepatitis,155,19,19,0,0.63,0.6,,0.6043,,11.0,9.0,19.0
1,A_no_mask_no_pp,False,False,False,False,balanced_acc,val_loss,val_loss,val_bacc,16,B4_D2_K16,0.2271160425804076,0.0282868007309141,0.0029909424004242,0.0041421506331716,0.0317054648155342,balanced_bce,4,2,16,16,1.0,16,16,6.088644951581955,,0.5823,0.8485,0.6951,0.4886,0.7604,0.8871,0.7273,0.8621,0.75,9,12,3,75,0.0018,0.5523,0.92,0.875,0.75,0.915,0.9625,0.875,0.95,0.8,4,1,1,19,0.0014,0.587,0.7742,0.5433,0.1158,0.76,0.9131,0.5451,0.8214,0.3333,1,5,2,23,0.0013,1.0,2.0,-1.0,8.0,5.0,3.0,7.0,11.0,-4.0,52.0,56.0,-4.0,16,20,5,0,0,5,2.0,2.0,2.0,124,2.0,2.0,2.0,31,,,,,,,,,,,,,,,,,,,,,,,,,,,,,,,,,,,,,,,,,,,,,,,,,,,,,,,,,,,,,,,,,,,,,,,,,,,,,OpenML_55_hepatitis,OpenML_55_hepatitis,55,hepatitis,155,19,19,0,,,,,,,,
1,B_mask_no_pp,True,False,True,False,balanced_acc,val_loss,val_loss,val_bacc,16,B4_D2_K16,0.2271160425804076,0.0282868007309141,0.0029909424004242,0.0041421506331716,0.0317054648155342,balanced_bce,4,2,16,16,1.0,16,16,6.799487967044115,,0.491,0.8182,0.7802,0.5144,0.8516,0.9355,0.7525,0.9167,0.5556,15,6,12,66,0.002,0.4794,0.84,0.9,0.6667,0.985,0.9929,0.8016,1.0,0.5556,5,0,4,16,0.0015,0.4746,0.8065,0.6267,0.2986,0.78,0.9106,0.6423,0.8519,0.5,2,4,2,23,0.0016,10.0,8.0,2.0,13.0,10.0,3.0,2.0,6.0,-4.0,43.0,50.0,-7.0,10,13,4,0,0,4,2.0,2.0,2.0,124,2.0,2.0,2.0,31,,,,,,,,,,,,,,,,,,,,,,,,,,,,,,,,,,,,,,,,,,,,,,,,,,,,,,,,,,,,,,,,,,,,,,,,,,,,,OpenML_55_hepatitis,OpenML_55_hepatitis,55,hepatitis,155,19,19,0,,,,,,,,
1,C_mask_pp,True,True,True,False,balanced_acc,val_loss,val_loss,val_bacc,16,B4_D2_K16,0.2271160425804076,0.0282868007309141,0.0029909424004242,0.0041421506331716,0.0317054648155342,balanced_bce,4,2,16,16,1.0,16,16,6.7877373322844505,,0.491,0.8182,0.7802,0.5144,0.8516,0.9355,0.7525,0.9167,0.5556,15,6,12,66,0.0016,0.4794,0.84,0.9,0.6667,0.985,0.9929,0.8016,1.0,0.5556,5,0,4,16,0.0014,0.4746,0.8065,0.6267,0.2986,0.78,0.9106,0.6423,0.8519,0.5,2,4,2,23,0.0014,10.0,8.0,2.0,13.0,10.0,3.0,2.0,6.0,-4.0,43.0,50.0,-7.0,10,13,4,0,0,4,2.0,2.0,2.0,124,2.0,2.0,2.0,31,0.491,0.8182,0.7802,0.5144,0.8516,0.9355,0.7525,0.9167,0.5556,15.0,6.0,12.0,66.0,0.0026,0.4794,0.84,0.9,0.6667,0.985,0.9929,0.8016,1.0,0.5556,5.0,0.0,4.0,16.0,0.0023,0.4746,0.8065,0.6267,0.2986,0.78,0.9106,0.6423,0.8519,0.5,2.0,4.0,2.0,23.0,0.0021,10.0,8.0,2.0,13.0,10.0,3.0,2.0,6.0,-4.0,43.0,50.0,-7.0,6.0,9.0,4.0,0.0,3.0,1.0,4.0,6.0,9.0,4.0,0.0,9.0,6.0,5.0,2.0,2.0,2.0,124.0,2.0,2.0,2.0,31.0,OpenML_55_hepatitis,OpenML_55_hepatitis,55,hepatitis,155,19,19,0,0.6267,0.78,,0.6423,,6.0,4.0,9.0
1,D_no_mask_pp,False,True,False,False,balanced_acc,val_loss,val_loss,val_bacc,16,B4_D2_K16,0.2271160425804076,0.0282868007309141,0.0029909424004242,0.0041421506331716,0.0317054648155342,balanced_bce,4,2,16,16,1.0,16,16,5.887229897081852,,0.5823,0.8485,0.6951,0.4886,0.7604,0.8871,0.7273,0.8621,0.75,9,12,3,75,0.0018,0.5523,0.92,0.875,0.75,0.915,0.9625,0.875,0.95,0.8,4,1,1,19,0.0015,0.587,0.7742,0.5433,0.1158,0.76,0.9131,0.5451,0.8214,0.3333,1,5,2,23,0.0017,1.0,2.0,-1.0,8.0,5.0,3.0,7.0,11.0,-4.0,52.0,56.0,-4.0,16,20,5,0,0,5,2.0,2.0,2.0,124,2.0,2.0,2.0,31,0.5823,0.8485,0.6951,0.4886,0.7604,0.8871,0.7273,0.8621,0.75,9.0,12.0,3.0,75.0,0.0033,0.5523,0.92,0.875,0.75,0.915,0.9625,0.875,0.95,0.8,4.0,1.0,1.0,19.0,0.0023,0.587,0.7742,0.5433,0.1158,0.76,0.9131,0.5451,0.8214,0.3333,1.0,5.0,2.0,23.0,0.0023,1.0,2.0,-1.0,8.0,5.0,3.0,7.0,11.0,-4.0,52.0,56.0,-4.0,4.0,6.0,3.0,0.0,3.0,0.0,3.0,4.0,6.0,3.0,0.0,6.0,4.0,3.0,2.0,2.0,2.0,124.0,2.0,2.0,2.0,31.0,OpenML_55_hepatitis,OpenML_55_hepatitis,55,hepatitis,155,19,19,0,0.5433,0.76,,0.5451,,4.0,3.0,6.0
2,A_no_mask_no_pp,False,False,False,False,balanced_acc,val_loss,val_loss,val_bacc,16,B3_D4_K36,0.0880392411450436,0.003118427714987,0.0262031340809684,0.0081365938851406,0.046196687987161,balanced_bce,3,4,36,81,0.4444444444444444,16,16,5.945755057036877,,0.447,0.8384,0.8104,0.5699,0.8712,0.9446,0.78,0.9306,0.5926,16,5,11,67,0.0019,0.436,0.8,0.725,0.4215,0.905,0.9723,0.7086,0.8947,0.5,3,2,3,17,0.0014,0.6468,0.6129,0.6333,0.2117,0.6767,0.8708,0.5571,0.8824,0.2857,4,2,10,15,0.0015,1.0,8.0,-7.0,12.0,13.0,-1.0,3.0,3.0,0.0,52.0,50.0,2.0,46,68,23,2,1,22,3.725806451612903,4.0,4.0,124,3.935483870967742,4.0,4.0,31,,,,,,,,,,,,,,,,,,,,,,,,,,,,,,,,,,,,,,,,,,,,,,,,,,,,,,,,,,,,,,,,,,,,,,,,,,,,,OpenML_55_hepatitis,OpenML_55_hepatitis,55,hepatitis,155,19,19,0,,,,,,,,
2,B_mask_no_pp,True,False,True,False,balanced_acc,val_loss,val_loss,val_bacc,16,B3_D4_K36,0.0880392411450436,0.003118427714987,0.0262031340809684,0.0081365938851406,0.046196687987161,balanced_bce,3,4,36,81,0.4444444444444444,16,16,5.937661439180374,,0.5596,0.798,0.8196,0.5466,0.8724,0.9602,0.751,0.9531,0.5143,18,3,17,61,0.0018,0.5354,0.84,0.9,0.6667,0.9,0.9672,0.8016,1.0,0.5556,5,0,4,16,0.0017,0.6616,0.5484,0.5933,0.1476,0.7033,0.8727,0.5068,0.8667,0.25,4,2,12,13,0.0023,5.0,13.0,-8.0,14.0,13.0,1.0,1.0,3.0,-2.0,48.0,45.0,3.0,40,59,20,5,1,19,3.193548387096774,3.0,4.0,124,3.193548387096774,3.0,4.0,31,,,,,,,,,,,,,,,,,,,,,,,,,,,,,,,,,,,,,,,,,,,,,,,,,,,,,,,,,,,,,,,,,,,,,,,,,,,,,OpenML_55_hepatitis,OpenML_55_hepatitis,55,hepatitis,155,19,19,0,,,,,,,,
2,C_mask_pp,True,True,True,False,balanced_acc,val_loss,val_loss,val_bacc,16,B3_D4_K36,0.0880392411450436,0.003118427714987,0.0262031340809684,0.0081365938851406,0.046196687987161,balanced_bce,3,4,36,81,0.4444444444444444,16,16,5.884072490036488,,0.5596,0.798,0.8196,0.5466,0.8724,0.9602,0.751,0.9531,0.5143,18,3,17,61,0.0021,0.5354,0.84,0.9,0.6667,0.9,0.9672,0.8016,1.0,0.5556,5,0,4,16,0.0014,0.6616,0.5484,0.5933,0.1476,0.7033,0.8727,0.5068,0.8667,0.25,4,2,12,13,0.0017,5.0,13.0,-8.0,14.0,13.0,1.0,1.0,3.0,-2.0,48.0,45.0,3.0,40,59,20,5,1,19,3.193548387096774,3.0,4.0,124,3.193548387096774,3.0,4.0,31,0.5596,0.798,0.8196,0.5466,0.8724,0.9602,0.751,0.9531,0.5143,18.0,3.0,17.0,61.0,0.0062,0.5354,0.84,0.9,0.6667,0.9,0.9672,0.8016,1.0,0.5556,5.0,0.0,4.0,16.0,0.0032,0.6616,0.5484,0.5933,0.1476,0.7033,0.8727,0.5068,0.8667,0.25,4.0,2.0,12.0,13.0,0.0031,5.0,13.0,-8.0,14.0,13.0,1.0,1.0,3.0,-2.0,48.0,45.0,3.0,15.0,26.0,12.0,4.0,10.0,2.0,16.0,15.0,30.0,12.0,4.0,26.0,15.0,8.0,3.1935484409332275,3.0,4.0,124.0,3.1935484409332275,3.0,4.0,31.0,OpenML_55_hepatitis,OpenML_55_hepatitis,55,hepatitis,155,19,19,0,0.5933,0.7033,,0.5068,,15.0,12.0,26.0
2,D_no_mask_pp,False,True,False,False,balanced_acc,val_loss,val_loss,val_bacc,16,B3_D4_K36,0.0880392411450436,0.003118427714987,0.0262031340809684,0.0081365938851406,0.046196687987161,balanced_bce,3,4,36,81,0.4444444444444444,16,16,5.864910554140806,,0.447,0.8384,0.8104,0.5699,0.8712,0.9446,0.78,0.9306,0.5926,16,5,11,67,0.0018,0.436,0.8,0.725,0.4215,0.905,0.9723,0.7086,0.8947,0.5,3,2,3,17,0.0015,0.6468,0.6129,0.6333,0.2117,0.6767,0.8708,0.5571,0.8824,0.2857,4,2,10,15,0.0017,1.0,8.0,-7.0,12.0,13.0,-1.0,3.0,3.0,0.0,52.0,50.0,2.0,46,68,23,2,1,22,3.725806451612903,4.0,4.0,124,3.935483870967742,4.0,4.0,31,0.447,0.8384,0.8104,0.5699,0.8712,0.9446,0.78,0.9306,0.5926,16.0,5.0,11.0,67.0,0.003,0.436,0.8,0.725,0.4215,0.905,0.9723,0.7086,0.8947,0.5,3.0,2.0,3.0,17.0,0.003,0.6303,0.6452,0.6533,0.2455,0.6867,0.877,0.5826,0.8889,0.3077,4.0,2.0,9.0,16.0,0.0033,2.0,8.0,-6.0,12.0,13.0,-1.0,3.0,3.0,0.0,51.0,50.0,1.0,9.0,14.0,6.0,6.0,4.0,2.0,12.0,9.0,20.0,6.0,6.0,14.0,9.0,8.0,2.5564515590667725,3.0,3.0,124.0,2.645161390304565,3.0,3.0,31.0,OpenML_55_hepatitis,OpenML_55_hepatitis,55,hepatitis,155,19,19,0,0.6533,0.6867,,0.5826,,9.0,6.0,14.0
3,A_no_mask_no_pp,False,False,False,False,balanced_acc,val_loss,val_loss,val_bacc,16,B3_D2_K9,0.4993624258599471,0.0059812186558632,0.0010006005898976,0.0162539550264305,0.0147118333941238,balanced_bce,3,2,9,9,1.0,16,16,6.0258759669959545,,0.4945,0.6667,0.6841,0.3045,0.7598,0.8964,0.6159,0.8947,0.3571,15,6,27,51,0.0017,0.4998,0.76,0.85,0.5641,0.915,0.9662,0.7243,1.0,0.4545,5,0,6,14,0.0015,0.4893,0.6774,0.6733,0.2812,0.7733,0.9271,0.6086,0.8947,0.3333,4,2,8,17,0.0015,19.0,21.0,-2.0,11.0,10.0,1.0,4.0,6.0,-2.0,34.0,37.0,-3.0,9,12,4,0,0,4,2.0,2.0,2.0,124,2.0,2.0,2.0,31,,,,,,,,,,,,,,,,,,,,,,,,,,,,,,,,,,,,,,,,,,,,,,,,,,,,,,,,,,,,,,,,,,,,,,,,,,,,,OpenML_55_hepatitis,OpenML_55_hepatitis,55,hepatitis,155,19,19,0,,,,,,,,
3,B_mask_no_pp,True,False,True,False,balanced_acc,val_loss,val_loss,val_bacc,16,B3_D2_K9,0.4993624258599471,0.0059812186558632,0.0010006005898976,0.0162539550264305,0.0147118333941238,balanced_bce,3,2,9,9,1.0,16,16,4.502676736563444,,0.5396,0.7677,0.7656,0.4573,0.8269,0.9262,0.7105,0.9231,0.4706,16,5,18,60,0.0025,0.5281,0.84,0.825,0.5791,0.805,0.9119,0.7807,0.9444,0.5714,4,1,3,17,0.0061,0.6692,0.5161,0.51,0.0158,0.55,0.8245,0.4599,0.8125,0.2,3,3,12,13,0.0023,6.0,15.0,-9.0,13.0,12.0,1.0,2.0,4.0,-2.0,47.0,43.0,4.0,9,12,4,0,0,4,2.0,2.0,2.0,124,2.0,2.0,2.0,31,,,,,,,,,,,,,,,,,,,,,,,,,,,,,,,,,,,,,,,,,,,,,,,,,,,,,,,,,,,,,,,,,,,,,,,,,,,,,OpenML_55_hepatitis,OpenML_55_hepatitis,55,hepatitis,155,19,19,0,,,,,,,,
3,C_mask_pp,True,True,True,False,balanced_acc,val_loss,val_loss,val_bacc,16,B3_D2_K9,0.4993624258599471,0.0059812186558632,0.0010006005898976,0.0162539550264305,0.0147118333941238,balanced_bce,3,2,9,9,1.0,16,16,4.705340966582298,,0.5396,0.7677,0.7656,0.4573,0.8269,0.9262,0.7105,0.9231,0.4706,16,5,18,60,0.0025,0.5281,0.84,0.825,0.5791,0.805,0.9119,0.7807,0.9444,0.5714,4,1,3,17,0.0021,0.6692,0.5161,0.51,0.0158,0.55,0.8245,0.4599,0.8125,0.2,3,3,12,13,0.0022,6.0,15.0,-9.0,13.0,12.0,1.0,2.0,4.0,-2.0,47.0,43.0,4.0,9,12,4,0,0,4,2.0,2.0,2.0,124,2.0,2.0,2.0,31,0.5396,0.7677,0.7656,0.4573,0.8269,0.9262,0.7105,0.9231,0.4706,16.0,5.0,18.0,60.0,0.0028,0.5281,0.84,0.825,0.5791,0.805,0.9119,0.7807,0.9444,0.5714,4.0,1.0,3.0,17.0,0.0026,0.6692,0.5161,0.51,0.0158,0.55,0.8245,0.4599,0.8125,0.2,3.0,3.0,12.0,13.0,0.0025,6.0,15.0,-9.0,13.0,12.0,1.0,2.0,4.0,-2.0,47.0,43.0,4.0,5.0,7.0,3.0,0.0,2.0,1.0,3.0,5.0,7.0,3.0,0.0,7.0,5.0,5.0,2.0,2.0,2.0,124.0,2.0,2.0,2.0,31.0,OpenML_55_hepatitis,OpenML_55_hepatitis,55,hepatitis,155,19,19,0,0.51,0.55,,0.4599,,5.0,3.0,7.0
3,D_no_mask_pp,False,True,False,False,balanced_acc,val_loss,val_loss,val_bacc,16,B3_D2_K9,0.4993624258599471,0.0059812186558632,0.0010006005898976,0.0162539550264305,0.0147118333941238,balanced_bce,3,2,9,9,1.0,16,16,6.889118559658527,,0.4945,0.6667,0.6841,0.3045,0.7598,0.8964,0.6159,0.8947,0.3571,15,6,27,51,0.0023,0.4998,0.76,0.85,0.5641,0.915,0.9662,0.7243,1.0,0.4545,5,0,6,14,0.0017,0.4893,0.6774,0.6733,0.2812,0.7733,0.9271,0.6086,0.8947,0.3333,4,2,8,17,0.0018,19.0,21.0,-2.0,11.0,10.0,1.0,4.0,6.0,-2.0,34.0,37.0,-3.0,9,12,4,0,0,4,2.0,2.0,2.0,124,2.0,2.0,2.0,31,0.4945,0.6667,0.6841,0.3045,0.7598,0.8964,0.6159,0.8947,0.3571,15.0,6.0,27.0,51.0,0.0035,0.4998,0.76,0.85,0.5641,0.915,0.9662,0.7243,1.0,0.4545,5.0,0.0,6.0,14.0,0.0029,0.4893,0.6774,0.6733,0.2812,0.7733,0.9271,0.6086,0.8947,0.3333,4.0,2.0,8.0,17.0,0.0026,19.0,21.0,-2.0,11.0,10.0,1.0,4.0,6.0,-2.0,34.0,37.0,-3.0,8.0,11.0,4.0,0.0,1.0,3.0,4.0,8.0,11.0,4.0,0.0,11.0,8.0,8.0,2.0,2.0,2.0,124.0,2.0,2.0,2.0,31.0,OpenML_55_hepatitis,OpenML_55_hepatitis,55,hepatitis,155,19,19,0,0.6733,0.7733,,0.6086,,8.0,4.0,11.0
4,A_no_mask_no_pp,False,False,False,False,balanced_acc,val_loss,val_loss,val_bacc,16,B4_D3_K24,0.2364227774275617,0.0903351534681691,0.0266860194164109,0.003734853419363,0.005257081556575,balanced_bce,4,3,24,64,0.375,16,16,5.540433418005705,,0.5048,0.8586,0.8755,0.6619,0.8211,0.9311,0.8174,0.9706,0.6129,19,2,12,66,0.0018,0.5391,0.84,0.75,0.5,0.705,0.8842,0.75,0.9,0.6,3,2,2,18,0.0014,0.547,0.7419,0.5867,0.1733,0.6833,0.8843,0.5867,0.84,0.3333,2,4,4,21,0.0015,8.0,10.0,-2.0,17.0,16.0,1.0,-2.0,0.0,-2.0,45.0,48.0,-3.0,37,51,15,1,2,13,2.927419354838709,3.0,3.0,124,2.967741935483871,3.0,3.0,31,,,,,,,,,,,,,,,,,,,,,,,,,,,,,,,,,,,,,,,,,,,,,,,,,,,,,,,,,,,,,,,,,,,,,,,,,,,,,OpenML_55_hepatitis,OpenML_55_hepatitis,55,hepatitis,155,19,19,0,,,,,,,,
4,B_mask_no_pp,True,False,True,False,balanced_acc,val_loss,val_loss,val_bacc,16,B4_D3_K24,0.2364227774275617,0.0903351534681691,0.0266860194164109,0.003734853419363,0.005257081556575,balanced_bce,4,3,24,64,0.375,16,16,5.549327179789543,,0.519,0.8081,0.8608,0.6066,0.8602,0.9443,0.7706,0.9836,0.5263,20,1,18,60,0.0019,0.5604,0.72,0.675,0.3001,0.85,0.9527,0.6362,0.8824,0.375,3,2,5,15,0.0014,0.6154,0.6452,0.6533,0.2455,0.7267,0.908,0.5826,0.8889,0.3077,4,2,9,16,0.0015,9.0,13.0,-4.0,16.0,17.0,-1.0,-1.0,-1.0,0.0,44.0,45.0,-1.0,25,35,11,1,2,9,2.8951612903225805,3.0,3.0,124,2.935483870967742,3.0,3.0,31,,,,,,,,,,,,,,,,,,,,,,,,,,,,,,,,,,,,,,,,,,,,,,,,,,,,,,,,,,,,,,,,,,,,,,,,,,,,,OpenML_55_hepatitis,OpenML_55_hepatitis,55,hepatitis,155,19,19,0,,,,,,,,
4,C_mask_pp,True,True,True,False,balanced_acc,val_loss,val_loss,val_bacc,16,B4_D3_K24,0.2364227774275617,0.0903351534681691,0.0266860194164109,0.003734853419363,0.005257081556575,balanced_bce,4,3,24,64,0.375,16,16,5.372506815940142,,0.519,0.8081,0.8608,0.6066,0.8602,0.9443,0.7706,0.9836,0.5263,20,1,18,60,0.0021,0.5604,0.72,0.675,0.3001,0.85,0.9527,0.6362,0.8824,0.375,3,2,5,15,0.0015,0.6154,0.6452,0.6533,0.2455,0.7267,0.908,0.5826,0.8889,0.3077,4,2,9,16,0.0016,9.0,13.0,-4.0,16.0,17.0,-1.0,-1.0,-1.0,0.0,44.0,45.0,-1.0,25,35,11,1,2,9,2.8951612903225805,3.0,3.0,124,2.935483870967742,3.0,3.0,31,0.519,0.8081,0.8608,0.6066,0.8602,0.9443,0.7706,0.9836,0.5263,20.0,1.0,18.0,60.0,0.0028,0.5604,0.72,0.675,0.3001,0.85,0.9527,0.6362,0.8824,0.375,3.0,2.0,5.0,15.0,0.0027,0.6154,0.6452,0.6533,0.2455,0.7267,0.908,0.5826,0.8889,0.3077,4.0,2.0,9.0,16.0,0.0029,9.0,13.0,-4.0,16.0,17.0,-1.0,-1.0,-1.0,0.0,44.0,45.0,-1.0,7.0,11.0,5.0,3.0,4.0,1.0,8.0,7.0,14.0,5.0,3.0,11.0,7.0,7.0,2.540322542190552,3.0,3.0,124.0,2.225806474685669,3.0,3.0,31.0,OpenML_55_hepatitis,OpenML_55_hepatitis,55,hepatitis,155,19,19,0,0.6533,0.7267,,0.5826,,7.0,5.0,11.0
4,D_no_mask_pp,False,True,False,False,balanced_acc,val_loss,val_loss,val_bacc,16,B4_D3_K24,0.2364227774275617,0.0903351534681691,0.0266860194164109,0.003734853419363,0.005257081556575,balanced_bce,4,3,24,64,0.375,16,16,5.445502392947674,,0.5048,0.8586,0.8755,0.6619,0.8211,0.9311,0.8174,0.9706,0.6129,19,2,12,66,0.002,0.5391,0.84,0.75,0.5,0.705,0.8842,0.75,0.9,0.6,3,2,2,18,0.0015,0.547,0.7419,0.5867,0.1733,0.6833,0.8843,0.5867,0.84,0.3333,2,4,4,21,0.0014,8.0,10.0,-2.0,17.0,16.0,1.0,-2.0,0.0,-2.0,45.0,48.0,-3.0,37,51,15,1,2,13,2.927419354838709,3.0,3.0,124,2.967741935483871,3.0,3.0,31,0.5048,0.8586,0.8755,0.6619,0.8211,0.9311,0.8174,0.9706,0.6129,19.0,2.0,12.0,66.0,0.0028,0.5391,0.84,0.75,0.5,0.705,0.8842,0.75,0.9,0.6,3.0,2.0,2.0,18.0,0.0027,0.5432,0.7742,0.6067,0.2292,0.6867,0.8843,0.6132,0.8462,0.4,2.0,4.0,3.0,22.0,0.0024,9.0,10.0,-1.0,17.0,16.0,1.0,-2.0,0.0,-2.0,44.0,48.0,-4.0,11.0,18.0,8.0,3.0,7.0,1.0,11.0,11.0,21.0,8.0,3.0,18.0,11.0,8.0,2.8548386096954346,3.0,3.0,124.0,2.903225898742676,3.0,3.0,31.0,OpenML_55_hepatitis,OpenML_55_hepatitis,55,hepatitis,155,19,19,0,0.6067,0.6867,,0.6132,,11.0,8.0,18.0
0,A_no_mask_no_pp,False,False,False,False,balanced_acc,val_loss,val_loss,val_bacc,23,B3_D3_K18,0.7040620376034648,0.039777642796367,0.003280563985656,0.0348542510465191,0.0863336422758494,balanced_bce,3,3,18,27,0.6666666666666666,18,23,7.640687238425016,,0.1348,0.9676,0.9684,0.9322,0.9769,0.9553,0.966,0.9455,0.9821,165,6,3,104,0.0049,0.1363,0.9286,0.935,0.8557,0.9798,0.9772,0.926,0.8667,0.975,39,4,1,26,0.0024,0.158,0.9425,0.9476,0.8834,0.9717,0.9441,0.9405,0.8919,0.98,49,4,1,33,0.0022,2.0,2.0,0.0,116.0,126.0,-10.0,2.0,2.0,0.0,71.0,78.0,-7.0,7,12,6,1,6,0,3.0,3.0,3.0,348,3.0,3.0,3.0,87,,,,,,,,,,,,,,,,,,,,,,,,,,,,,,,,,,,,,,,,,,,,,,,,,,,,,,,,,,,,,,,,,,,,,,,,,,,,,OpenML_56_vote,OpenML_56_vote,56,vote,435,16,16,0,,,,,,,,
0,B_mask_no_pp,True,False,True,False,balanced_acc,val_loss,val_loss,val_bacc,23,B3_D3_K18,0.7040620376034648,0.039777642796367,0.003280563985656,0.0348542510465191,0.0863336422758494,balanced_bce,3,3,18,27,0.6666666666666666,18,23,8.26297127082944,,0.1431,0.9676,0.9684,0.9322,0.9684,0.9297,0.966,0.9455,0.9821,165,6,3,104,0.0042,0.2822,0.9286,0.935,0.8557,0.935,0.8489,0.926,0.8667,0.975,39,4,1,26,0.0019,0.2325,0.9425,0.9476,0.8834,0.9476,0.8772,0.9405,0.8919,0.98,49,4,1,33,0.0018,2.0,2.0,0.0,116.0,126.0,-10.0,2.0,2.0,0.0,71.0,78.0,-7.0,7,12,6,1,6,0,2.5977011494252875,3.0,3.0,348,2.574712643678161,3.0,3.0,87,,,,,,,,,,,,,,,,,,,,,,,,,,,,,,,,,,,,,,,,,,,,,,,,,,,,,,,,,,,,,,,,,,,,,,,,,,,,,OpenML_56_vote,OpenML_56_vote,56,vote,435,16,16,0,,,,,,,,
0,C_mask_pp,True,True,True,False,balanced_acc,val_loss,val_loss,val_bacc,23,B3_D3_K18,0.7040620376034648,0.039777642796367,0.003280563985656,0.0348542510465191,0.0863336422758494,balanced_bce,3,3,18,27,0.6666666666666666,18,23,8.085728611797094,,0.1431,0.9676,0.9684,0.9322,0.9684,0.9297,0.966,0.9455,0.9821,165,6,3,104,0.0039,0.2822,0.9286,0.935,0.8557,0.935,0.8489,0.926,0.8667,0.975,39,4,1,26,0.0017,0.2325,0.9425,0.9476,0.8834,0.9476,0.8772,0.9405,0.8919,0.98,49,4,1,33,0.0018,2.0,2.0,0.0,116.0,126.0,-10.0,2.0,2.0,0.0,71.0,78.0,-7.0,7,12,6,1,6,0,2.5977011494252875,3.0,3.0,348,2.574712643678161,3.0,3.0,87,0.1431,0.9676,0.9684,0.9322,0.9684,0.9297,0.966,0.9455,0.9821,165.0,6.0,3.0,104.0,0.0057,0.2822,0.9286,0.935,0.8557,0.935,0.8489,0.926,0.8667,0.975,39.0,4.0,1.0,26.0,0.0024,0.2325,0.9425,0.9476,0.8834,0.9476,0.8772,0.9405,0.8919,0.98,49.0,4.0,1.0,33.0,0.0024,2.0,2.0,0.0,116.0,126.0,-10.0,2.0,2.0,0.0,71.0,78.0,-7.0,2.0,2.0,1.0,4.0,1.0,0.0,5.0,2.0,6.0,1.0,4.0,2.0,2.0,2.0,1.0,1.0,1.0,348.0,1.0,1.0,1.0,87.0,OpenML_56_vote,OpenML_56_vote,56,vote,435,16,16,0,0.9476,0.9476,,0.9405,,2.0,1.0,2.0
0,D_no_mask_pp,False,True,False,False,balanced_acc,val_loss,val_loss,val_bacc,23,B3_D3_K18,0.7040620376034648,0.039777642796367,0.003280563985656,0.0348542510465191,0.0863336422758494,balanced_bce,3,3,18,27,0.6666666666666666,18,23,7.730125665664673,,0.1348,0.9676,0.9684,0.9322,0.9769,0.9553,0.966,0.9455,0.9821,165,6,3,104,0.004,0.1363,0.9286,0.935,0.8557,0.9798,0.9772,0.926,0.8667,0.975,39,4,1,26,0.0017,0.158,0.9425,0.9476,0.8834,0.9717,0.9441,0.9405,0.8919,0.98,49,4,1,33,0.0016,2.0,2.0,0.0,116.0,126.0,-10.0,2.0,2.0,0.0,71.0,78.0,-7.0,7,12,6,1,6,0,3.0,3.0,3.0,348,3.0,3.0,3.0,87,0.1348,0.9676,0.9684,0.9322,0.9769,0.9553,0.966,0.9455,0.9821,165.0,6.0,3.0,104.0,0.0065,0.1363,0.9286,0.935,0.8557,0.9798,0.9772,0.926,0.8667,0.975,39.0,4.0,1.0,26.0,0.0062,0.158,0.9425,0.9476,0.8834,0.9717,0.9441,0.9405,0.8919,0.98,49.0,4.0,1.0,33.0,0.003,2.0,2.0,0.0,116.0,126.0,-10.0,2.0,2.0,0.0,71.0,78.0,-7.0,3.0,4.0,2.0,2.0,2.0,0.0,4.0,3.0,6.0,2.0,2.0,4.0,3.0,3.0,1.4022988080978394,1.0,2.0,348.0,1.4252873659133911,1.0,2.0,87.0,OpenML_56_vote,OpenML_56_vote,56,vote,435,16,16,0,0.9476,0.9717,,0.9405,,3.0,2.0,4.0
1,A_no_mask_no_pp,False,False,False,False,balanced_acc,val_loss,val_loss,val_bacc,23,B3_D3_K24,0.5465089323124253,0.002757404829487,0.017255033619191,0.0522576907601092,0.0485723848077994,balanced_bce,3,3,24,27,0.8888888888888888,18,23,8.321607895195484,,0.1291,0.9568,0.9614,0.9117,0.9848,0.9646,0.955,0.913,0.9877,161,10,2,105,0.0043,0.1421,0.9714,0.9699,0.9397,0.9686,0.9431,0.9699,0.963,0.9767,42,1,1,26,0.0017,0.1896,0.9425,0.9423,0.8802,0.9653,0.9287,0.94,0.9143,0.9615,50,3,2,32,0.0017,0.0,1.0,-1.0,111.0,119.0,-8.0,7.0,9.0,-2.0,73.0,79.0,-6.0,10,17,8,0,7,1,3.0,3.0,3.0,348,3.0,3.0,3.0,87,,,,,,,,,,,,,,,,,,,,,,,,,,,,,,,,,,,,,,,,,,,,,,,,,,,,,,,,,,,,,,,,,,,,,,,,,,,,,OpenML_56_vote,OpenML_56_vote,56,vote,435,16,16,0,,,,,,,,
1,B_mask_no_pp,True,False,True,False,balanced_acc,val_loss,val_loss,val_bacc,23,B3_D3_K24,0.5465089323124253,0.002757404829487,0.017255033619191,0.0522576907601092,0.0485723848077994,balanced_bce,3,3,24,27,0.8888888888888888,18,23,10.032156705856323,,0.1375,0.9568,0.9614,0.9117,0.9812,0.9539,0.955,0.913,0.9877,161,10,2,105,0.004,0.1445,0.9714,0.9699,0.9397,0.9668,0.9376,0.9699,0.963,0.9767,42,1,1,26,0.0017,0.2258,0.9425,0.9423,0.8802,0.9584,0.9078,0.94,0.9143,0.9615,50,3,2,32,0.0018,0.0,1.0,-1.0,111.0,119.0,-8.0,7.0,9.0,-2.0,73.0,79.0,-6.0,7,11,5,2,4,1,2.1293103448275863,2.0,3.0,348,2.126436781609196,2.0,3.0,87,,,,,,,,,,,,,,,,,,,,,,,,,,,,,,,,,,,,,,,,,,,,,,,,,,,,,,,,,,,,,,,,,,,,,,,,,,,,,OpenML_56_vote,OpenML_56_vote,56,vote,435,16,16,0,,,,,,,,
1,C_mask_pp,True,True,True,False,balanced_acc,val_loss,val_loss,val_bacc,23,B3_D3_K24,0.5465089323124253,0.002757404829487,0.017255033619191,0.0522576907601092,0.0485723848077994,balanced_bce,3,3,24,27,0.8888888888888888,18,23,9.67726220190525,,0.1375,0.9568,0.9614,0.9117,0.9812,0.9539,0.955,0.913,0.9877,161,10,2,105,0.004,0.1445,0.9714,0.9699,0.9397,0.9668,0.9376,0.9699,0.963,0.9767,42,1,1,26,0.0016,0.2258,0.9425,0.9423,0.8802,0.9584,0.9078,0.94,0.9143,0.9615,50,3,2,32,0.0017,0.0,1.0,-1.0,111.0,119.0,-8.0,7.0,9.0,-2.0,73.0,79.0,-6.0,7,11,5,2,4,1,2.1293103448275863,2.0,3.0,348,2.126436781609196,2.0,3.0,87,0.1375,0.9568,0.9614,0.9117,0.9812,0.9539,0.955,0.913,0.9877,161.0,10.0,2.0,105.0,0.0091,0.1445,0.9714,0.9699,0.9397,0.9668,0.9376,0.9699,0.963,0.9767,42.0,1.0,1.0,26.0,0.0028,0.2258,0.9425,0.9423,0.8802,0.9584,0.9078,0.94,0.9143,0.9615,50.0,3.0,2.0,32.0,0.0028,0.0,1.0,-1.0,111.0,119.0,-8.0,7.0,9.0,-2.0,73.0,79.0,-6.0,4.0,6.0,3.0,4.0,3.0,0.0,7.0,4.0,10.0,3.0,4.0,6.0,4.0,4.0,2.0,2.0,2.0,348.0,2.0,2.0,2.0,87.0,OpenML_56_vote,OpenML_56_vote,56,vote,435,16,16,0,0.9423,0.9584,,0.94,,4.0,3.0,6.0
1,D_no_mask_pp,False,True,False,False,balanced_acc,val_loss,val_loss,val_bacc,23,B3_D3_K24,0.5465089323124253,0.002757404829487,0.017255033619191,0.0522576907601092,0.0485723848077994,balanced_bce,3,3,24,27,0.8888888888888888,18,23,7.857540216296911,,0.1291,0.9568,0.9614,0.9117,0.9848,0.9646,0.955,0.913,0.9877,161,10,2,105,0.004,0.1421,0.9714,0.9699,0.9397,0.9686,0.9431,0.9699,0.963,0.9767,42,1,1,26,0.0017,0.1896,0.9425,0.9423,0.8802,0.9653,0.9287,0.94,0.9143,0.9615,50,3,2,32,0.0019,0.0,1.0,-1.0,111.0,119.0,-8.0,7.0,9.0,-2.0,73.0,79.0,-6.0,10,17,8,0,7,1,3.0,3.0,3.0,348,3.0,3.0,3.0,87,0.1291,0.9568,0.9614,0.9117,0.9848,0.9646,0.955,0.913,0.9877,161.0,10.0,2.0,105.0,0.0063,0.1421,0.9714,0.9699,0.9397,0.9686,0.9431,0.9699,0.963,0.9767,42.0,1.0,1.0,26.0,0.0027,0.1896,0.9425,0.9423,0.8802,0.9653,0.9287,0.94,0.9143,0.9615,50.0,3.0,2.0,32.0,0.0027,0.0,1.0,-1.0,111.0,119.0,-8.0,7.0,9.0,-2.0,73.0,79.0,-6.0,5.0,8.0,4.0,2.0,4.0,0.0,6.0,5.0,10.0,4.0,2.0,8.0,5.0,5.0,2.068965435028076,2.0,2.0,348.0,2.0804598331451416,2.0,2.0,87.0,OpenML_56_vote,OpenML_56_vote,56,vote,435,16,16,0,0.9423,0.9653,,0.94,,5.0,4.0,8.0
2,A_no_mask_no_pp,False,False,False,False,balanced_acc,val_loss,val_loss,val_bacc,23,B3_D4_K24,0.4879733871373358,0.0327521924452434,0.0050461509116657,0.0740316466335784,0.0986536372434064,balanced_bce,3,4,24,81,0.2962962962962963,18,23,7.450861893594265,,0.1186,0.9568,0.9457,0.9099,0.988,0.9748,0.9535,0.9897,0.9392,170,1,11,96,0.0038,0.1614,0.9571,0.9513,0.9094,0.9832,0.954,0.9545,0.9615,0.9545,42,1,2,25,0.0018,0.2393,0.931,0.9223,0.8546,0.9531,0.9052,0.9268,0.9375,0.9273,51,2,4,30,0.0016,7.0,9.0,-2.0,119.0,128.0,-9.0,-1.0,0.0,-1.0,66.0,71.0,-5.0,20,31,12,3,5,7,3.586206896551724,4.0,4.0,348,3.471264367816092,3.0,4.0,87,,,,,,,,,,,,,,,,,,,,,,,,,,,,,,,,,,,,,,,,,,,,,,,,,,,,,,,,,,,,,,,,,,,,,,,,,,,,,OpenML_56_vote,OpenML_56_vote,56,vote,435,16,16,0,,,,,,,,
2,B_mask_no_pp,True,False,True,False,balanced_acc,val_loss,val_loss,val_bacc,23,B3_D4_K24,0.4879733871373358,0.0327521924452434,0.0050461509116657,0.0740316466335784,0.0986536372434064,balanced_bce,3,4,24,81,0.2962962962962963,18,23,6.587338846176863,,0.1283,0.9712,0.9679,0.9391,0.9918,0.984,0.9695,0.9714,0.9711,168,3,5,102,0.0039,0.1833,0.9429,0.9466,0.8826,0.9815,0.9764,0.9405,0.8966,0.9756,40,3,1,26,0.0018,0.2023,0.954,0.9517,0.9034,0.972,0.9463,0.9517,0.9412,0.9623,51,2,2,32,0.0017,3.0,4.0,-1.0,117.0,128.0,-11.0,1.0,0.0,1.0,70.0,76.0,-6.0,15,25,11,3,8,3,3.698275862068965,4.0,4.0,348,3.67816091954023,4.0,4.0,87,,,,,,,,,,,,,,,,,,,,,,,,,,,,,,,,,,,,,,,,,,,,,,,,,,,,,,,,,,,,,,,,,,,,,,,,,,,,,OpenML_56_vote,OpenML_56_vote,56,vote,435,16,16,0,,,,,,,,
2,C_mask_pp,True,True,True,False,balanced_acc,val_loss,val_loss,val_bacc,23,B3_D4_K24,0.4879733871373358,0.0327521924452434,0.0050461509116657,0.0740316466335784,0.0986536372434064,balanced_bce,3,4,24,81,0.2962962962962963,18,23,6.945511240512133,,0.1283,0.9712,0.9679,0.9391,0.9918,0.984,0.9695,0.9714,0.9711,168,3,5,102,0.0043,0.1833,0.9429,0.9466,0.8826,0.9815,0.9764,0.9405,0.8966,0.9756,40,3,1,26,0.0017,0.2023,0.954,0.9517,0.9034,0.972,0.9463,0.9517,0.9412,0.9623,51,2,2,32,0.0018,3.0,4.0,-1.0,117.0,128.0,-11.0,1.0,0.0,1.0,70.0,76.0,-6.0,15,25,11,3,8,3,3.698275862068965,4.0,4.0,348,3.67816091954023,4.0,4.0,87,0.1283,0.9712,0.9679,0.9391,0.9918,0.984,0.9695,0.9714,0.9711,168.0,3.0,5.0,102.0,0.0067,0.1833,0.9429,0.9466,0.8826,0.9815,0.9764,0.9405,0.8966,0.9756,40.0,3.0,1.0,26.0,0.0037,0.2023,0.954,0.9517,0.9034,0.972,0.9463,0.9517,0.9412,0.9623,51.0,2.0,2.0,32.0,0.0031,3.0,4.0,-1.0,117.0,128.0,-11.0,1.0,0.0,1.0,70.0,76.0,-6.0,8.0,14.0,7.0,4.0,7.0,0.0,11.0,8.0,18.0,7.0,4.0,14.0,8.0,8.0,3.0,3.0,3.0,348.0,3.0,3.0,3.0,87.0,OpenML_56_vote,OpenML_56_vote,56,vote,435,16,16,0,0.9517,0.972,,0.9517,,8.0,7.0,14.0
2,D_no_mask_pp,False,True,False,False,balanced_acc,val_loss,val_loss,val_bacc,23,B3_D4_K24,0.4879733871373358,0.0327521924452434,0.0050461509116657,0.0740316466335784,0.0986536372434064,balanced_bce,3,4,24,81,0.2962962962962963,18,23,7.611390840262175,,0.1186,0.9568,0.9457,0.9099,0.988,0.9748,0.9535,0.9897,0.9392,170,1,11,96,0.0046,0.1614,0.9571,0.9513,0.9094,0.9832,0.954,0.9545,0.9615,0.9545,42,1,2,25,0.0018,0.2393,0.931,0.9223,0.8546,0.9531,0.9052,0.9268,0.9375,0.9273,51,2,4,30,0.0019,7.0,9.0,-2.0,119.0,128.0,-9.0,-1.0,0.0,-1.0,66.0,71.0,-5.0,20,31,12,3,5,7,3.586206896551724,4.0,4.0,348,3.471264367816092,3.0,4.0,87,0.1186,0.9568,0.9457,0.9099,0.988,0.9748,0.9535,0.9897,0.9392,170.0,1.0,11.0,96.0,0.0117,0.1614,0.9571,0.9513,0.9094,0.9832,0.954,0.9545,0.9615,0.9545,42.0,1.0,2.0,25.0,0.0031,0.2393,0.931,0.9223,0.8546,0.9531,0.9052,0.9268,0.9375,0.9273,51.0,2.0,4.0,30.0,0.0037,7.0,9.0,-2.0,119.0,128.0,-9.0,-1.0,0.0,-1.0,66.0,71.0,-5.0,12.0,22.0,11.0,3.0,11.0,0.0,14.0,12.0,25.0,11.0,3.0,22.0,12.0,10.0,3.5862069129943848,4.0,4.0,348.0,3.471264362335205,3.0,4.0,87.0,OpenML_56_vote,OpenML_56_vote,56,vote,435,16,16,0,0.9223,0.9531,,0.9268,,12.0,11.0,22.0
3,A_no_mask_no_pp,False,False,False,False,balanced_acc,val_loss,val_loss,val_bacc,23,B4_D4_K16,0.2331725580099411,0.0320443687436412,0.0389114495320335,0.0076918374092154,0.0639135279852611,balanced_bce,4,4,16,256,0.0625,18,23,12.948786046355965,,0.171,0.9604,0.9643,0.9187,0.9643,0.911,0.9587,0.9211,0.9878,162,9,2,105,0.0417,0.2899,0.9143,0.9165,0.823,0.9165,0.8268,0.9107,0.8621,0.9512,39,4,2,25,0.0016,0.1308,0.977,0.9759,0.9517,0.9759,0.9535,0.9759,0.9706,0.9811,52,1,1,33,0.0017,1.0,0.0,1.0,110.0,123.0,-13.0,8.0,5.0,3.0,72.0,80.0,-8.0,104,140,37,8,2,35,2.589080459770115,3.0,3.0,348,2.6091954022988504,3.0,3.0,87,,,,,,,,,,,,,,,,,,,,,,,,,,,,,,,,,,,,,,,,,,,,,,,,,,,,,,,,,,,,,,,,,,,,,,,,,,,,,OpenML_56_vote,OpenML_56_vote,56,vote,435,16,16,0,,,,,,,,
3,B_mask_no_pp,True,False,True,False,balanced_acc,val_loss,val_loss,val_bacc,23,B4_D4_K16,0.2331725580099411,0.0320443687436412,0.0389114495320335,0.0076918374092154,0.0639135279852611,balanced_bce,4,4,16,256,0.0625,18,23,13.707456808537245,,0.1606,0.9604,0.9643,0.9187,0.981,0.9599,0.9587,0.9211,0.9878,162,9,2,105,0.0176,0.24,0.9143,0.9165,0.823,0.9436,0.9037,0.9107,0.8621,0.9512,39,4,2,25,0.0018,0.141,0.977,0.9759,0.9517,0.9839,0.9786,0.9759,0.9706,0.9811,52,1,1,33,0.0018,1.0,0.0,1.0,110.0,123.0,-13.0,8.0,5.0,3.0,72.0,80.0,-8.0,108,145,38,12,0,38,2.82183908045977,2.0,4.0,348,2.781609195402299,2.0,4.0,87,,,,,,,,,,,,,,,,,,,,,,,,,,,,,,,,,,,,,,,,,,,,,,,,,,,,,,,,,,,,,,,,,,,,,,,,,,,,,OpenML_56_vote,OpenML_56_vote,56,vote,435,16,16,0,,,,,,,,
3,C_mask_pp,True,True,True,False,balanced_acc,val_loss,val_loss,val_bacc,23,B4_D4_K16,0.2331725580099411,0.0320443687436412,0.0389114495320335,0.0076918374092154,0.0639135279852611,balanced_bce,4,4,16,256,0.0625,18,23,13.879340846091509,,0.1606,0.9604,0.9643,0.9187,0.981,0.9599,0.9587,0.9211,0.9878,162,9,2,105,0.0814,0.24,0.9143,0.9165,0.823,0.9436,0.9037,0.9107,0.8621,0.9512,39,4,2,25,0.002,0.141,0.977,0.9759,0.9517,0.9839,0.9786,0.9759,0.9706,0.9811,52,1,1,33,0.0021,1.0,0.0,1.0,110.0,123.0,-13.0,8.0,5.0,3.0,72.0,80.0,-8.0,108,145,38,12,0,38,2.82183908045977,2.0,4.0,348,2.781609195402299,2.0,4.0,87,0.1606,0.9604,0.9643,0.9187,0.981,0.9599,0.9587,0.9211,0.9878,162.0,9.0,2.0,105.0,0.0066,0.24,0.9143,0.9165,0.823,0.9436,0.9037,0.9107,0.8621,0.9512,39.0,4.0,2.0,25.0,0.003,0.141,0.977,0.9759,0.9517,0.9839,0.9786,0.9759,0.9706,0.9811,52.0,1.0,1.0,33.0,0.0029,1.0,0.0,1.0,110.0,123.0,-13.0,8.0,5.0,3.0,72.0,80.0,-8.0,3.0,4.0,2.0,4.0,2.0,0.0,6.0,3.0,8.0,2.0,4.0,4.0,3.0,3.0,1.4109195470809937,1.0,2.0,348.0,1.390804648399353,1.0,2.0,87.0,OpenML_56_vote,OpenML_56_vote,56,vote,435,16,16,0,0.9759,0.9839,,0.9759,,3.0,2.0,4.0
3,D_no_mask_pp,False,True,False,False,balanced_acc,val_loss,val_loss,val_bacc,23,B4_D4_K16,0.2331725580099411,0.0320443687436412,0.0389114495320335,0.0076918374092154,0.0639135279852611,balanced_bce,4,4,16,256,0.0625,18,23,12.67918410897255,,0.171,0.9604,0.9643,0.9187,0.9643,0.911,0.9587,0.9211,0.9878,162,9,2,105,0.1368,0.2899,0.9143,0.9165,0.823,0.9165,0.8268,0.9107,0.8621,0.9512,39,4,2,25,0.0019,0.1308,0.977,0.9759,0.9517,0.9759,0.9535,0.9759,0.9706,0.9811,52,1,1,33,0.0018,1.0,0.0,1.0,110.0,123.0,-13.0,8.0,5.0,3.0,72.0,80.0,-8.0,104,140,37,8,2,35,2.589080459770115,3.0,3.0,348,2.6091954022988504,3.0,3.0,87,0.171,0.9604,0.9643,0.9187,0.9643,0.911,0.9587,0.9211,0.9878,162.0,9.0,2.0,105.0,0.0074,0.2899,0.9143,0.9165,0.823,0.9165,0.8268,0.9107,0.8621,0.9512,39.0,4.0,2.0,25.0,0.0033,0.1308,0.977,0.9759,0.9517,0.9759,0.9535,0.9759,0.9706,0.9811,52.0,1.0,1.0,33.0,0.0035,1.0,0.0,1.0,110.0,123.0,-13.0,8.0,5.0,3.0,72.0,80.0,-8.0,2.0,2.0,1.0,6.0,1.0,0.0,7.0,2.0,8.0,1.0,6.0,2.0,2.0,2.0,1.0,1.0,1.0,348.0,1.0,1.0,1.0,87.0,OpenML_56_vote,OpenML_56_vote,56,vote,435,16,16,0,0.9759,0.9759,,0.9759,,2.0,1.0,2.0
4,A_no_mask_no_pp,False,False,False,False,balanced_acc,val_loss,val_loss,val_bacc,23,B4_D3_K32,0.2293608304222765,0.0385115154462173,0.0075711093752854,0.023550707353097,0.0050762218894984,balanced_bce,4,3,32,64,0.5,18,23,10.595560800284147,,0.1533,0.964,0.9603,0.9239,0.969,0.9412,0.9619,0.9619,0.9653,167,4,6,101,0.004,0.1634,0.9571,0.9651,0.915,0.9819,0.9481,0.9556,0.9,1.0,40,3,0,27,0.0018,0.2471,0.931,0.9276,0.8552,0.9473,0.9046,0.9276,0.9118,0.9434,50,3,3,31,0.0019,3.0,6.0,-3.0,117.0,127.0,-10.0,1.0,1.0,0.0,70.0,74.0,-4.0,21,28,8,1,1,7,2.7298850574712645,3.0,3.0,348,2.7701149425287355,3.0,3.0,87,,,,,,,,,,,,,,,,,,,,,,,,,,,,,,,,,,,,,,,,,,,,,,,,,,,,,,,,,,,,,,,,,,,,,,,,,,,,,OpenML_56_vote,OpenML_56_vote,56,vote,435,16,16,0,,,,,,,,
4,B_mask_no_pp,True,False,True,False,balanced_acc,val_loss,val_loss,val_bacc,23,B4_D3_K32,0.2293608304222765,0.0385115154462173,0.0075711093752854,0.023550707353097,0.0050762218894984,balanced_bce,4,3,32,64,0.5,18,23,9.850821617990732,,0.1561,0.9568,0.9562,0.9093,0.973,0.9419,0.9546,0.9358,0.9704,164,7,5,102,0.0041,0.1874,0.9429,0.9535,0.8888,0.9759,0.9349,0.9411,0.871,1.0,39,4,0,27,0.0017,0.2065,0.9425,0.9423,0.8802,0.9584,0.9206,0.94,0.9143,0.9615,50,3,2,32,0.0016,3.0,5.0,-2.0,114.0,125.0,-11.0,4.0,3.0,1.0,70.0,75.0,-5.0,25,34,10,0,2,8,3.0,3.0,3.0,348,3.0,3.0,3.0,87,,,,,,,,,,,,,,,,,,,,,,,,,,,,,,,,,,,,,,,,,,,,,,,,,,,,,,,,,,,,,,,,,,,,,,,,,,,,,OpenML_56_vote,OpenML_56_vote,56,vote,435,16,16,0,,,,,,,,
4,C_mask_pp,True,True,True,False,balanced_acc,val_loss,val_loss,val_bacc,23,B4_D3_K32,0.2293608304222765,0.0385115154462173,0.0075711093752854,0.023550707353097,0.0050762218894984,balanced_bce,4,3,32,64,0.5,18,23,10.017043437808752,,0.1561,0.9568,0.9562,0.9093,0.973,0.9419,0.9546,0.9358,0.9704,164,7,5,102,0.0044,0.1874,0.9429,0.9535,0.8888,0.9759,0.9349,0.9411,0.871,1.0,39,4,0,27,0.0017,0.2065,0.9425,0.9423,0.8802,0.9584,0.9206,0.94,0.9143,0.9615,50,3,2,32,0.0019,3.0,5.0,-2.0,114.0,125.0,-11.0,4.0,3.0,1.0,70.0,75.0,-5.0,25,34,10,0,2,8,3.0,3.0,3.0,348,3.0,3.0,3.0,87,0.1561,0.9568,0.9562,0.9093,0.973,0.9419,0.9546,0.9358,0.9704,164.0,7.0,5.0,102.0,0.0058,0.1874,0.9429,0.9535,0.8888,0.9759,0.9349,0.9411,0.871,1.0,39.0,4.0,0.0,27.0,0.003,0.2065,0.9425,0.9423,0.8802,0.9584,0.9206,0.94,0.9143,0.9615,50.0,3.0,2.0,32.0,0.0028,3.0,5.0,-2.0,114.0,125.0,-11.0,4.0,3.0,1.0,70.0,75.0,-5.0,8.0,14.0,7.0,0.0,7.0,0.0,7.0,8.0,14.0,7.0,0.0,14.0,8.0,7.0,3.0,3.0,3.0,348.0,3.0,3.0,3.0,87.0,OpenML_56_vote,OpenML_56_vote,56,vote,435,16,16,0,0.9423,0.9584,,0.94,,8.0,7.0,14.0
4,D_no_mask_pp,False,True,False,False,balanced_acc,val_loss,val_loss,val_bacc,23,B4_D3_K32,0.2293608304222765,0.0385115154462173,0.0075711093752854,0.023550707353097,0.0050762218894984,balanced_bce,4,3,32,64,0.5,18,23,10.767896261066198,,0.1533,0.964,0.9603,0.9239,0.969,0.9412,0.9619,0.9619,0.9653,167,4,6,101,0.0039,0.1634,0.9571,0.9651,0.915,0.9819,0.9481,0.9556,0.9,1.0,40,3,0,27,0.0018,0.2471,0.931,0.9276,0.8552,0.9473,0.9046,0.9276,0.9118,0.9434,50,3,3,31,0.0017,3.0,6.0,-3.0,117.0,127.0,-10.0,1.0,1.0,0.0,70.0,74.0,-4.0,21,28,8,1,1,7,2.7298850574712645,3.0,3.0,348,2.7701149425287355,3.0,3.0,87,0.1533,0.964,0.9603,0.9239,0.969,0.9412,0.9619,0.9619,0.9653,167.0,4.0,6.0,101.0,0.0061,0.1634,0.9571,0.9651,0.915,0.9819,0.9481,0.9556,0.9,1.0,40.0,3.0,0.0,27.0,0.003,0.2471,0.931,0.9276,0.8552,0.9473,0.9046,0.9276,0.9118,0.9434,50.0,3.0,3.0,31.0,0.0029,3.0,6.0,-3.0,117.0,127.0,-10.0,1.0,1.0,0.0,70.0,74.0,-4.0,5.0,8.0,4.0,2.0,4.0,0.0,6.0,5.0,10.0,4.0,2.0,8.0,5.0,5.0,2.2385058403015137,2.0,3.0,348.0,2.252873659133911,2.0,3.0,87.0,OpenML_56_vote,OpenML_56_vote,56,vote,435,16,16,0,0.9276,0.9473,,0.9276,,5.0,4.0,8.0
